id,text,anger,disgust,fear,joy,sadness,surprise,language,processed_text
hau_train_track_a_00001,"Kotu Ta Yi Hukunci Kan Shari'ar Zaben Dan Majalisar PDP, Ta Yi Hukuncin Bazata",0,0,0,0,0,1,hau,kotu ta yi hukunci kan shariar zaben dan majalisar pdp ta yi hukuncin bazata
hau_train_track_a_00002,"Toh fah inji 'yan magana suka ce """"""""ana wata ga wata""""""""🤣😂",0,0,0,0,0,1,hau,toh fah inji yan magana suka ce ana wata ga wata🤣😂
hau_train_track_a_00003,Bincike ya nuna yan Najeriya sun fi damuwa da rashin tsaro da talauci fiye da korona,0,0,1,0,1,0,hau,bincike ya nuna yan najeriya sun fi damuwa da rashin tsaro da talauci fiye da korona
hau_train_track_a_00004,Kwamishina Ya Musanta Rahoton Masari Ya Cire Kusan Miliyan N500m Don Tarban Buhari,0,0,0,0,0,0,hau,kwamishina ya musanta rahoton masari ya cire kusan miliyan n500m don tarban buhari
hau_train_track_a_00005,Innalillahi wa inna ilaihir raji'un: Allah ya yi wa mahaifiyar Halima Atete rasuwa,0,0,0,0,1,0,hau,innalillahi wa inna ilaihir rajiun allah ya yi wa mahaifiyar halima atete rasuwa
hau_train_track_a_00006,gsky ne wanan daman temakon allah muke so kuma atiku shine ze zama sila allah yasaka da alheri atiku up up atiku️️,0,0,0,1,0,0,hau,gsky ne wanan daman temakon allah muke so kuma atiku shine ze zama sila allah yasaka da alheri atiku up up atiku️️
hau_train_track_a_00007,Allah Yasa Yadawo Shekanke in banda tsiya miyake tsinanawa Yan Nigeria🙄🙄🙄,1,0,0,0,0,0,hau,allah yasa yadawo shekanke in banda tsiya miyake tsinanawa yan nigeria🙄🙄🙄
hau_train_track_a_00008,Duk abun da zakuyi wlh duniyar gaba daya sai kunbarta bama mulkin kadai ba marasa kishi kawai komai baku kirkiraras sai idan wani sha'ani na addininku yazo azzaluman ban da akayi edi dai sai munyi muga aban da zai hana mu☹️☹️☹️☹️ boss mustapha kake ko wa😞,1,0,0,0,0,0,hau,duk abun da zakuyi wlh duniyar gaba daya sai kunbarta bama mulkin kadai ba marasa kishi kawai komai baku kirkiraras sai idan wani shaani na addininku yazo azzaluman ban da akayi edi dai sai munyi muga aban da zai hana mu☹️☹️☹️☹️ boss mustapha kake ko wa😞
hau_train_track_a_00009,abun mamaki bata karewah,0,0,0,0,0,1,hau,abun mamaki bata karewah
hau_train_track_a_00010,Ramadan: Kalli yadda Sarkin Kano yake karatun Al-Qur’ani a Masallacin Annabi (SA.W),0,0,0,0,0,1,hau,ramadan kalli yadda sarkin kano yake karatun alqur’ani a masallacin annabi saw
hau_train_track_a_00011,allah yajikanshi allah yagafarta mashi allah yasa karshen wahalar kenan dasauran musulmi,0,0,0,0,1,0,hau,allah yajikanshi allah yagafarta mashi allah yasa karshen wahalar kenan dasauran musulmi
hau_train_track_a_00012,"Yaron yayi kashi a pampas din sa, kuma bata dauke ba, yana nan tsakar ɗaki.",0,1,0,0,0,0,hau,yaron yayi kashi a pampas din sa kuma bata dauke ba yana nan tsakar ɗaki
hau_train_track_a_00013,"Keƙe da ƙeƙe: Bayan janye takara, Adamu Garba ya fidda sunayen wadanda suka tara masa N83.2m",0,0,0,0,0,1,hau,keƙe da ƙeƙe bayan janye takara adamu garba ya fidda sunayen wadanda suka tara masa n832m
hau_train_track_a_00014,duk sanda naga irin wannan labari ina murna da kokarin irin wanna mutane sannan ina tausayawa shugabanninmu domin yawancin su basa tsoron haduwa da ubangijinmu allah ya isar mana,1,0,0,1,1,0,hau,duk sanda naga irin wannan labari ina murna da kokarin irin wanna mutane sannan ina tausayawa shugabanninmu domin yawancin su basa tsoron haduwa da ubangijinmu allah ya isar mana
hau_train_track_a_00015,shege ka fasadan yarinya munjima muna jinka karka fasa kaji,1,0,0,0,0,0,hau,shege ka fasadan yarinya munjima muna jinka karka fasa kaji
hau_train_track_a_00016,Zasuci broubansune 😡😢😡😢 jahilai na asara,1,0,0,0,0,0,hau,zasuci broubansune 😡😢😡😢 jahilai na asara
hau_train_track_a_00017,allah duk wanda yakawoma musulunci wannan allah kayimuna maganin su bakidaya,0,0,1,0,0,0,hau,allah duk wanda yakawoma musulunci wannan allah kayimuna maganin su bakidaya
hau_train_track_a_00018,"TO ALLAH SUBHANAHU WATA'ALA YADUBEMU DA IDON RAHMA YAKAWOMANA KARSHEN WANNAN TA'ADDANCIN, YAHAYYU YA QAYYOOM. 👌👏👏👏",0,0,1,0,1,0,hau,to allah subhanahu wataala yadubemu da idon rahma yakawomana karshen wannan taaddancin yahayyu ya qayyoom 👌👏👏👏
hau_train_track_a_00019,alhamdullilah albarkan dake ciki allah ya hada mu dashi allah yayi mana jagora yayi riko da hannayenmu wajen aikata alheri allah ya karbi ibadunmu ya yafe mana zunubanmu ya bamu hakuri da juriya wajen yin ibada ameen,0,0,0,0,0,0,hau,alhamdullilah albarkan dake ciki allah ya hada mu dashi allah yayi mana jagora yayi riko da hannayenmu wajen aikata alheri allah ya karbi ibadunmu ya yafe mana zunubanmu ya bamu hakuri da juriya wajen yin ibada ameen
hau_train_track_a_00020,Hhhhhhh kuna wuta yanzu naija 🇳🇬 🇳🇬,0,0,0,1,0,0,hau,hhhhhhh kuna wuta yanzu naija 🇳🇬 🇳🇬
hau_train_track_a_00021,zakaci kutumar ubanka wallahi idan lawakiri ya kama ka,1,1,0,0,0,0,hau,zakaci kutumar ubanka wallahi idan lawakiri ya kama ka
hau_train_track_a_00022,"Tun muna yara muke wasan ango da amarya, sai gashi Allah ya hada aurenmu yanzu - Amarya ta bada tarihin rayuwarsu",0,0,0,1,0,1,hau,tun muna yara muke wasan ango da amarya sai gashi allah ya hada aurenmu yanzu amarya ta bada tarihin rayuwarsu
hau_train_track_a_00023,Kwarkwata na fadowa daga gashin mahaukachin.,0,1,0,0,0,0,hau,kwarkwata na fadowa daga gashin mahaukachin
hau_train_track_a_00024,Buhari ya nada Karebo Samson a matsayin mukaddashin kwanturola Janar na hukumar kashe gobara,0,0,0,1,0,0,hau,buhari ya nada karebo samson a matsayin mukaddashin kwanturola janar na hukumar kashe gobara
hau_train_track_a_00025,Haka su Kace kina da girman kae idan kikayi post mutum yayi maki comment bakya reply bara naga da gaske suke Kokuma Karya suke 🤔🤔🤔,0,0,0,0,0,0,hau,haka su kace kina da girman kae idan kikayi post mutum yayi maki comment bakya reply bara naga da gaske suke kokuma karya suke 🤔🤔🤔
hau_train_track_a_00026,Masari ya baiwa masu garkuwa sa’o’i 48 su saki mutanen da suka sace ko su fuskanci fushin sa,1,0,0,0,0,0,hau,masari ya baiwa masu garkuwa sa’o’i 48 su saki mutanen da suka sace ko su fuskanci fushin sa
hau_train_track_a_00027,"Na matsu sosai, zan biya sadaki kuma zan ɗau nauyin komai, Wata kyakkyawar budurwa na neman mijin Aure",0,0,0,0,1,0,hau,na matsu sosai zan biya sadaki kuma zan ɗau nauyin komai wata kyakkyawar budurwa na neman mijin aure
hau_train_track_a_00028,Haba rahama me akayi akayi 550 keda ynx zaki iya mai da ninki ninkin ta ! Wuyar ta ki bada qofane pha wani ya shiga shikenan 😩,0,1,0,0,0,1,hau,haba rahama me akayi akayi 550 keda ynx zaki iya mai da ninki ninkin ta wuyar ta ki bada qofane pha wani ya shiga shikenan 😩
hau_train_track_a_00029,Allah kawo mana saukin wannan musiba🙏🏽,0,0,1,0,0,0,hau,allah kawo mana saukin wannan musiba🙏🏽
hau_train_track_a_00030,kuci Uwar mutumin nan kawai Babaa! Ya matsa maku 😭 ##URL##,1,0,0,0,0,0,hau,kuci uwar mutumin nan kawai babaa ya matsa maku 😭 url
hau_train_track_a_00031,alhamdulillah wlh nafi jin kowa dadi because dama sometimes sabo sukeyi,0,0,0,1,0,0,hau,alhamdulillah wlh nafi jin kowa dadi because dama sometimes sabo sukeyi
hau_train_track_a_00032,"Kujerun nan duk Gara tabi ta cinye katako, yadikan jiki duk sun fashe, kana zama ƙura zata biyo kayanka",0,1,0,0,0,0,hau,kujerun nan duk gara tabi ta cinye katako yadikan jiki duk sun fashe kana zama ƙura zata biyo kayanka
hau_train_track_a_00033,bansan meh yasa baamma duk lokacin da naga hoton mutumin nan seh zuciyata ta tsinke,0,0,0,0,1,0,hau,bansan meh yasa baamma duk lokacin da naga hoton mutumin nan seh zuciyata ta tsinke
hau_train_track_a_00034,An sayar mana da 'yancinmu': Wasu sojoji sun yi Allah-wadai da Buratai,1,1,0,0,0,0,hau,an sayar mana da yancinmu wasu sojoji sun yi allahwadai da buratai
hau_train_track_a_00035,Beran da mage ta kashe a daki tsutsa ta baibaye shi tana cin namansa,0,1,0,0,0,0,hau,beran da mage ta kashe a daki tsutsa ta baibaye shi tana cin namansa
hau_train_track_a_00036,"Sama da Kashi 75% Na Yan Najeriya Basa Jin Daɗin Gwamnatin Buhari, Sanatan APC",1,0,0,0,1,0,hau,sama da kashi 75 na yan najeriya basa jin daɗin gwamnatin buhari sanatan apc
hau_train_track_a_00037,Akwai damuwa fa😰 Allah shi yaye mana waɗan ga lalura,0,0,1,0,1,0,hau,akwai damuwa fa😰 allah shi yaye mana waɗan ga lalura
hau_train_track_a_00038,allah ya yaye mn musiba amma f n hango wasu en yara,0,0,1,0,0,0,hau,allah ya yaye mn musiba amma f n hango wasu en yara
hau_train_track_a_00039,Sheikh Dahiru Bauchi ya bayyana babban sirrinsa na haddar Al-Qur'ani,0,0,0,1,0,0,hau,sheikh dahiru bauchi ya bayyana babban sirrinsa na haddar alqurani
hau_train_track_a_00040,Mutane 2 sun sheka barzahu bayan gamuwa da ajalinsu a cikin ruwan Kano,0,0,0,0,1,0,hau,mutane 2 sun sheka barzahu bayan gamuwa da ajalinsu a cikin ruwan kano
hau_train_track_a_00041,🤔 abin alajabi be karewa a kasata Nigeria,0,0,0,0,0,1,hau,🤔 abin alajabi be karewa a kasata nigeria
hau_train_track_a_00042,"Ikon Allah 🤔director meh kake nufi,kar dai kace mahmud din take aure dai😲😲",0,0,0,0,0,1,hau,ikon allah 🤔director meh kake nufikar dai kace mahmud din take aure dai😲😲
hau_train_track_a_00043,Ku ma baku yadda ba kenan? 😊,0,0,0,0,0,0,hau,ku ma baku yadda ba kenan 😊
hau_train_track_a_00044,Bidiyon Shugaban Kasan South Sudan Yana Fitsari A Wando Ana Tsakiyar Taro,0,1,0,0,0,0,hau,bidiyon shugaban kasan south sudan yana fitsari a wando ana tsakiyar taro
hau_train_track_a_00045,Shekara dubu arba'in har da uku fa kuka ce😲?,0,0,0,0,0,1,hau,shekara dubu arbain har da uku fa kuka ce😲
hau_train_track_a_00046,Bidiyon matasan da suka shiga hannu yayin da suke kokarin yin asirin kudi da wata budurwa,0,1,0,0,0,0,hau,bidiyon matasan da suka shiga hannu yayin da suke kokarin yin asirin kudi da wata budurwa
hau_train_track_a_00047,"Alhamdulillah na samu lafiya, mun kusa hadari cikin hazo - Aisha Buhari ta yi maganarta na farko",0,0,0,1,0,0,hau,alhamdulillah na samu lafiya mun kusa hadari cikin hazo aisha buhari ta yi maganarta na farko
hau_train_track_a_00048,Kulu Allah wadai shi kene kawai 🤔,0,0,0,0,1,0,hau,kulu allah wadai shi kene kawai 🤔
hau_train_track_a_00049,Tashin hankali anyiwa uwar kortoh fyade yace mama rike min wando na yau daga makwafta za'a Fara🤣🤣 #Ranar_hausa,0,0,0,1,0,0,hau,tashin hankali anyiwa uwar kortoh fyade yace mama rike min wando na yau daga makwafta zaa fara🤣🤣 ranarhausa
hau_train_track_a_00050,Ashe kinsan waye king 👑,0,0,0,0,0,1,hau,ashe kinsan waye king 👑
hau_train_track_a_00051,"Idan har wannan labarin haka yake toh zaman Zina zasu, A haifi Yayan zina kuma..Allah kada ka jarrabemu da Wayewa wadda zata fitine mu cikin addininmu🙏Wannan karshen jahilaci da lalacewa Kenan subhanallah.",1,1,0,0,1,0,hau,idan har wannan labarin haka yake toh zaman zina zasu a haifi yayan zina kumaallah kada ka jarrabemu da wayewa wadda zata fitine mu cikin addininmu🙏wannan karshen jahilaci da lalacewa kenan subhanallah
hau_train_track_a_00052,zancan banxa zancan isakamudai kawai allah ya isa zamuce,1,0,0,0,0,0,hau,zancan banxa zancan isakamudai kawai allah ya isa zamuce
hau_train_track_a_00053,inyeee atayamu murna saura kadan kasar mu tazama kmr dubai tunda ga sunan ma kamr na yan biyu,0,0,0,1,0,0,hau,inyeee atayamu murna saura kadan kasar mu tazama kmr dubai tunda ga sunan ma kamr na yan biyu
hau_train_track_a_00054,Bidiyon fitaccen Faston Najeriya yana karanta ayoyin Alkur'ani mai girma,0,0,0,0,0,1,hau,bidiyon fitaccen faston najeriya yana karanta ayoyin alkurani mai girma
hau_train_track_a_00055,Allah mai iko: Yadda mata ta haihu bayan shekaru 10 da daukar ciki,0,0,0,0,0,1,hau,allah mai iko yadda mata ta haihu bayan shekaru 10 da daukar ciki
hau_train_track_a_00056,Buhari ya aike wa Sarkin Jordan wasikar son barka,0,0,0,1,0,0,hau,buhari ya aike wa sarkin jordan wasikar son barka
hau_train_track_a_00057,Ya Allah kai mana maganin muta nennan dan Girman ka kafimu sanin ta wacce hanya xaka biyo musu Allah kana gani Allah ka bi mana hiqqin mu Amin 😭😭😭😭😭,0,0,1,0,1,0,hau,ya allah kai mana maganin muta nennan dan girman ka kafimu sanin ta wacce hanya xaka biyo musu allah kana gani allah ka bi mana hiqqin mu amin 😭😭😭😭😭
hau_train_track_a_00058,"Don jaraba yaro ba ƙashi har a cikin madafi, kana jawo kwabo suna biyo hannunka",0,0,0,0,0,0,hau,don jaraba yaro ba ƙashi har a cikin madafi kana jawo kwabo suna biyo hannunka
hau_train_track_a_00059,BBC me kuma ya faru?? 🙆🙆,0,0,0,0,0,1,hau,bbc me kuma ya faru 🙆🙆
hau_train_track_a_00060,ya gama shasshafesu a waje ya game rungumesu sannan zai yi mana wani maganar sunnah munafukin banza munafukin wofi hian,1,0,0,0,1,0,hau,ya gama shasshafesu a waje ya game rungumesu sannan zai yi mana wani maganar sunnah munafukin banza munafukin wofi hian
hau_train_track_a_00061,"Malam yasha giyan tsamiya tana nunamai hauka,😂",0,0,0,0,1,0,hau,malam yasha giyan tsamiya tana nunamai hauka😂
hau_train_track_a_00062,"Uba Ya Fusata, Ya Garkame Shagon Diyarsa da Ta Ki Tafiya Italiya Yawon Karuwanci",1,1,0,0,0,0,hau,uba ya fusata ya garkame shagon diyarsa da ta ki tafiya italiya yawon karuwanci
hau_train_track_a_00063,kutttt wai dama bai da aure,0,0,0,0,0,1,hau,kutttt wai dama bai da aure
hau_train_track_a_00064,Wata sabuwa: Matan Najeriya sun zo na 15 a jerin matan da suka fi iskanci a duniya a kasashen duniya,0,0,0,0,1,0,hau,wata sabuwa matan najeriya sun zo na 15 a jerin matan da suka fi iskanci a duniya a kasashen duniya
hau_train_track_a_00065,a ina yaushe su waye su ina aka birnesu zaku maimaita da larabci wlh,1,0,0,0,0,0,hau,a ina yaushe su waye su ina aka birnesu zaku maimaita da larabci wlh
hau_train_track_a_00066,shi a abuja akabarshi kenan,0,0,0,0,0,1,hau,shi a abuja akabarshi kenan
hau_train_track_a_00067,Banza irinki wawuya bokon ki na banza ne🙄🙄,1,0,0,0,0,0,hau,banza irinki wawuya bokon ki na banza ne🙄🙄
hau_train_track_a_00068,😂😂 Har da hararanshi ko? Bari ya cireka wlhi,0,0,0,0,0,0,hau,😂😂 har da hararanshi ko bari ya cireka wlhi
hau_train_track_a_00069,😭Allah yasa mugama da dunia lfy. Kai kuma Allah kara lfy,0,0,0,0,1,0,hau,😭allah yasa mugama da dunia lfy kai kuma allah kara lfy
hau_train_track_a_00070,Amfani 8 na ruman ga lafiyar ɗan Adam,0,0,0,1,0,0,hau,amfani 8 na ruman ga lafiyar ɗan adam
hau_train_track_a_00071,Tou su wanne suke a qauye basu da account talk less of BVN ya zaayi dasu? 🤔,0,0,0,0,0,1,hau,tou su wanne suke a qauye basu da account talk less of bvn ya zaayi dasu 🤔
hau_train_track_a_00072,Allah Ya yi wa dankashi Mai Kukuma rasuwa,0,0,0,0,1,0,hau,allah ya yi wa dankashi mai kukuma rasuwa
hau_train_track_a_00073,"Budurwa ta kalubalanci mutane da su shiga gasar rubutu mai kyau, ta wallafa hoton littafinta",0,0,0,0,0,0,hau,budurwa ta kalubalanci mutane da su shiga gasar rubutu mai kyau ta wallafa hoton littafinta
hau_train_track_a_00074,muna yimaka fatan alheri baba buhari,0,0,0,1,0,0,hau,muna yimaka fatan alheri baba buhari
hau_train_track_a_00075,Kai Jama’a gwamnan namu😂😅 wai suma sai da suka wanki gara,0,0,0,1,0,1,hau,kai jama’a gwamnan namu😂😅 wai suma sai da suka wanki gara
hau_train_track_a_00076,Allah sarki Tani su yaya Dan Kwambo sun kassara ta😭,0,0,0,0,1,0,hau,allah sarki tani su yaya dan kwambo sun kassara ta😭
hau_train_track_a_00077,"Allah ya kyauta: 'Yan Bindiga sun hari gidan Sarki a jihar Sokoto, sun kashe dogari sun kuma yi awon gaba da kanin Sarkin",0,0,1,0,1,0,hau,allah ya kyauta yan bindiga sun hari gidan sarki a jihar sokoto sun kashe dogari sun kuma yi awon gaba da kanin sarkin
hau_train_track_a_00078,🤣🤣tirkashi Kasuwar madamfara zata mutu,0,0,0,0,0,1,hau,🤣🤣tirkashi kasuwar madamfara zata mutu
hau_train_track_a_00079,"Cikin kwanaki 4 ku mika wuya ko ku fuskanci fushin gwamnati, Matawalle ga 'yan bindiga",1,0,0,0,0,0,hau,cikin kwanaki 4 ku mika wuya ko ku fuskanci fushin gwamnati matawalle ga yan bindiga
hau_train_track_a_00080,Allah ya kawo sauki Dama ana mata kirari Tadabo tunbin giwa Koda mai kazo an fika Bashakka kano zata iya zama ta daya anawa hasashen Allah ya kawomana karshen wannan annoba bar😢😢😢😢😢😢😢😢,0,0,1,0,1,0,hau,allah ya kawo sauki dama ana mata kirari tadabo tunbin giwa koda mai kazo an fika bashakka kano zata iya zama ta daya anawa hasashen allah ya kawomana karshen wannan annoba bar😢😢😢😢😢😢😢😢
hau_train_track_a_00081,Tatsuniya kenan 😂😂🤣🤣😘😘 wai kayan yan kasuwa Allah dea wadaran naka ya lalace wato kai kaine baka tsoran Allah shiyasa suka turoka kayi bayani,1,0,0,0,1,0,hau,tatsuniya kenan 😂😂🤣🤣😘😘 wai kayan yan kasuwa allah dea wadaran naka ya lalace wato kai kaine baka tsoran allah shiyasa suka turoka kayi bayani
hau_train_track_a_00082,Shegu bbc!! 🤣 Wai beji dadi ba ko uban waye ya gayamuku haka?,1,0,0,0,0,0,hau,shegu bbc 🤣 wai beji dadi ba ko uban waye ya gayamuku haka
hau_train_track_a_00083,so yanxu dai mutu ba kenan yana nan da ransa ‍️,0,0,0,0,0,1,hau,so yanxu dai mutu ba kenan yana nan da ransa ‍️
hau_train_track_a_00084,Alhmdlh muyi farin ciki kamar yadda kuka kammala wannan shiri mae dogon xango lpy allah yabamu ikon kala lpy allah yasa muna cikin masu rayuwa kuma munawa kowa da yabada gudun muwa acikin wannan fatan alkhairi daga mal.aminu saira harxuwa ma aikatan shirin🙏,0,0,0,1,0,0,hau,alhmdlh muyi farin ciki kamar yadda kuka kammala wannan shiri mae dogon xango lpy allah yabamu ikon kala lpy allah yasa muna cikin masu rayuwa kuma munawa kowa da yabada gudun muwa acikin wannan fatan alkhairi daga malaminu saira harxuwa ma aikatan shirin🙏
hau_train_track_a_00085,"Allah ya jikan malam, Allah ya kai haske kabarin sa, Allah ya hada fuskokin mu a jannatul Firdaus 🤲🏻🤲🏻🤲🏻🤲🏻",0,0,0,0,1,0,hau,allah ya jikan malam allah ya kai haske kabarin sa allah ya hada fuskokin mu a jannatul firdaus 🤲🏻🤲🏻🤲🏻🤲🏻
hau_train_track_a_00086,Yanzu-yanzu: Fusatattun matasa sun kone ofishin Yan sanda a Katsina (Hotuna),1,0,0,0,0,0,hau,yanzuyanzu fusatattun matasa sun kone ofishin yan sanda a katsina hotuna
hau_train_track_a_00087,da meye zaa tantance yawan yayan nasa,0,0,0,0,0,1,hau,da meye zaa tantance yawan yayan nasa
hau_train_track_a_00088,Tsarabar juma'a: Abubuwa 5 da ya kamata ku sani game da kabarin Annabi Muhammad SAW,0,0,0,1,0,0,hau,tsarabar jumaa abubuwa 5 da ya kamata ku sani game da kabarin annabi muhammad saw
hau_train_track_a_00089,Waga DUNIYA 🌎👈 allah yasa mutashi daga cikinta lafiya zamani kenan 🤔🤔🤔,0,0,1,0,0,0,hau,waga duniya 🌎👈 allah yasa mutashi daga cikinta lafiya zamani kenan 🤔🤔🤔
hau_train_track_a_00090,"Almubazzaranci tsantsa, wannan kwalliya Baata wuce awa bakwai (7) an wanke ta an koma Kama(look) na asali. 😂. Abun mamaki kuma shine Kashi tamanin (80%) na maza irin wannan kwalliya ta (make up) Bata burgesu.",1,0,0,0,0,1,hau,almubazzaranci tsantsa wannan kwalliya baata wuce awa bakwai 7 an wanke ta an koma kamalook na asali 😂 abun mamaki kuma shine kashi tamanin 80 na maza irin wannan kwalliya ta make up bata burgesu
hau_train_track_a_00091,Ya fada cikin masai,0,1,0,0,0,0,hau,ya fada cikin masai
hau_train_track_a_00092,"Yayi sallah,sannan yayi dawafi,ya sha zam-zam,bagaruwa da dabino idan ya samu kaza kada ya saurara mata,bayan ya gama sai ya siyi jallabiya ya dawo kasar sa ta haihuwa ya ci gaba da haquri😂😂😂",0,0,0,1,0,0,hau,yayi sallahsannan yayi dawafiya sha zamzambagaruwa da dabino idan ya samu kaza kada ya saurara matabayan ya gama sai ya siyi jallabiya ya dawo kasar sa ta haihuwa ya ci gaba da haquri😂😂😂
hau_train_track_a_00093,Banɗakin asibitin baya shiguwa saboda ko Ina kashi ne a ƙasa yana warin tsiya.,0,1,0,0,0,0,hau,banɗakin asibitin baya shiguwa saboda ko ina kashi ne a ƙasa yana warin tsiya
hau_train_track_a_00094,"Allah ka bamu mata na gari: Bayan shafe shekara 10 yana wahala da yaron tun yana jariri har ya girma, mahaifin ya gano cewa ashe yaron ba nashi bane",0,0,0,0,1,1,hau,allah ka bamu mata na gari bayan shafe shekara 10 yana wahala da yaron tun yana jariri har ya girma mahaifin ya gano cewa ashe yaron ba nashi bane
hau_train_track_a_00095,Intanet kalmar Hausa ce? 🤔,0,0,0,0,0,1,hau,intanet kalmar hausa ce 🤔
hau_train_track_a_00096,"Jawabin Tinubu Bata Lokaci Da Yaudara Ne Kawai, Atiku Ya Caccaki Shugaban Kasa",1,0,0,0,1,0,hau,jawabin tinubu bata lokaci da yaudara ne kawai atiku ya caccaki shugaban kasa
hau_train_track_a_00097,Su kam ai basu ki kowa ya mutu ba saboda su samu kudin shiga😁,0,0,0,0,1,0,hau,su kam ai basu ki kowa ya mutu ba saboda su samu kudin shiga😁
hau_train_track_a_00098,Allah mai iko akuya ta haifi dodo bayan an yi mata tiyata,0,0,0,0,0,1,hau,allah mai iko akuya ta haifi dodo bayan an yi mata tiyata
hau_train_track_a_00099,Uwar gidan sa ta bashi ruwan kashi yasha,0,1,0,0,0,0,hau,uwar gidan sa ta bashi ruwan kashi yasha
hau_train_track_a_00100,"Ku cire ni daga bakinku: Maishadda bai yaudare ni ba, babu komai tsakaninmu – Aisha Humaira",0,0,0,0,0,0,hau,ku cire ni daga bakinku maishadda bai yaudare ni ba babu komai tsakaninmu – aisha humaira
hau_train_track_a_00101,Dubun wani babban fasto mai tsafi da kananan yara ta cika (Hotuna),0,1,0,1,0,0,hau,dubun wani babban fasto mai tsafi da kananan yara ta cika hotuna
hau_train_track_a_00102,"Ladduban da ake bi Allah ya amsa addu'a, Sheikh Aminu Daurawa",0,0,0,0,0,0,hau,ladduban da ake bi allah ya amsa addua sheikh aminu daurawa
hau_train_track_a_00103,Toh! Allah ka tsare mu daga wannan musibar🤲,0,0,1,0,0,0,hau,toh allah ka tsare mu daga wannan musibar🤲
hau_train_track_a_00104,"Buhari, Gwamnonin Arewa sun sa labule a Aso Villa a kan matsalar rashin tsaro",0,0,0,1,0,0,hau,buhari gwamnonin arewa sun sa labule a aso villa a kan matsalar rashin tsaro
hau_train_track_a_00105,"Baku isa ku tilasta mana mu baku shugabancin Najeriya ba, El-Rufa'i ya fadawa Gwamnonin Kudu",1,0,0,0,0,0,hau,baku isa ku tilasta mana mu baku shugabancin najeriya ba elrufai ya fadawa gwamnonin kudu
hau_train_track_a_00106,"""Na Gode Wa Allah An Kama Mu"", Mai Garkuwa Bayan Yan Sanda Sun Kama Shi",0,0,0,1,0,1,hau,na gode wa allah an kama mu mai garkuwa bayan yan sanda sun kama shi
hau_train_track_a_00107,"Dan Allah ku taya ni da addu’ar samun lafiya, Olisa Metuh ya roki ‘yan Najeriya",0,0,0,0,1,0,hau,dan allah ku taya ni da addu’ar samun lafiya olisa metuh ya roki ‘yan najeriya
hau_train_track_a_00108,Sojoji a bariki na farin ciki da shewa yayinda suka samun labarin sallaman Buratai da sauran hafsoshin tsaro,0,0,0,1,0,0,hau,sojoji a bariki na farin ciki da shewa yayinda suka samun labarin sallaman buratai da sauran hafsoshin tsaro
hau_train_track_a_00109,wannan zancen banzane yakeyi ️️️,1,0,0,0,0,0,hau,wannan zancen banzane yakeyi ️️️
hau_train_track_a_00110,Jerin Koci 8 da aka sallama daga aiki yayin da Cristiano Ronaldo ke taka leda a karkashinsu,0,0,0,0,0,0,hau,jerin koci 8 da aka sallama daga aiki yayin da cristiano ronaldo ke taka leda a karkashinsu
hau_train_track_a_00111,Baba wanka kawai kake diba a Villa amma bai san ma abin da ke faruwa a Nigeria 🇳🇬 ba ko kadan 🤔,1,0,0,0,1,0,hau,baba wanka kawai kake diba a villa amma bai san ma abin da ke faruwa a nigeria 🇳🇬 ba ko kadan 🤔
hau_train_track_a_00112,Kaii wlhy qarya kuke 😂 masu cin dadi sunfi kowa yawan jima’i,0,0,0,0,0,0,hau,kaii wlhy qarya kuke 😂 masu cin dadi sunfi kowa yawan jima’i
hau_train_track_a_00113,kai jamaa allah kayi mana maganin masifa,0,0,1,0,1,0,hau,kai jamaa allah kayi mana maganin masifa
hau_train_track_a_00114,"Yanzu-yanzu: Allah ya yi wa Dan Iyan Kano, Alhaji Yusuf Bayero rasuwa",0,0,0,0,1,0,hau,yanzuyanzu allah ya yi wa dan iyan kano alhaji yusuf bayero rasuwa
hau_train_track_a_00115,An kashe wani matashi da ya nuna farin cikinsa da kisan da yan ta’adda suka yi ma janar Alkali a garin Jos,0,0,0,0,1,1,hau,an kashe wani matashi da ya nuna farin cikinsa da kisan da yan ta’adda suka yi ma janar alkali a garin jos
hau_train_track_a_00116,ita dai wannan taga kanta duk pictures din da nike gani nata duk babu na dabia wani na ganta dana miji wani kuma kaya neh a jikinta amma kamar tsirara please wai wacece wannan,0,1,0,0,0,0,hau,ita dai wannan taga kanta duk pictures din da nike gani nata duk babu na dabia wani na ganta dana miji wani kuma kaya neh a jikinta amma kamar tsirara please wai wacece wannan
hau_train_track_a_00117,aslm fatima douboun gaisuwa dafatan alhéri dafatan kin wini lfy gaskiya mouna jindadin akuchi da rufi sosai allah ya kara basira sunana hassan,0,0,0,1,0,0,hau,aslm fatima douboun gaisuwa dafatan alhéri dafatan kin wini lfy gaskiya mouna jindadin akuchi da rufi sosai allah ya kara basira sunana hassan
hau_train_track_a_00118,Tana al'ada ta cire audugar jini tayi kacha-kacha da bandakin,0,1,0,0,0,0,hau,tana alada ta cire audugar jini tayi kachakacha da bandakin
hau_train_track_a_00119,Abu kamar wasa: Zakuna sun cinye mutumin da ya raine su tun suna yara a lokacin da suke wasa da shi,0,0,0,0,0,1,hau,abu kamar wasa zakuna sun cinye mutumin da ya raine su tun suna yara a lokacin da suke wasa da shi
hau_train_track_a_00120,Ina tayata murna mahakurci mawadace 😊😊😊,0,0,0,1,0,0,hau,ina tayata murna mahakurci mawadace 😊😊😊
hau_train_track_a_00121,ya allah ka kawo mana ƙarshen wannan balai,0,0,1,0,1,0,hau,ya allah ka kawo mana ƙarshen wannan balai
hau_train_track_a_00122,Ai be kyauta ba....mutanen Zamfara be daukesu a bakin komi ba....kodan next level ne....expect the unexpected😎.....Allah yakawo mana karshen wannan musibar a koina🙏,0,0,0,0,1,0,hau,ai be kyauta bamutanen zamfara be daukesu a bakin komi bakodan next level neexpect the unexpected😎allah yakawo mana karshen wannan musibar a koina🙏
hau_train_track_a_00123,Hadiza El-Rufai na son mace ta gaji Sarkin Zazzau Shehu Idris,0,0,0,0,0,0,hau,hadiza elrufai na son mace ta gaji sarkin zazzau shehu idris
hau_train_track_a_00124,"Riɓaɓen mushen da ke kan hanya, har ya fara tsutsa",0,1,0,0,0,0,hau,riɓaɓen mushen da ke kan hanya har ya fara tsutsa
hau_train_track_a_00125,kai kalli mutanen arewa abun farin ciki yasamu amma kalli like yayi karanci amma da abun sukan shugaban kasa daga likes dayawato allah yasaka da alheri shugaba buhari,0,0,0,0,0,1,hau,kai kalli mutanen arewa abun farin ciki yasamu amma kalli like yayi karanci amma da abun sukan shugaban kasa daga likes dayawato allah yasaka da alheri shugaba buhari
hau_train_track_a_00126,Sojoji sun kashe ’yan Boko Haram 16 a Borno,0,0,0,1,0,0,hau,sojoji sun kashe ’yan boko haram 16 a borno
hau_train_track_a_00127,Irin Alherin da Muke Samu A Sana'ar Bola,0,0,0,1,0,0,hau,irin alherin da muke samu a sanaar bola
hau_train_track_a_00128,Kanta wari yake yi saboda kurajen kanta sunyi ruwa har sun zama gyambo,0,1,0,0,0,0,hau,kanta wari yake yi saboda kurajen kanta sunyi ruwa har sun zama gyambo
hau_train_track_a_00129,Jonathan ya fusata saboda rashin daukar nauyin Kiristoci masu ziyara a Arewa,1,0,0,0,0,0,hau,jonathan ya fusata saboda rashin daukar nauyin kiristoci masu ziyara a arewa
hau_train_track_a_00130,Buhari ya halarci bikin taya Nijar murnar cika shekaru 60 da zama Jamhuriya,0,0,0,1,0,0,hau,buhari ya halarci bikin taya nijar murnar cika shekaru 60 da zama jamhuriya
hau_train_track_a_00131,Mutanen daji sun samo rubabben biri suna ci,0,1,0,0,0,0,hau,mutanen daji sun samo rubabben biri suna ci
hau_train_track_a_00132,Ina ga Nigeria nan gaba Dan north Korea 🇰🇷 zamu je mu dauko yazo ya mulke kawai musha wahalan kowa ya gyaru,1,0,0,0,1,0,hau,ina ga nigeria nan gaba dan north korea 🇰🇷 zamu je mu dauko yazo ya mulke kawai musha wahalan kowa ya gyaru
hau_train_track_a_00133,"Wani malalacin Maigida ya gamu da fushin Uwargida, ta kwance masa zani cikin kasuwa",1,0,0,0,0,1,hau,wani malalacin maigida ya gamu da fushin uwargida ta kwance masa zani cikin kasuwa
hau_train_track_a_00134,Ta kwara amaı a jikin sabbin kayan sa.,0,1,0,0,0,0,hau,ta kwara amaı a jikin sabbin kayan sa
hau_train_track_a_00135,Ran maza ya bace🙆🏻‍♂️,1,0,1,0,0,0,hau,ran maza ya bace🙆🏻‍♂️
hau_train_track_a_00136,Wajen taron ya cika da warin hammatar gardawa,0,1,0,0,0,0,hau,wajen taron ya cika da warin hammatar gardawa
hau_train_track_a_00137,Kamata yayi ace a fara gwajin akansa tunda shine shugaba🤷🏻‍♀️,0,0,0,0,0,0,hau,kamata yayi ace a fara gwajin akansa tunda shine shugaba🤷🏻‍♀️
hau_train_track_a_00138,"Idan naga mace tana firar ƙwallo sai abun yayi min wani banbarakwai kamar naga 'yar daudun mata, ko ni dinne dan kauye oho!🤷",0,0,0,0,0,1,hau,idan naga mace tana firar ƙwallo sai abun yayi min wani banbarakwai kamar naga yar daudun mata ko ni dinne dan kauye oho🤷
hau_train_track_a_00139,gasar premier southampton ta bai wa mamaki da ci cc,0,0,0,0,0,1,hau,gasar premier southampton ta bai wa mamaki da ci cc
hau_train_track_a_00140,Nigeria @ 60: Sarauniyar Ingila ta aike wa Buhari da sakon taya murna,0,0,0,1,0,0,hau,nigeria 60 sarauniyar ingila ta aike wa buhari da sakon taya murna
hau_train_track_a_00141,Yajin aiki: Ma'aikatan jiragen sama zasu rufe filayen jirage don taya ASUU nuna fushi,0,0,0,0,1,0,hau,yajin aiki maaikatan jiragen sama zasu rufe filayen jirage don taya asuu nuna fushi
hau_train_track_a_00142,An yi babban rashi: Allah ya yiwa mai masallacin matafiya da ke hanyar Kaduna-Zariya rasuwa,0,0,0,0,1,0,hau,an yi babban rashi allah ya yiwa mai masallacin matafiya da ke hanyar kadunazariya rasuwa
hau_train_track_a_00143,"Kauye garin su kare, kare yace a'a garinsu yaya jaki ne, yaya jaki yace kaya na kawo ina saukewa zan koma 😂😂😂",0,0,0,0,0,0,hau,kauye garin su kare kare yace aa garinsu yaya jaki ne yaya jaki yace kaya na kawo ina saukewa zan koma 😂😂😂
hau_train_track_a_00144,"Bayan harin masallaci, yan Bijilanti sun kashe mutum 9, sun ƙona gidaje a wata rugar Fulani a jihar Neja",0,0,1,0,1,0,hau,bayan harin masallaci yan bijilanti sun kashe mutum 9 sun ƙona gidaje a wata rugar fulani a jihar neja
hau_train_track_a_00145,😠Su zauna ayita kashesu karsu dawo arewa tunda su mayu ne Basu San datajar ransu da mutuncin su ba. Daure su akayi ne ko dole ne Sai sun zauna a kudu,1,0,0,0,0,0,hau,😠su zauna ayita kashesu karsu dawo arewa tunda su mayu ne basu san datajar ransu da mutuncin su ba daure su akayi ne ko dole ne sai sun zauna a kudu
hau_train_track_a_00146,yan bura ubaaa ku dabbobi ne suka dameku,1,0,0,0,0,0,hau,yan bura ubaaa ku dabbobi ne suka dameku
hau_train_track_a_00147,Mu taimaki kanmu da kanmu,0,0,0,0,0,0,hau,mu taimaki kanmu da kanmu
hau_train_track_a_00148,Yadda fasinjoji 18 suka kone kurmus a wani hatsari da afku a jihar Neja,0,0,0,0,1,0,hau,yadda fasinjoji 18 suka kone kurmus a wani hatsari da afku a jihar neja
hau_train_track_a_00149,allah katausayamana albarka watanka mai albarka mun tuba ya allah,0,0,1,0,1,0,hau,allah katausayamana albarka watanka mai albarka mun tuba ya allah
hau_train_track_a_00150,Akwai Matsala: Basarake Ya Ga Abun Mamaki Yayin da Ya Je Bankin Neman Sabbin Kuɗi,0,0,0,0,0,1,hau,akwai matsala basarake ya ga abun mamaki yayin da ya je bankin neman sabbin kuɗi
hau_train_track_a_00151,Bikin murnar cika shekara 50 da fara zuwa duniyar wata (2),0,0,0,1,0,0,hau,bikin murnar cika shekara 50 da fara zuwa duniyar wata 2
hau_train_track_a_00152,rakumi girman ka na wofi danakuya yafika duwawu,0,1,0,0,0,0,hau,rakumi girman ka na wofi danakuya yafika duwawu
hau_train_track_a_00153,Duniya ta na taya Aisha Buhari murnar cika shekaru 49 da haihuwa,0,0,0,1,0,0,hau,duniya ta na taya aisha buhari murnar cika shekaru 49 da haihuwa
hau_train_track_a_00154,Subahanallah Allah kayi Mana maganinmu😏😏,0,0,1,0,1,0,hau,subahanallah allah kayi mana maganinmu😏😏
hau_train_track_a_00155,Adeji tsoron Allah wlh asan miye ake fada Azumi ne🙄,1,0,0,0,0,0,hau,adeji tsoron allah wlh asan miye ake fada azumi ne🙄
hau_train_track_a_00156,Amma ina tausaya masa Ya kashe rai Ya kashe kansa Tamb!!!🤔🤔,0,0,0,0,1,0,hau,amma ina tausaya masa ya kashe rai ya kashe kansa tamb🤔🤔
hau_train_track_a_00157,Kotu ta ɗaure wasu mutum biyu saboda 'Sihirin ninka kuɗi' a Sokoto,1,0,0,0,0,0,hau,kotu ta ɗaure wasu mutum biyu saboda sihirin ninka kuɗi a sokoto
hau_train_track_a_00158,An tsaurara matakan tsaro a Gombe yayinda aka rantsar da Inuwa Yahaya a matsayin gwamna,0,0,1,0,0,0,hau,an tsaurara matakan tsaro a gombe yayinda aka rantsar da inuwa yahaya a matsayin gwamna
hau_train_track_a_00159,Sarkin Damaturu ga Osinbajo: Muna addua'ar Allah yasa ka gaji Buhari a 2023,0,0,0,0,0,0,hau,sarkin damaturu ga osinbajo muna adduaar allah yasa ka gaji buhari a 2023
hau_train_track_a_00160,ku kun fiye jan bala.i BBC 🙄😷,1,0,0,0,0,0,hau,ku kun fiye jan balai bbc 🙄😷
hau_train_track_a_00161,Tsaro: Gwamnan Arewa Ya Faɗi Alamun da Ke Nuna Allah SWT Ya Karɓi Addu'o'in Talakawa a Ramadan,0,0,0,0,0,0,hau,tsaro gwamnan arewa ya faɗi alamun da ke nuna allah swt ya karɓi adduoin talakawa a ramadan
hau_train_track_a_00162,Danda nafara shirin yin protest 😂😂,0,0,0,0,0,0,hau,danda nafara shirin yin protest 😂😂
hau_train_track_a_00163,Ai!? To suwayehhh?😨😨,0,0,0,0,0,1,hau,ai to suwayehhh😨😨
hau_train_track_a_00164,Allah ya yi wa shugaban ƙaramar hukuma rasuwa,0,0,0,0,1,0,hau,allah ya yi wa shugaban ƙaramar hukuma rasuwa
hau_train_track_a_00165,innalillahi wainna ilaihirrajiun ya allah ka kawo mana karshen wannan masifa,0,0,1,0,0,0,hau,innalillahi wainna ilaihirrajiun ya allah ka kawo mana karshen wannan masifa
hau_train_track_a_00166,Mai Gida ya yi kaki ya tofar a jikin garu,0,1,0,0,0,0,hau,mai gida ya yi kaki ya tofar a jikin garu
hau_train_track_a_00167,"Ya bazai Hana ba daman, tunda baya samun kudin revenue ta gurin su 🤷‍♂️",0,0,0,0,1,0,hau,ya bazai hana ba daman tunda baya samun kudin revenue ta gurin su 🤷‍♂️
hau_train_track_a_00168,Allah ka kawomana qarshen wannan bala'in😭😭😭😢😢😢,0,0,1,0,1,0,hau,allah ka kawomana qarshen wannan balain😭😭😭😢😢😢
hau_train_track_a_00169,Amma Kuma mai lalata tarbiya da watsa ingancin macen aure ne!!👌,0,1,0,0,1,0,hau,amma kuma mai lalata tarbiya da watsa ingancin macen aure ne👌
hau_train_track_a_00170,"Magidanci ya zargi matarsa da maita, yace zata kashe shi",0,0,0,0,0,0,hau,magidanci ya zargi matarsa da maita yace zata kashe shi
hau_train_track_a_00171,Matashi ya mutu lokacin da yake lalata da budurwa a otal,0,1,0,0,0,0,hau,matashi ya mutu lokacin da yake lalata da budurwa a otal
hau_train_track_a_00172,"""Mun Rantse Ba Zamu Rabu Ba"" Budurwa Ta Kaiwa Saurayinta Da Ya Haukace Abinci, Bidiyo Ya Kayatar",0,0,0,0,0,1,hau,mun rantse ba zamu rabu ba budurwa ta kaiwa saurayinta da ya haukace abinci bidiyo ya kayatar
hau_train_track_a_00173,Tana kwance dankwalinta sai ga wasu ɓula ɓulan kwarkwata suna ta yawo a tsakar kan,0,1,0,0,0,0,hau,tana kwance dankwalinta sai ga wasu ɓula ɓulan kwarkwata suna ta yawo a tsakar kan
hau_train_track_a_00174,Wannan ba sabgar ki bace tsohuwa dan haka keep ur m*ther f**king mouth🤫,1,0,0,0,0,0,hau,wannan ba sabgar ki bace tsohuwa dan haka keep ur mther fking mouth🤫
hau_train_track_a_00175,aikin banza a banza wawayen mutane yan majalisar kasata wallahì aikin soja guda yafi na duk taronku mi kuke barkatawa talaka a nigeriar kashi cikin dari naku bakuda amfani ga talakawanku wawaye kawai allah shi sakawa talakawa akanku,1,0,0,0,1,0,hau,aikin banza a banza wawayen mutane yan majalisar kasata wallahì aikin soja guda yafi na duk taronku mi kuke barkatawa talaka a nigeriar kashi cikin dari naku bakuda amfani ga talakawanku wawaye kawai allah shi sakawa talakawa akanku
hau_train_track_a_00176,"""Godiya Ta Tabbata Ga Tinubu"": Tsohon IGP Ya Bayyana Yadda Tinubu Ya Masa Wata Babban Alfarma",0,0,0,1,0,0,hau,godiya ta tabbata ga tinubu tsohon igp ya bayyana yadda tinubu ya masa wata babban alfarma
hau_train_track_a_00177,"Amma gaskiyaaa🤔 binciken ya fara xama hauka, kawai sai ta kwanta xuma su ringa harbinta da ke ta xama irinku. Mtsewww",1,0,0,0,0,0,hau,amma gaskiyaaa🤔 binciken ya fara xama hauka kawai sai ta kwanta xuma su ringa harbinta da ke ta xama irinku mtsewww
hau_train_track_a_00178,ashe dai an kusa a daura auren da gaske,0,0,0,0,0,1,hau,ashe dai an kusa a daura auren da gaske
hau_train_track_a_00179,"Boko Haram sun kashe wani ango, sun yi amfani da wayarsa wajen sanar cewa ""ni dan wuta ne""",1,0,1,0,1,0,hau,boko haram sun kashe wani ango sun yi amfani da wayarsa wajen sanar cewa ni dan wuta ne
hau_train_track_a_00180,abun haushi saboda pizza da shawarma sai a wuni ana yawo dake a mota kamar ragon layya da sunan chilling️ ba dai aji,1,0,0,0,0,0,hau,abun haushi saboda pizza da shawarma sai a wuni ana yawo dake a mota kamar ragon layya da sunan chilling️ ba dai aji
hau_train_track_a_00181,Subhanallah! Wai iyayen nashine basuda imani😳 kaji hege.,1,0,0,0,1,1,hau,subhanallah wai iyayen nashine basuda imani😳 kaji hege
hau_train_track_a_00182,"22,40,Allah Ya yi wa Sarkin Nufawan Benin rasuwa",0,0,0,0,1,0,hau,2240allah ya yi wa sarkin nufawan benin rasuwa
hau_train_track_a_00183,An kashe almajiri an kwakule idonsa a Jigawa,0,0,0,0,1,0,hau,an kashe almajiri an kwakule idonsa a jigawa
hau_train_track_a_00184,"Agaskiya Mu yan Nigeria Ana Matukar Raina mana Hankali... Ai koh kirge ake koya mana da wannan Kare-karen yawan masu CORONA a Nigeria, Ai yaci Ace kowa ya mallaki kwalin degree a lisaafin Na kirge...😣😡",1,0,0,0,1,0,hau,agaskiya mu yan nigeria ana matukar raina mana hankali ai koh kirge ake koya mana da wannan karekaren yawan masu corona a nigeria ai yaci ace kowa ya mallaki kwalin degree a lisaafin na kirge😣😡
hau_train_track_a_00185,inda ake son ki daban inda kike so daban 🤔,0,0,0,0,0,1,hau,inda ake son ki daban inda kike so daban 🤔
hau_train_track_a_00186,"Shukakken Bam ya tashi da motar Sojoji, yayi sanadiyar mutuwar hafsan Soja, Abdullahi Alhassan",0,0,1,0,1,0,hau,shukakken bam ya tashi da motar sojoji yayi sanadiyar mutuwar hafsan soja abdullahi alhassan
hau_train_track_a_00187,Kutumar uba! Sai ka ce gwanja 😅,0,0,0,0,0,0,hau,kutumar uba sai ka ce gwanja 😅
hau_train_track_a_00188,Halin taskun da Musulmin Rohingya ke ciki a Bangladesh,0,0,0,0,1,0,hau,halin taskun da musulmin rohingya ke ciki a bangladesh
hau_train_track_a_00189,uhmm lallaima wannan aikin haka 😍😍😍,0,0,0,0,0,1,hau,uhmm lallaima wannan aikin haka 😍😍😍
hau_train_track_a_00190,dan allah ku daina kawo mana irin wadannan labarun haushin shi buharin duk kashe kashe da ake yi a arewa yataba yin wata maganar,1,0,0,0,1,0,hau,dan allah ku daina kawo mana irin wadannan labarun haushin shi buharin duk kashe kashe da ake yi a arewa yataba yin wata maganar
hau_train_track_a_00191,"FG Ta Yi Alkawarin Kakaba Yaren China A Tsangayoyin Jami'o'in Najeriya, Ta Bayyana Alfanun Hakan",0,0,0,1,0,0,hau,fg ta yi alkawarin kakaba yaren china a tsangayoyin jamioin najeriya ta bayyana alfanun hakan
hau_train_track_a_00192,Allah mai iko: Wani Kirista da yake zuwa Masallacin Juma'a yana shiryawa masallata takalmansu sannan yayi musu gadi,0,0,0,0,0,1,hau,allah mai iko wani kirista da yake zuwa masallacin jumaa yana shiryawa masallata takalmansu sannan yayi musu gadi
hau_train_track_a_00193,Babbar Sallah: Farashin tikitin jirgin sama ya ƙaru musamman zuwa jihohin arewa,0,0,0,0,0,0,hau,babbar sallah farashin tikitin jirgin sama ya ƙaru musamman zuwa jihohin arewa
hau_train_track_a_00194,Shugaba Buhari na taya China murnanr cika shekaru 69 da zama gurguzu,0,0,0,1,0,0,hau,shugaba buhari na taya china murnanr cika shekaru 69 da zama gurguzu
hau_train_track_a_00195,Kadan daga cikin aikin wannan Jaaaaaaaaaa😂😂,1,0,0,0,0,0,hau,kadan daga cikin aikin wannan jaaaaaaaaaa😂😂
hau_train_track_a_00196,Ina gaiyatarsu ranan daurin aurena 😂,0,0,0,1,0,0,hau,ina gaiyatarsu ranan daurin aurena 😂
hau_train_track_a_00197,Yaro a zaune dagaje-dagaje da majina a kusa da abinci,0,1,0,0,0,0,hau,yaro a zaune dagajedagaje da majina a kusa da abinci
hau_train_track_a_00198,"Yar musulma ta samu tallafin fasto, mahaifiyarta ta durkusa a coci domin nuna godiya",0,0,0,1,0,1,hau,yar musulma ta samu tallafin fasto mahaifiyarta ta durkusa a coci domin nuna godiya
hau_train_track_a_00199,garin yaya ko dama dan neman baya ne,0,0,0,0,0,1,hau,garin yaya ko dama dan neman baya ne
hau_train_track_a_00200,Daama can wannan bashi da seti 😂,0,0,0,0,0,0,hau,daama can wannan bashi da seti 😂
hau_train_track_a_00201,Hhhhh nidai dadi naji dama duk su mutu😁😁,0,0,0,1,0,0,hau,hhhhh nidai dadi naji dama duk su mutu😁😁
hau_train_track_a_00202,"Majalisa Ta Bukaci Tinubu Ya Dakatar da Turo Kudaden Kananan Hukumomi Kan Dalili 1 Tak, Ta Fusata",1,0,0,0,0,0,hau,majalisa ta bukaci tinubu ya dakatar da turo kudaden kananan hukumomi kan dalili 1 tak ta fusata
hau_train_track_a_00203,BBC ba duwaiwai😜😜,0,0,0,0,0,0,hau,bbc ba duwaiwai😜😜
hau_train_track_a_00204,An shiga Kotu da wani Bawan Allah da ake zargi ya kashe matar sa da hannun sa,0,1,0,0,0,0,hau,an shiga kotu da wani bawan allah da ake zargi ya kashe matar sa da hannun sa
hau_train_track_a_00205,"Kowa anan zai nuna shi he is pure while he isa devil himself wasunku masu zagin anan shahararrun yen iskane wasuma yen luwadi ne wasu kawalai ne kannanku wasu karuwai ne irin shigar dasukeyi ma ya baci sune zuwa party,club amma kunaku ba iskanci sukeba idiots😠😠😠",1,1,0,0,1,0,hau,kowa anan zai nuna shi he is pure while he isa devil himself wasunku masu zagin anan shahararrun yen iskane wasuma yen luwadi ne wasu kawalai ne kannanku wasu karuwai ne irin shigar dasukeyi ma ya baci sune zuwa partyclub amma kunaku ba iskanci sukeba idiots😠😠😠
hau_train_track_a_00206,Wata mata tana wanke kaya wanda suka fara tsustsa,0,1,0,0,0,0,hau,wata mata tana wanke kaya wanda suka fara tsustsa
hau_train_track_a_00207,Yan Najeriya sun san na yi iyakan kokari na kan tsaro - Buhari,0,0,0,0,1,0,hau,yan najeriya sun san na yi iyakan kokari na kan tsaro buhari
hau_train_track_a_00208,allah shi qara nisantar damu daga wannan muguwa cutar,0,0,1,0,0,0,hau,allah shi qara nisantar damu daga wannan muguwa cutar
hau_train_track_a_00209,🤣🤣 Allah karabamu da jahillan shugabanni.,1,0,0,0,1,0,hau,🤣🤣 allah karabamu da jahillan shugabanni
hau_train_track_a_00210,"Ya gama fuffukarsa, tabbas lokaci na zuwa da za'a cire shi daga kujerarsa ta riƙon ƙwarya. In ya yi Sa'a a bashi dagacin Ganduje, ko ya karba ko kar Allah Ya sa ya karba, amma ba zai koma hakimi ba.🤣🤣",0,0,0,0,1,0,hau,ya gama fuffukarsa tabbas lokaci na zuwa da zaa cire shi daga kujerarsa ta riƙon ƙwarya in ya yi saa a bashi dagacin ganduje ko ya karba ko kar allah ya sa ya karba amma ba zai koma hakimi ba🤣🤣
hau_train_track_a_00211,Ji gemun shege....shege dan gidan abun kwari.😾😾,1,1,0,0,0,0,hau,ji gemun shegeshege dan gidan abun kwari😾😾
hau_train_track_a_00212,"Innalillahi Wa’inna Ilaihi Raji’un. Allah Ya Jikan sa da Rahma, Allah Yasa Aljannah Firdaus ce makomar sa. Ameen Yaa Rabbal Alamein. 💔😭",0,0,0,0,1,0,hau,innalillahi wa’inna ilaihi raji’un allah ya jikan sa da rahma allah yasa aljannah firdaus ce makomar sa ameen yaa rabbal alamein 💔😭
hau_train_track_a_00213,Naziru sarkin waka ya yiwa Ladin Cima da Fati Slow kyautan miliyoyi naira,0,0,0,1,0,0,hau,naziru sarkin waka ya yiwa ladin cima da fati slow kyautan miliyoyi naira
hau_train_track_a_00214,Zamu bawa duniya mamaki kuma zamuci Barcelona daren yau ina fatan duniya ta shaida 😎,0,0,0,1,0,0,hau,zamu bawa duniya mamaki kuma zamuci barcelona daren yau ina fatan duniya ta shaida 😎
hau_train_track_a_00215,ae koda an fara dauka ba talaka aciki daga su sai yayan ministoci in sun dawo daga england ko america mu kuma sun kasa biyan malamai albashi saboda ba yayansu a university din nigeria azzalumai,1,0,0,0,1,0,hau,ae koda an fara dauka ba talaka aciki daga su sai yayan ministoci in sun dawo daga england ko america mu kuma sun kasa biyan malamai albashi saboda ba yayansu a university din nigeria azzalumai
hau_train_track_a_00216,Sunan Allah ya bayyana a jikin bishiyar zogale,0,0,0,0,0,1,hau,sunan allah ya bayyana a jikin bishiyar zogale
hau_train_track_a_00217,anya babu lauje cikin nadi kuwa,0,0,0,0,0,1,hau,anya babu lauje cikin nadi kuwa
hau_train_track_a_00218,😁 Hava BBC wanga ai qazantace ina lefin kunemo haroran jikin close up ai sunfi dadin gani hhh 😅😅,0,1,0,0,0,0,hau,😁 hava bbc wanga ai qazantace ina lefin kunemo haroran jikin close up ai sunfi dadin gani hhh 😅😅
hau_train_track_a_00219,IGP Alkali Baba Yayi Umarnin Gaggauta Bincike da Gurfanar da ‘Dan Sandan da ya Halaka Lauya,0,0,0,0,1,0,hau,igp alkali baba yayi umarnin gaggauta bincike da gurfanar da ‘dan sandan da ya halaka lauya
hau_train_track_a_00220,"Daga Baya kenan* """"""""""""""""""""""""""""""""Tusane ya qarewa bodari"""""""""""""""""""""""""""""""" """"""""""""""""""""""""""""""""Kuma babu wata shiga da kunun zaqi zaiyi yabawa koko tsoro"""""""""""""""""""""""""""""""" U can't undo what has happened girl Cuz u created the chance. Emmm sorry bby😟",1,0,0,0,0,0,hau,daga baya kenan tusane ya qarewa bodari kuma babu wata shiga da kunun zaqi zaiyi yabawa koko tsoro u cant undo what has happened girl cuz u created the chance emmm sorry bby😟
hau_train_track_a_00221,Uba ya kashe ɗansa saboda fitsarin kwance,0,1,0,0,1,0,hau,uba ya kashe ɗansa saboda fitsarin kwance
hau_train_track_a_00222,Nabi haraji da gudu 🤣🤣,1,0,0,0,0,0,hau,nabi haraji da gudu 🤣🤣
hau_train_track_a_00223,Mudai a yankin arewacin najeriya illar da cutar cizon sauro take mana yafi Na corona virus 🦠,0,0,0,0,1,0,hau,mudai a yankin arewacin najeriya illar da cutar cizon sauro take mana yafi na corona virus 🦠
hau_train_track_a_00224,Wani irin yaki? Da makami ko dame 🤔?,0,0,0,0,0,1,hau,wani irin yaki da makami ko dame 🤔
hau_train_track_a_00225,shegu tsinannu masu ci da addini kaji fa wai masu hana badala a doran kasa karshe su ake kamawa da matan mutane a hotelallah ya wadaran naka ya lalace️️️,1,0,0,0,0,0,hau,shegu tsinannu masu ci da addini kaji fa wai masu hana badala a doran kasa karshe su ake kamawa da matan mutane a hotelallah ya wadaran naka ya lalace️️️
hau_train_track_a_00226,Masu garkuwa da mutane sun sace Bajamushe a Kano,0,0,1,0,1,0,hau,masu garkuwa da mutane sun sace bajamushe a kano
hau_train_track_a_00227,"Makaryatan banza da wofi! Kudai wlh bakuda kunya, tsiya da talauci ya kare a gindinku 😎",1,0,0,0,0,0,hau,makaryatan banza da wofi kudai wlh bakuda kunya tsiya da talauci ya kare a gindinku 😎
hau_train_track_a_00228,Yadda ‘Dan Majalisar Legas Ya Rasu Wajen Taron Kamfen Bola Tinubu a Garin Jos,0,0,0,0,1,0,hau,yadda ‘dan majalisar legas ya rasu wajen taron kamfen bola tinubu a garin jos
hau_train_track_a_00229,😁😁hhahaha ina tausaya miki randa mulki ya bar hannunku. Karki manta kafin ya yabi ubanki saida ya yabi shekarau kuma shi ya para nuna shi a gwamnati amma da yabar gwamnati bbu irin zagin da beyi mai ba... Balle k da ubanki yapi kowa kayan zagi ..muje zuwa indai rarara ne,1,0,0,0,1,0,hau,😁😁hhahaha ina tausaya miki randa mulki ya bar hannunku karki manta kafin ya yabi ubanki saida ya yabi shekarau kuma shi ya para nuna shi a gwamnati amma da yabar gwamnati bbu irin zagin da beyi mai ba balle k da ubanki yapi kowa kayan zagi muje zuwa indai rarara ne
hau_train_track_a_00230,An yankewa wani mutumi mai coronavirus hukuncin kisa a Saudiyya bayan ya tofa yawu a jikin kofa dan wani ya taba ya dauki cutar,0,1,0,0,0,0,hau,an yankewa wani mutumi mai coronavirus hukuncin kisa a saudiyya bayan ya tofa yawu a jikin kofa dan wani ya taba ya dauki cutar
hau_train_track_a_00231,allah ya jikan sa da rahama allah yasa aljannah ce makomar sa allah ya jadaddah rahama allah gareshi muma idan tamu tazo allah yasa mu cika da kyau imani albarkacin annabi muhammad saw,0,0,0,0,1,0,hau,allah ya jikan sa da rahama allah yasa aljannah ce makomar sa allah ya jadaddah rahama allah gareshi muma idan tamu tazo allah yasa mu cika da kyau imani albarkacin annabi muhammad saw
hau_train_track_a_00232,Hhhhh wallahi Yan darika basajin kunyar karya😂😂,0,0,0,1,0,0,hau,hhhhh wallahi yan darika basajin kunyar karya😂😂
hau_train_track_a_00233,"Babban sarki a Najeriya ya saki matarsa, ya ce ta zama sarauniya mai 'murabus'",0,0,0,0,0,0,hau,babban sarki a najeriya ya saki matarsa ya ce ta zama sarauniya mai murabus
hau_train_track_a_00234,Bikin murnar cika shekara 50 da fara zuwa duniyar wata (7),0,0,0,1,0,0,hau,bikin murnar cika shekara 50 da fara zuwa duniyar wata 7
hau_train_track_a_00235,Toh shima yasan baya Kan gaskiyane ai🤷🏻‍♂️,0,0,0,0,0,0,hau,toh shima yasan baya kan gaskiyane ai🤷🏻‍♂️
hau_train_track_a_00236,🙆‍♂️ Shi kuwa trump me yayi zafi hk?,0,0,0,0,0,1,hau,🙆‍♂️ shi kuwa trump me yayi zafi hk
hau_train_track_a_00237,wai dankali kike nufi,0,0,0,0,0,1,hau,wai dankali kike nufi
hau_train_track_a_00238,"Labari da duminsa: Hotunan mummunan fashewar butalin iskar gas a Legas, ana fargabar wasu sun mutu",0,0,1,0,1,0,hau,labari da duminsa hotunan mummunan fashewar butalin iskar gas a legas ana fargabar wasu sun mutu
hau_train_track_a_00239,Allah ya haskaka kabarinsa yasa aljanna ce makoma👏🙏🙏🙏,0,0,0,0,1,0,hau,allah ya haskaka kabarinsa yasa aljanna ce makoma👏🙏🙏🙏
hau_train_track_a_00240,Chaiiiii Ashe dai ba iya Nageria ake abin mamaki ba 🙆🏻‍♂️🤣🤣🤣,0,0,0,0,0,1,hau,chaiiiii ashe dai ba iya nageria ake abin mamaki ba 🙆🏻‍♂️🤣🤣🤣
hau_train_track_a_00241,Yaro ya tauna busasshen kashi,0,1,0,0,0,0,hau,yaro ya tauna busasshen kashi
hau_train_track_a_00242,Hahhah wannna Stamp duty din Cuta ce kawai wlh..... ai ke sun miki da sauqi ni almost 9k suka cire min 😂😂 wannan ai gwanda a dena free transfer din a dawo tsohon tsari😂😂😂,1,0,0,0,0,0,hau,hahhah wannna stamp duty din cuta ce kawai wlh ai ke sun miki da sauqi ni almost 9k suka cire min 😂😂 wannan ai gwanda a dena free transfer din a dawo tsohon tsari😂😂😂
hau_train_track_a_00243,kenan ke fizaran riyace rahama💔😭😂,0,0,0,0,1,0,hau,kenan ke fizaran riyace rahama💔😭😂
hau_train_track_a_00244,Ni abinda ke kara bani mamaki anan shine....Ance wai namijine yayi recorded din bidiyon....How come she take off her clothes agaban namijin da ba maharramintaba sabo Allah.......? To be honest the guy leaked the clip was wrong 👎🏿 But her careless was 85% in the incident 😭,1,0,0,0,0,1,hau,ni abinda ke kara bani mamaki anan shineance wai namijine yayi recorded din bidiyonhow come she take off her clothes agaban namijin da ba maharramintaba sabo allah to be honest the guy leaked the clip was wrong 👎🏿 but her careless was 85 in the incident 😭
hau_train_track_a_00245,Ranar talauchi kuma?? Allah Ka tsare mu da talauchi Ka kuma yimana katangar larfe da ita. Amiin Ya Allah🤲🤲🤲,0,0,1,0,0,1,hau,ranar talauchi kuma allah ka tsare mu da talauchi ka kuma yimana katangar larfe da ita amiin ya allah🤲🤲🤲
hau_train_track_a_00246,Allah ya kyauta Allah ya kawo mana karshen wan nan masifan🙏🙏🙏,0,0,1,0,1,0,hau,allah ya kyauta allah ya kawo mana karshen wan nan masifan🙏🙏🙏
hau_train_track_a_00247,"Yanzu Yanzu: Yan bindiga sun kashe jigon PDP, sun yi garkuwa da yayansa mata su 3",0,0,1,0,1,0,hau,yanzu yanzu yan bindiga sun kashe jigon pdp sun yi garkuwa da yayansa mata su 3
hau_train_track_a_00248,"Matashi ya tura sakon zagi ga hadimin gwamnan Katsina, ya gamu da fushin 'yan sanda",1,0,0,0,1,0,hau,matashi ya tura sakon zagi ga hadimin gwamnan katsina ya gamu da fushin yan sanda
hau_train_track_a_00249,Abun al'ajabi: Sunan Allah ya fito a cikin kankana,0,0,0,0,0,1,hau,abun alajabi sunan allah ya fito a cikin kankana
hau_train_track_a_00250,kayan da ya sa tsabar dauɗana sun yi bakin ƙirin kamar zunibi,0,1,0,0,0,0,hau,kayan da ya sa tsabar dauɗana sun yi bakin ƙirin kamar zunibi
hau_train_track_a_00251,Kuma dai 😲 Ba'a rabu da Bukar ba kuma an haifi habu,0,0,0,0,0,1,hau,kuma dai 😲 baa rabu da bukar ba kuma an haifi habu
hau_train_track_a_00252,Ashe tana da aiki 😏,0,0,0,0,0,1,hau,ashe tana da aiki 😏
hau_train_track_a_00253,"Gaskiya ni tnda aka haife ban taba ganin shekarar da aka shiga TSANANI ba sama shekarar 2020, dan akwai tarin abubuwa burkitattu kuma rikitattu a cikin ta. Fatan mu shine shekar 2021 ta zamo wadda yan Najeriya zasu dara kuma su samu saukin kuncin rayuwa. Allah yasa mu dace.🙏",0,0,1,0,1,0,hau,gaskiya ni tnda aka haife ban taba ganin shekarar da aka shiga tsanani ba sama shekarar 2020 dan akwai tarin abubuwa burkitattu kuma rikitattu a cikin ta fatan mu shine shekar 2021 ta zamo wadda yan najeriya zasu dara kuma su samu saukin kuncin rayuwa allah yasa mu dace🙏
hau_train_track_a_00254,Jiga-Jigan Siyasa a Gombe Sun Yi Watsi da Matakin Sanata Ɗanjuma Goje a 2023,1,0,0,0,0,0,hau,jigajigan siyasa a gombe sun yi watsi da matakin sanata ɗanjuma goje a 2023
hau_train_track_a_00255,ae zamance baa addinance ba basu da laifin komai tunda sun ga har ƴan maɗigo da luwaɗi suma sun fito fili suna neman a basu ƴanci yin abin da suke so kuma wasu manyan ƙasashe sun nuna suna goyon bayansu,0,0,0,0,0,0,hau,ae zamance baa addinance ba basu da laifin komai tunda sun ga har ƴan maɗigo da luwaɗi suma sun fito fili suna neman a basu ƴanci yin abin da suke so kuma wasu manyan ƙasashe sun nuna suna goyon bayansu
hau_train_track_a_00256,Idan masu sulhun sun tashi suje da Dollars sulhun zaifi yiyuwa ko kuma su bawa gwaggo Dollars din sai ta umarce shi da yabar maganar🤣🤣🤣,0,0,0,0,0,0,hau,idan masu sulhun sun tashi suje da dollars sulhun zaifi yiyuwa ko kuma su bawa gwaggo dollars din sai ta umarce shi da yabar maganar🤣🤣🤣
hau_train_track_a_00257,Ashe dai Matan Ghana basuda kyau🤔,0,1,0,0,0,1,hau,ashe dai matan ghana basuda kyau🤔
hau_train_track_a_00258,Tushen banɗaki ya toshe kuma yana zubar da kashi cikin bandakin.,0,1,0,0,0,0,hau,tushen banɗaki ya toshe kuma yana zubar da kashi cikin bandakin
hau_train_track_a_00259,"2023: Zan nunka rokon Allah don ka samu nasara, Ɗahiru Bauchi ga Osinbajo",0,0,0,0,0,0,hau,2023 zan nunka rokon allah don ka samu nasara ɗahiru bauchi ga osinbajo
hau_train_track_a_00260,allah yajikanshi da rahama yasa aljance makoma ameen,0,0,0,0,1,0,hau,allah yajikanshi da rahama yasa aljance makoma ameen
hau_train_track_a_00261,😂🤣😂🤣😂 Inuwar giginya kenan. Allah yasa mu gama lafiya,0,0,0,0,0,0,hau,😂🤣😂🤣😂 inuwar giginya kenan allah yasa mu gama lafiya
hau_train_track_a_00262,Hotunan Abdulmumin Jubrin da kyakyawar matarsa,0,0,0,1,0,0,hau,hotunan abdulmumin jubrin da kyakyawar matarsa
hau_train_track_a_00263,sheganta kawai aikin banza kawai,1,0,0,0,0,0,hau,sheganta kawai aikin banza kawai
hau_train_track_a_00264,Maman mu tana zuke majina daga hancin Yaro idan yana mura.,0,1,0,0,0,0,hau,maman mu tana zuke majina daga hancin yaro idan yana mura
hau_train_track_a_00265,"Allah ya yi diyata za tayi sanadiyar kubuta na daga hannun yan bindiga, Mahaifin Daya Daga daliban Jangebe",0,0,0,1,1,0,hau,allah ya yi diyata za tayi sanadiyar kubuta na daga hannun yan bindiga mahaifin daya daga daliban jangebe
hau_train_track_a_00266,"Ba mamaki faruwar hakan tsakanin su domin tun nan Nigeria shugaba Buhari yasan bakowane zai bashi kwarin guiwar cigaba da mulkiba musamman talakkawa, duba da irin halinda mu talakkawa muke ciki fargabarmu a nan itace ya sake darewa kaddara ta auku ya mutu yabar da cizon yats😭😭.",1,0,1,0,1,0,hau,ba mamaki faruwar hakan tsakanin su domin tun nan nigeria shugaba buhari yasan bakowane zai bashi kwarin guiwar cigaba da mulkiba musamman talakkawa duba da irin halinda mu talakkawa muke ciki fargabarmu a nan itace ya sake darewa kaddara ta auku ya mutu yabar da cizon yats😭😭
hau_train_track_a_00267,’Yan bindiga sun sake kashe mutum 10 a kauyen Birnin Gwari,0,0,0,0,1,0,hau,’yan bindiga sun sake kashe mutum 10 a kauyen birnin gwari
hau_train_track_a_00268,Gsky ne ina ruwan mu da end sars Secure arewa shine damuwar mu Allah yasa su hankalta🤦‍♂️,1,0,0,0,1,0,hau,gsky ne ina ruwan mu da end sars secure arewa shine damuwar mu allah yasa su hankalta🤦‍♂️
hau_train_track_a_00269,"Alhamdulillah, Masha Allah, muna mika godiya ga yan uwa da Abokan arziki, wanda suka taimaka akan wannan al-amari da ya faru. Allah ya saka da alkhairi, Allah yabar zumunci 🙏❤️ ##URL##",0,0,0,1,0,0,hau,alhamdulillah masha allah muna mika godiya ga yan uwa da abokan arziki wanda suka taimaka akan wannan alamari da ya faru allah ya saka da alkhairi allah yabar zumunci 🙏❤️ url
hau_train_track_a_00270,Kaji yanda bawan Allah Nan Ke Bayani Kai Kace An Nemi Shawararsa🤔🤔,1,0,0,0,0,0,hau,kaji yanda bawan allah nan ke bayani kai kace an nemi shawararsa🤔🤔
hau_train_track_a_00271,Ainahin dalilan da su ka sa na fadi zaben 2015 – Goodluck Jonathan,0,0,0,0,0,0,hau,ainahin dalilan da su ka sa na fadi zaben 2015 – goodluck jonathan
hau_train_track_a_00272,"Duniya kenan: Matashi mai shekaru 35 ya kashe mahaifiyarsa, ya gamu da fushin alkali",1,1,0,0,1,0,hau,duniya kenan matashi mai shekaru 35 ya kashe mahaifiyarsa ya gamu da fushin alkali
hau_train_track_a_00273,Kwado ya fada ruwan Xafi😂,0,0,0,0,0,0,hau,kwado ya fada ruwan xafi😂
hau_train_track_a_00274,👀Babu yanda za'ai jinin yan uwanmu yana malala🩸kuyi tunanin zamu tayaku murnar Democracy Day🤔 Wallahi karyane 😭 #NorthernLivesMatter,1,0,0,0,1,0,hau,👀babu yanda zaai jinin yan uwanmu yana malala🩸kuyi tunanin zamu tayaku murnar democracy day🤔 wallahi karyane 😭 northernlivesmatter
hau_train_track_a_00275,allah ya sa kar ayi kashe mu raba muna fatan saƙon ya isa ga mabuƙata,0,0,1,0,0,0,hau,allah ya sa kar ayi kashe mu raba muna fatan saƙon ya isa ga mabuƙata
hau_train_track_a_00276,"🤣😂Dama inba jaraba irin ta dan Adam ba...kai ba dabba ba amma kana yin abinda dabbobi keyi waikuma nan kai mai hankali ne,Ni naga auren da ya mutu wai saboda mijin bai sa bakin a al'aurarta matar,acewar matar """"""""""""""""""""""""""""""""ya bana kyamarsa shikuma yana kyamata""""""""""""""""""""""""""""""""?mane irin masifane haka???",1,1,0,0,0,0,hau,🤣😂dama inba jaraba irin ta dan adam bakai ba dabba ba amma kana yin abinda dabbobi keyi waikuma nan kai mai hankali neni naga auren da ya mutu wai saboda mijin bai sa bakin a alaurarta mataracewar matar ya bana kyamarsa shikuma yana kyamatamane irin masifane haka
hau_train_track_a_00277,Ali Nuhu da jerin fitattun jarumai da su ka taya Buhari murna,0,0,0,1,0,0,hau,ali nuhu da jerin fitattun jarumai da su ka taya buhari murna
hau_train_track_a_00278,to ko yaushe zata gayyaci baba ganduje,0,0,0,0,0,1,hau,to ko yaushe zata gayyaci baba ganduje
hau_train_track_a_00279,Yar gidan cabal jairar yarinya marar kunya 😏,0,1,0,0,0,0,hau,yar gidan cabal jairar yarinya marar kunya 😏
hau_train_track_a_00280,Allah gwanin kyauta a lokacin da ya so: Wata mata mai shekaru 70 ta haifi danta na fari,0,0,0,1,0,1,hau,allah gwanin kyauta a lokacin da ya so wata mata mai shekaru 70 ta haifi danta na fari
hau_train_track_a_00281,"Allah yakawo mana karshen masifan nan, ameen 🙏",0,0,1,0,1,0,hau,allah yakawo mana karshen masifan nan ameen 🙏
hau_train_track_a_00282,Allah Ya Yafe Miki: Magidanci Ya Yi Wa Budurwa Martani Bayan Ta Roke Shi Ya Zama 'Sugar Daddy' Dinta,0,0,0,0,1,0,hau,allah ya yafe miki magidanci ya yi wa budurwa martani bayan ta roke shi ya zama sugar daddy dinta
hau_train_track_a_00283,"Da duminsa: Allah Yayi wa Jigon APC kuma 'Dan Takarar Kujerar Sanata, Rasuwa",0,0,0,0,1,0,hau,da duminsa allah yayi wa jigon apc kuma dan takarar kujerar sanata rasuwa
hau_train_track_a_00284,Jami’an Hisbah Sun Kama Mata Masu Yawan Gaske Saboda Kwankwadar Barasa Da Karuwanci A Wata Jihar Arewa,0,0,0,0,0,0,hau,jami’an hisbah sun kama mata masu yawan gaske saboda kwankwadar barasa da karuwanci a wata jihar arewa
hau_train_track_a_00285,"Yan bindiga sun kaddamar da hari a jahar Neja, sun halaka mutane 8",0,0,1,0,1,0,hau,yan bindiga sun kaddamar da hari a jahar neja sun halaka mutane 8
hau_train_track_a_00286,Fashewar gas ta jefa garin Ilorin cikin zullumi,0,0,1,0,0,0,hau,fashewar gas ta jefa garin ilorin cikin zullumi
hau_train_track_a_00287,Allah wadae d aekin zalunci na siyasa😏,1,0,0,0,0,0,hau,allah wadae d aekin zalunci na siyasa😏
hau_train_track_a_00288,Ambaliyan ruwa ya karya gadar da ta shiga tsakanin jahar Adamawa da Boko Haram,0,0,0,0,0,0,hau,ambaliyan ruwa ya karya gadar da ta shiga tsakanin jahar adamawa da boko haram
hau_train_track_a_00289,Ka fada wa jama'a malaman da ke son kudi ko ka rufe mana baki - Fasto ya caccaki El-Rufai,1,0,0,0,0,0,hau,ka fada wa jamaa malaman da ke son kudi ko ka rufe mana baki fasto ya caccaki elrufai
hau_train_track_a_00290,masu manufa mai kyau ba irin su oo ba iyayen baragada😨,1,0,0,0,0,0,hau,masu manufa mai kyau ba irin su oo ba iyayen baragada😨
hau_train_track_a_00291,Yanzu-yanzu: Allah ya yi wa Sanata Adebayo Salami rasuwa,0,0,0,0,1,0,hau,yanzuyanzu allah ya yi wa sanata adebayo salami rasuwa
hau_train_track_a_00292,Samari sun hada daba suna shaye shaye duk sun bata wurin da karan sigari,0,1,0,0,0,0,hau,samari sun hada daba suna shaye shaye duk sun bata wurin da karan sigari
hau_train_track_a_00293,"Allah ya yiwa babban Malamin addini, Sheikh Saleh Al-Luhaidan, rasuwa",0,0,0,0,1,0,hau,allah ya yiwa babban malamin addini sheikh saleh alluhaidan rasuwa
hau_train_track_a_00294,dan kasuwa ya boye almajiri tsawon wata 2 yana lalata da shi a Suleja,0,1,0,0,0,0,hau,dan kasuwa ya boye almajiri tsawon wata 2 yana lalata da shi a suleja
hau_train_track_a_00295,"An kama wata mahaukaciya da ke bara dauke da N200,000 a Anambra",0,0,0,0,0,1,hau,an kama wata mahaukaciya da ke bara dauke da n200000 a anambra
hau_train_track_a_00296,Toh mizamu Qarudashi Acikin tarihinnasa🤔🤔🤔,0,0,0,0,0,1,hau,toh mizamu qarudashi acikin tarihinnasa🤔🤔🤔
hau_train_track_a_00297,pls kuna yada labaran qarya dayawa wlh a wace kasuwar naira tai muguwar faduwa yau kuji tsoron Allah 😷,1,0,0,0,1,0,hau,pls kuna yada labaran qarya dayawa wlh a wace kasuwar naira tai muguwar faduwa yau kuji tsoron allah 😷
hau_train_track_a_00298,An kashe matashi an binne shi a dakinsa,0,0,0,0,1,0,hau,an kashe matashi an binne shi a dakinsa
hau_train_track_a_00299,Wani Mutum ya saki matarsa bayan tayi yunkurin kashe kanta,0,0,0,0,1,1,hau,wani mutum ya saki matarsa bayan tayi yunkurin kashe kanta
hau_train_track_a_00300,Yaro yana shan ruwan da bera ya mutu a ciki,0,1,0,0,0,0,hau,yaro yana shan ruwan da bera ya mutu a ciki
hau_train_track_a_00301,Labarin tada hankali bbc mungaji haka🤫🤫🤫,0,0,0,0,0,0,hau,labarin tada hankali bbc mungaji haka🤫🤫🤫
hau_train_track_a_00302,"Allah ya tsinewa kalaman garba shehu makaryaci wawa marassa kisin yankinsu , idan hakane meyasa akanemi kuri'ar su a 2015 da kuma 2019 ?, wlh Allah wadai da kai DA buhari Allah , ya isa kuncin Amanar mu wlh zakuga karshinku,😭",1,0,0,0,0,0,hau,allah ya tsinewa kalaman garba shehu makaryaci wawa marassa kisin yankinsu idan hakane meyasa akanemi kuriar su a 2015 da kuma 2019 wlh allah wadai da kai da buhari allah ya isa kuncin amanar mu wlh zakuga karshinku😭
hau_train_track_a_00303,Shi sugaban kasa vaima kamata ya fadi hakaba don koshi yayi fita kasar waje shan magani 🤣 🤣,1,0,0,0,0,0,hau,shi sugaban kasa vaima kamata ya fadi hakaba don koshi yayi fita kasar waje shan magani 🤣 🤣
hau_train_track_a_00304,Sun tara bola a kan titi wurin se wari yake kudaje suna bi,0,1,0,0,0,0,hau,sun tara bola a kan titi wurin se wari yake kudaje suna bi
hau_train_track_a_00305,toh allah ubangiji ya kawo mana karshen wan nan fitintinun ya allah ka tausaya mana don rahamar ka,0,0,1,0,0,0,hau,toh allah ubangiji ya kawo mana karshen wan nan fitintinun ya allah ka tausaya mana don rahamar ka
hau_train_track_a_00306,idan ba tsoroba yayi irin ta buhari ya kira zangazangar lumana,0,0,0,0,0,0,hau,idan ba tsoroba yayi irin ta buhari ya kira zangazangar lumana
hau_train_track_a_00307,Yan Bindiga Sun Kashe Hadimin Shugaban Karamar Hukuma a Legas,0,0,0,0,1,0,hau,yan bindiga sun kashe hadimin shugaban karamar hukuma a legas
hau_train_track_a_00308,Hangen nasara: Magoya bayan PDP sun fara rera waka suna tikar rawar murna,0,0,0,1,0,0,hau,hangen nasara magoya bayan pdp sun fara rera waka suna tikar rawar murna
hau_train_track_a_00309,"Abun ma sai gaba-gaba yake, Allah ya kare.😡",0,0,1,0,1,0,hau,abun ma sai gabagaba yake allah ya kare😡
hau_train_track_a_00310,💞 ALLAH 💞 yay mana maganin wannan musiba,0,0,0,0,1,0,hau,💞 allah 💞 yay mana maganin wannan musiba
hau_train_track_a_00311,yajin aikin cin abinci kuma,0,0,0,0,0,1,hau,yajin aikin cin abinci kuma
hau_train_track_a_00312,"Korona: Mutane 184 sun karu a Najeriya, Jigawa, Bauchi da Katsina sun biyo bayan Legas",0,0,1,0,0,0,hau,korona mutane 184 sun karu a najeriya jigawa bauchi da katsina sun biyo bayan legas
hau_train_track_a_00313,Suna takura masa fa🤣,0,0,0,0,1,0,hau,suna takura masa fa🤣
hau_train_track_a_00314,"Naga kowa saya kawai yake, manya da yara 😂",0,0,0,0,0,1,hau,naga kowa saya kawai yake manya da yara 😂
hau_train_track_a_00315,Kwalara ta kashe 20 wasu 322 sun harbu a Bauchi,0,0,1,0,1,0,hau,kwalara ta kashe 20 wasu 322 sun harbu a bauchi
hau_train_track_a_00316,Dalilin da nake neman na kaina duk da arzikin mahaifina —Yayar Davido,0,0,0,0,0,0,hau,dalilin da nake neman na kaina duk da arzikin mahaifina —yayar davido
hau_train_track_a_00317,Karnuka na cin mushen akuya,0,1,0,0,0,0,hau,karnuka na cin mushen akuya
hau_train_track_a_00318,Tsohuwa mai Shekaru 90 ta Kammala Digiri Bayan Shekaru 71 da Shiga Jami’a,0,0,0,1,0,1,hau,tsohuwa mai shekaru 90 ta kammala digiri bayan shekaru 71 da shiga jami’a
hau_train_track_a_00319,muna taya mutanen garin farin ciki,0,0,0,1,0,0,hau,muna taya mutanen garin farin ciki
hau_train_track_a_00320,Haiwuwan farko horon gindi 😂... Ngla... Muje zuwa mahaukaci ya hau kura,0,0,0,0,0,0,hau,haiwuwan farko horon gindi 😂 ngla muje zuwa mahaukaci ya hau kura
hau_train_track_a_00321,Dan Allah bbc abinda yadace yakamata a dunga fada 🙏🏽,0,0,0,0,0,0,hau,dan allah bbc abinda yadace yakamata a dunga fada 🙏🏽
hau_train_track_a_00322,toh farrrr ita kuma wannan ta ina deexel yaxama bro din ta,0,0,0,0,0,1,hau,toh farrrr ita kuma wannan ta ina deexel yaxama bro din ta
hau_train_track_a_00323,Yana da kyau a yi bikin murnar haihuwa Annabi Isa – Sheikh Abduljabbar Kabara,0,0,0,1,0,0,hau,yana da kyau a yi bikin murnar haihuwa annabi isa – sheikh abduljabbar kabara
hau_train_track_a_00324,karyan banxa kenan,1,0,0,0,0,0,hau,karyan banxa kenan
hau_train_track_a_00325,Matsalar wiwi kenan pha inji ubanwa yace umurnin Buhari ne 😏,1,0,0,0,0,0,hau,matsalar wiwi kenan pha inji ubanwa yace umurnin buhari ne 😏
hau_train_track_a_00326,Me Yasa Kake Kwapsawa Don Girman Allah 😭😭,0,0,0,0,1,0,hau,me yasa kake kwapsawa don girman allah 😭😭
hau_train_track_a_00327,"""Allah Ya Kaddara Tinubu Zama Shugaban Kasa"": Oba Na Benin Ya Aika da Muhimmin Sako Ga Yan Najeriya",0,0,0,0,0,0,hau,allah ya kaddara tinubu zama shugaban kasa oba na benin ya aika da muhimmin sako ga yan najeriya
hau_train_track_a_00328,Ruwan ya gurbace da fıtsari da kashin mutane,0,1,0,0,0,0,hau,ruwan ya gurbace da fıtsari da kashin mutane
hau_train_track_a_00329,Allah ya kara kawo muna saukin wannan musiba 🤲,0,0,1,0,1,0,hau,allah ya kara kawo muna saukin wannan musiba 🤲
hau_train_track_a_00330,Kikace kin daina Sa dan kwali😁😁,0,0,0,0,0,1,hau,kikace kin daina sa dan kwali😁😁
hau_train_track_a_00331,Allah ya yiwa mahaifiyar Sheikh Dr Bashir Aliyu Umar AlFurqan rasuwa,0,0,0,0,1,0,hau,allah ya yiwa mahaifiyar sheikh dr bashir aliyu umar alfurqan rasuwa
hau_train_track_a_00332,Kiristocin Arewacin Najeriya sun yi wa Kabiru Turaki mubaya’a,0,0,0,1,0,0,hau,kiristocin arewacin najeriya sun yi wa kabiru turaki mubaya’a
hau_train_track_a_00333,"Subhanallah ya Allah ka kawo mana karshen wadannan masifu,Astaghfirullah wa'atubu ilaik🤲",0,0,1,0,1,0,hau,subhanallah ya allah ka kawo mana karshen wadannan masifuastaghfirullah waatubu ilaik🤲
hau_train_track_a_00334,Kaga garinda suka maida karuwanci sana’a 😂🤣🤣,0,0,0,0,0,1,hau,kaga garinda suka maida karuwanci sana’a 😂🤣🤣
hau_train_track_a_00335,Ya tara kayan wanki a daki se bashi suke suna tsami,0,1,0,0,0,0,hau,ya tara kayan wanki a daki se bashi suke suna tsami
hau_train_track_a_00336,Matsalar shaye-shaye 'yan mata da samari a arewa ta kai Innaa-Lillahi,0,0,1,0,1,0,hau,matsalar shayeshaye yan mata da samari a arewa ta kai innaalillahi
hau_train_track_a_00337,allah ya kawo mana ƙarshen wannan cuta a duniya baki ɗaya,0,0,1,0,0,0,hau,allah ya kawo mana ƙarshen wannan cuta a duniya baki ɗaya
hau_train_track_a_00338,kude jakunane kawai shine yasaka bakwa fashimta,1,1,0,0,0,0,hau,kude jakunane kawai shine yasaka bakwa fashimta
hau_train_track_a_00339,"Sabon hari: 'Yan bindiga sun sake kai hari jihar Neja, sun sace mutane sama da 40",0,0,1,0,1,0,hau,sabon hari yan bindiga sun sake kai hari jihar neja sun sace mutane sama da 40
hau_train_track_a_00340,"Dandalin Kannywood: Allah yayi wa fitaccen dan fim din Hausa, waragis rasuwa",0,0,0,0,1,0,hau,dandalin kannywood allah yayi wa fitaccen dan fim din hausa waragis rasuwa
hau_train_track_a_00341,Mummunan kisa: Uwargida ta tuntsuro Maigidanta daga gidan sama a jahar Kano,0,1,0,0,1,0,hau,mummunan kisa uwargida ta tuntsuro maigidanta daga gidan sama a jahar kano
hau_train_track_a_00342,Abin haushin na da yawa😞,1,0,0,0,0,0,hau,abin haushin na da yawa😞
hau_train_track_a_00343,Lalle zamu baka mamaki yau 😂😂🤣🤣,0,0,0,0,0,0,hau,lalle zamu baka mamaki yau 😂😂🤣🤣
hau_train_track_a_00344,"Na Kashe Mutane Sama Da 15 A Katsina Amma Ina Neman Afuwa, Ɗan Ta'adda Mai Shekaru 28 Da Dubunsa Ta Cika",0,0,0,0,1,0,hau,na kashe mutane sama da 15 a katsina amma ina neman afuwa ɗan taadda mai shekaru 28 da dubunsa ta cika
hau_train_track_a_00345,tab Allah shi wadaran naka ya lalace! 😂,0,0,0,0,1,0,hau,tab allah shi wadaran naka ya lalace 😂
hau_train_track_a_00346,Abin da ya hada ni da Adam A. Zango —Ummi Rahab,0,0,0,0,0,0,hau,abin da ya hada ni da adam a zango —ummi rahab
hau_train_track_a_00347,Kungiyar matasan Arewa ta yi Allah wadai da kiran a saki Sowore,1,0,0,0,0,0,hau,kungiyar matasan arewa ta yi allah wadai da kiran a saki sowore
hau_train_track_a_00348,Bayan 'sa hannun' Ganduje: Jerin kananan hukumomin dake karkashin masarautun Kano 5,0,0,0,0,0,0,hau,bayan sa hannun ganduje jerin kananan hukumomin dake karkashin masarautun kano 5
hau_train_track_a_00349,to daman baa gama waec ba,0,0,0,0,0,1,hau,to daman baa gama waec ba
hau_train_track_a_00350,Sun ci mushen akuya me wari a bikin kirisimeti,0,1,0,0,0,0,hau,sun ci mushen akuya me wari a bikin kirisimeti
hau_train_track_a_00351,Kyakkyawan bikin Halima Buhari a 2012,0,0,0,1,0,0,hau,kyakkyawan bikin halima buhari a 2012
hau_train_track_a_00352,allah ya walakanta su kafiran banza,1,0,0,0,0,0,hau,allah ya walakanta su kafiran banza
hau_train_track_a_00353,"Yo Sau Nawa suke fadar wannan maganar? Haka Ankayi Sakkwato komai yayi shiru, To Shin Kaka harkagga take ta sakkwato Koko itama ta wuce kamar sauran?😂😂",0,0,0,0,0,1,hau,yo sau nawa suke fadar wannan maganar haka ankayi sakkwato komai yayi shiru to shin kaka harkagga take ta sakkwato koko itama ta wuce kamar sauran😂😂
hau_train_track_a_00354,Ana zargin wani maigadi da yin lalata da mata ‘yan firamare 54,0,1,0,0,0,0,hau,ana zargin wani maigadi da yin lalata da mata ‘yan firamare 54
hau_train_track_a_00355,"Barawon tukunyar farfesun nama ya gamu da fushin kotu, ya sha bulalai!",1,0,0,0,0,0,hau,barawon tukunyar farfesun nama ya gamu da fushin kotu ya sha bulalai
hau_train_track_a_00356,Wannan tsohon nikam wai meh neh damuwar sa yin karya neh! Fisabillahi 🤔🤨😐,1,0,0,0,1,0,hau,wannan tsohon nikam wai meh neh damuwar sa yin karya neh fisabillahi 🤔🤨😐
hau_train_track_a_00357,Ya gamu da yan uwansa aljanu ai😂😂,0,0,0,1,0,0,hau,ya gamu da yan uwansa aljanu ai😂😂
hau_train_track_a_00358,Hukumar Hisbah a Kano ta lalata manyan tireloli 30 da aka cika da barasa,0,0,0,1,0,0,hau,hukumar hisbah a kano ta lalata manyan tireloli 30 da aka cika da barasa
hau_train_track_a_00359,"Sheikh Bello Yabo ya yi addu'ar Allah yasa a sace Buhari, El-Rufai da Garba Shehu",1,0,0,0,0,0,hau,sheikh bello yabo ya yi adduar allah yasa a sace buhari elrufai da garba shehu
hau_train_track_a_00360,Tarihin Mai martaba Sarkin Zazzau Alhaji Shehu Idris,0,0,0,0,0,0,hau,tarihin mai martaba sarkin zazzau alhaji shehu idris
hau_train_track_a_00361,allah ya kyauta allah ubangiji ya karemu,0,0,1,0,0,0,hau,allah ya kyauta allah ubangiji ya karemu
hau_train_track_a_00362,"Motar 'yan kungiyar Lobi stars ta yi gobara, wasu 'yan wasa sun jikkata",0,0,1,0,1,0,hau,motar yan kungiyar lobi stars ta yi gobara wasu yan wasa sun jikkata
hau_train_track_a_00363,"“Allah Ya Ba Ku Ikon Sauke Nauyi”, Tinubu Ya Taya Diri, Ododo, Uzodimma Murna",0,0,0,1,0,0,hau,“allah ya ba ku ikon sauke nauyi” tinubu ya taya diri ododo uzodimma murna
hau_train_track_a_00364,"Ahmad Gumi: Hakurin Gwamnatin Tarayya Ya Kare, Ta Dauki Mataki Kan Malamin Musulunci",1,0,0,0,0,0,hau,ahmad gumi hakurin gwamnatin tarayya ya kare ta dauki mataki kan malamin musulunci
hau_train_track_a_00365,Kenan duk taron yuyuyu ne a gidan da basu kula ba 😂😂😂,0,0,0,1,0,0,hau,kenan duk taron yuyuyu ne a gidan da basu kula ba 😂😂😂
hau_train_track_a_00366,"Bola Tinubu Ya Hadu da Sarakuna, Yayi Masu Godiya Amma Ya Roki Taimako 1",0,0,0,1,0,0,hau,bola tinubu ya hadu da sarakuna yayi masu godiya amma ya roki taimako 1
hau_train_track_a_00367,"Buhari Bai Taɓuka Komai Ba, Bai San Makamar Aiki Ba, Sanata Rufa'i Hanga",1,0,0,0,0,0,hau,buhari bai taɓuka komai ba bai san makamar aiki ba sanata rufai hanga
hau_train_track_a_00368,Yaran yayi kashi a cikin dakin duk yabata bangon dakin,0,1,0,0,0,0,hau,yaran yayi kashi a cikin dakin duk yabata bangon dakin
hau_train_track_a_00369,Ke dan gidanku👊 bakasan yiwa mutane Reply ko🙄 @<username>,1,0,0,0,0,0,hau,ke dan gidanku👊 bakasan yiwa mutane reply ko🙄 username
hau_train_track_a_00370,Yaro da kashi a jikin sa yana yawo,0,1,0,0,0,0,hau,yaro da kashi a jikin sa yana yawo
hau_train_track_a_00371,tappp ba zasu daina ba knan,0,0,0,0,0,1,hau,tappp ba zasu daina ba knan
hau_train_track_a_00372,"Guguwar iska ta rusa gidaje 1,000 a Kebbi da Zamfara",0,0,1,0,1,0,hau,guguwar iska ta rusa gidaje 1000 a kebbi da zamfara
hau_train_track_a_00373,Alheri gadon barci: Attajiri ya fara rabon kayan Sallah ga gajiyayyu da talakawa a Sakkwato,0,0,0,1,0,0,hau,alheri gadon barci attajiri ya fara rabon kayan sallah ga gajiyayyu da talakawa a sakkwato
hau_train_track_a_00374,Allah ka kawo karshen tashin hankalin nan😩🙏🏾,0,0,1,0,0,0,hau,allah ka kawo karshen tashin hankalin nan😩🙏🏾
hau_train_track_a_00375,wai har yanzu lokacin shan ruwa baiyyi ba ne,0,0,0,0,0,1,hau,wai har yanzu lokacin shan ruwa baiyyi ba ne
hau_train_track_a_00376,"Ku yi rayuwa mai kyau, ko za ku samu makoma kyau - Obasanjo ya shawarci 'yan Najeriya",0,0,0,0,0,0,hau,ku yi rayuwa mai kyau ko za ku samu makoma kyau obasanjo ya shawarci yan najeriya
hau_train_track_a_00377,"Ashe ba iya mu yake yaudara ba har da matarsa , toh kishiya xaiyo maki kike wage baki 😁😁😁",0,0,0,0,0,1,hau,ashe ba iya mu yake yaudara ba har da matarsa toh kishiya xaiyo maki kike wage baki 😁😁😁
hau_train_track_a_00378,Sojoji 37 aka kashe a harin hanyar Maiduguri zuwa Damboa - Majiyoyi,0,0,1,0,1,0,hau,sojoji 37 aka kashe a harin hanyar maiduguri zuwa damboa majiyoyi
hau_train_track_a_00379,"Goron Juma'a: Auren Jari Hujja, Tare da Sheikh Aminu Ibrahim Daurawa",0,0,0,0,0,0,hau,goron jumaa auren jari hujja tare da sheikh aminu ibrahim daurawa
hau_train_track_a_00380,Ta. Wannan katabbata kazami n Shekara biyar ba kwana biyar bane.... Anyakuwa likitane da gaske??? Amma wannan hoton na shekara biyar da suka gabata ne ko? Don nasan kazamin yanxu ko Mubarak black yafishi haske 🚶🚶🚶🚶,0,1,0,0,0,1,hau,ta wannan katabbata kazami n shekara biyar ba kwana biyar bane anyakuwa likitane da gaske amma wannan hoton na shekara biyar da suka gabata ne ko don nasan kazamin yanxu ko mubarak black yafishi haske 🚶🚶🚶🚶
hau_train_track_a_00381,Ya lashe aman da ya yi,0,1,0,0,0,0,hau,ya lashe aman da ya yi
hau_train_track_a_00382,Allah ya kawo mana sauki wannan al amari Ameen ya Allah 🙏🙏🙏,0,0,1,0,1,0,hau,allah ya kawo mana sauki wannan al amari ameen ya allah 🙏🙏🙏
hau_train_track_a_00383,Gida bai koshi ba: Manyan ayyuka 69 Buhari ke malalawa a kudancin Najeriya,0,0,0,0,1,0,hau,gida bai koshi ba manyan ayyuka 69 buhari ke malalawa a kudancin najeriya
hau_train_track_a_00384,hajiya rahama mu fa bamu gane emojin nan naki ba fa kodai,0,0,0,0,0,1,hau,hajiya rahama mu fa bamu gane emojin nan naki ba fa kodai
hau_train_track_a_00385,1)idan fitsari banzane kaza tayi😀 2)Kallom hadarin kaji😀 Tabb wllh na manta ragowa😀😀🙈🙈,0,0,0,0,0,0,hau,1idan fitsari banzane kaza tayi😀 2kallom hadarin kaji😀 tabb wllh na manta ragowa😀😀🙈🙈
hau_train_track_a_00386,allah ya kawo muna karshen wannan taaddanci a nigeria amin,0,0,1,0,1,0,hau,allah ya kawo muna karshen wannan taaddanci a nigeria amin
hau_train_track_a_00387,"Son hada kan Najeriya na saka ni hauka, Okorocha ya nuna damuwarsa kan Najeriya",0,0,0,0,1,0,hau,son hada kan najeriya na saka ni hauka okorocha ya nuna damuwarsa kan najeriya
hau_train_track_a_00388,kai wallahi naji dadi sosai wallahi cant wait to see dear allah yakara ilimi da basira ameen,0,0,0,1,0,0,hau,kai wallahi naji dadi sosai wallahi cant wait to see dear allah yakara ilimi da basira ameen
hau_train_track_a_00389,Wata sabuwa trump fa yana so yayi inconclusive🤣🤣,0,0,0,0,0,1,hau,wata sabuwa trump fa yana so yayi inconclusive🤣🤣
hau_train_track_a_00390,Matar da ta rubuta jarrabawa awanni kadan bayan ta haihu ta fita da sakamako mai kyau,0,0,0,1,0,1,hau,matar da ta rubuta jarrabawa awanni kadan bayan ta haihu ta fita da sakamako mai kyau
hau_train_track_a_00391,Tirkash🤔 to Allah sa Mahamat yafi karfin zuciyarsa enba hakabaaaa.....Hmm,0,0,0,0,0,1,hau,tirkash🤔 to allah sa mahamat yafi karfin zuciyarsa enba hakabaaaahmm
hau_train_track_a_00392,Yaron ya yi Amai a rigar Babansa.,0,1,0,0,0,0,hau,yaron ya yi amai a rigar babansa
hau_train_track_a_00393,first lady kuma yau kan garba shehu ta dira kenan,0,0,0,0,0,0,hau,first lady kuma yau kan garba shehu ta dira kenan
hau_train_track_a_00394,Rahma kina burgeni wllh kuma inason films dinki burina Inganki ido da ido zanyi murna sosai💃💃,0,0,0,1,0,0,hau,rahma kina burgeni wllh kuma inason films dinki burina inganki ido da ido zanyi murna sosai💃💃
hau_train_track_a_00395,Ina jin mutuwa zanyi - 'Yar aiki a kasar Saudiyya ta bayyana yadda ubangidanta yake cin zarafinta a wani bidiyo,0,0,0,0,1,0,hau,ina jin mutuwa zanyi yar aiki a kasar saudiyya ta bayyana yadda ubangidanta yake cin zarafinta a wani bidiyo
hau_train_track_a_00396,Lalle wannan kurtun dan iskane wato har yasamu daman posting da wayarta. 🤔🤔🤔🤔,1,0,0,0,0,0,hau,lalle wannan kurtun dan iskane wato har yasamu daman posting da wayarta 🤔🤔🤔🤔
hau_train_track_a_00397,"Tsakanin Mu da ke Sai Allah ya Isa kawai,Dun da baki Saka Wa ennan Hotunan ba, tun farko, da hakan Bata Faru ba, kuma Ma Kukan Me Zaki Zo nan kinayi, me Yasa Bakiyi tunani, tun Kafin ki Saka su ba, A dole ke kin waye, ke ga Celebrity, A zindir Allah ya isar mana Wlh 😢😢",1,1,0,0,0,0,hau,tsakanin mu da ke sai allah ya isa kawaidun da baki saka wa ennan hotunan ba tun farko da hakan bata faru ba kuma ma kukan me zaki zo nan kinayi me yasa bakiyi tunani tun kafin ki saka su ba a dole ke kin waye ke ga celebrity a zindir allah ya isar mana wlh 😢😢
hau_train_track_a_00398,Kasuwarmu ta samu bunkasar tattalin arziki sosai – Alhaji Abdallah,0,0,0,1,0,0,hau,kasuwarmu ta samu bunkasar tattalin arziki sosai – alhaji abdallah
hau_train_track_a_00399,"Dan takarar gwamnan PDP ya amince da shan kaye, ya taya Soludo murna",0,0,0,0,0,0,hau,dan takarar gwamnan pdp ya amince da shan kaye ya taya soludo murna
hau_train_track_a_00400,"Don Allah, don soyayyar ma'aiki Sallallahu Alaihi Wa Sallam mu taimaka kan wannan yarinya",0,0,0,0,1,0,hau,don allah don soyayyar maaiki sallallahu alaihi wa sallam mu taimaka kan wannan yarinya
hau_train_track_a_00401,‘Don taya Fintiri murnar cin zabe muke tattaki daga Kaduna zuwa Yola’,0,0,0,1,0,0,hau,‘don taya fintiri murnar cin zabe muke tattaki daga kaduna zuwa yola’
hau_train_track_a_00402,Wlh hemunci uwarsu 😡😡,1,0,0,0,0,0,hau,wlh hemunci uwarsu 😡😡
hau_train_track_a_00403,Musulunci addini ne mai matukar rinjaye shine yasa mutanen duniya suka tsane shi - Karen Armstrong,0,0,0,0,0,0,hau,musulunci addini ne mai matukar rinjaye shine yasa mutanen duniya suka tsane shi karen armstrong
hau_train_track_a_00404,"Alheri danko: Wata kungiyar musulunci ta kawo alheri Kaduna, ta yi aikin jinyar ido kyauta",0,0,0,1,0,0,hau,alheri danko wata kungiyar musulunci ta kawo alheri kaduna ta yi aikin jinyar ido kyauta
hau_train_track_a_00405,"Lol uhmm, ama ba a irin wurinki baaa,😉😉😉",0,0,0,0,0,0,hau,lol uhmm ama ba a irin wurinki baaa😉😉😉
hau_train_track_a_00406,🤣🤣🤣 wae dan Allah ina ruwan ku,1,0,0,0,0,0,hau,🤣🤣🤣 wae dan allah ina ruwan ku
hau_train_track_a_00407,"Allahu Akbar: Yadda tsawa ta faɗa Taraba, ta kashe ƴan gida ɗaya su 3",0,0,0,0,1,0,hau,allahu akbar yadda tsawa ta faɗa taraba ta kashe ƴan gida ɗaya su 3
hau_train_track_a_00408,Bazata Iya ba fah malam kawai dai fada take 😀😀😀,0,0,0,0,0,0,hau,bazata iya ba fah malam kawai dai fada take 😀😀😀
hau_train_track_a_00409,"Yayi ta banzar , abin daya kamata yayi ne dashi da duk wasu musulmin yan kwallon kafa, amma sun kasa, anyi mishi kuma wai zai kai kara..kaji shashasha😒",1,0,0,0,0,0,hau,yayi ta banzar abin daya kamata yayi ne dashi da duk wasu musulmin yan kwallon kafa amma sun kasa anyi mishi kuma wai zai kai karakaji shashasha😒
hau_train_track_a_00410,‘Yan Hisbah sun kama litoci fiye da 2000 na burkutu da kwalaben giya 96 a Jigawa,0,0,0,0,0,1,hau,‘yan hisbah sun kama litoci fiye da 2000 na burkutu da kwalaben giya 96 a jigawa
hau_train_track_a_00411,ashe Tanko na tsoron Corona virus🤣,0,0,0,0,0,0,hau,ashe tanko na tsoron corona virus🤣
hau_train_track_a_00412,Ma'aurata na cin naman kwaɗo,0,1,0,0,0,0,hau,maaurata na cin naman kwaɗo
hau_train_track_a_00413,Allah ka karemu katsaremu da wannan cutar🙏,0,0,1,0,0,0,hau,allah ka karemu katsaremu da wannan cutar🙏
hau_train_track_a_00414,Akwai 'yan ta'adda a cikinta👍👍,0,0,1,0,0,0,hau,akwai yan taadda a cikinta👍👍
hau_train_track_a_00415,"Toh fa Allah ya kyauta, wani Abu sai Nigeria🙏",0,0,0,0,1,1,hau,toh fa allah ya kyauta wani abu sai nigeria🙏
hau_train_track_a_00416,Mutane miliyan 25 na iya rasa abin yi saboda tashin Dala da wahalar kayan abinci inji PAN,0,0,1,0,1,0,hau,mutane miliyan 25 na iya rasa abin yi saboda tashin dala da wahalar kayan abinci inji pan
hau_train_track_a_00417,Aisha Yesufu ta bada shawarar 'Yan ta'addan kungiyar IPOB su hada-kai da Jam’iyyar APGA,0,0,0,0,0,0,hau,aisha yesufu ta bada shawarar yan taaddan kungiyar ipob su hadakai da jam’iyyar apga
hau_train_track_a_00418,aslm ya allah ka kawo wa alummar annabi muhammad saw dauki ka sassauta mana ya allah kai mana maganin damuwar mu alfarmar wannan watan na ramadan na annabi yace amin,0,0,0,0,1,0,hau,aslm ya allah ka kawo wa alummar annabi muhammad saw dauki ka sassauta mana ya allah kai mana maganin damuwar mu alfarmar wannan watan na ramadan na annabi yace amin
hau_train_track_a_00419,allah ya kawomana karshen wannan masifakuma muna fatan gwamnati zatayi duk mai yuwuwa gorin kamo masu hannu awannandakuma hukuntasudomin kaucewa faruwan haka a gaba allah ya kyauta,0,0,0,0,1,0,hau,allah ya kawomana karshen wannan masifakuma muna fatan gwamnati zatayi duk mai yuwuwa gorin kamo masu hannu awannandakuma hukuntasudomin kaucewa faruwan haka a gaba allah ya kyauta
hau_train_track_a_00420,subahanallah subahanallah allah yasa mudace,0,0,1,0,1,0,hau,subahanallah subahanallah allah yasa mudace
hau_train_track_a_00421,Atiku ya koka kan yadda ake kashe rayukan bayin Allah a Jos,0,0,0,0,1,0,hau,atiku ya koka kan yadda ake kashe rayukan bayin allah a jos
hau_train_track_a_00422,Tsaro: An fitar da kididdigar adadin mutanen da aka kashe a Zamfara cikin mako guda,0,0,0,0,1,0,hau,tsaro an fitar da kididdigar adadin mutanen da aka kashe a zamfara cikin mako guda
hau_train_track_a_00423,Biredin da ya tsufa da yawa ya fara wari mara dadi har ƙwari na fitowa daga cikin sa,0,1,0,0,0,0,hau,biredin da ya tsufa da yawa ya fara wari mara dadi har ƙwari na fitowa daga cikin sa
hau_train_track_a_00424,“@<username> An yi wa 'yan adawa bulala a Sudan ##URL## 😄😄,0,0,0,0,0,0,hau,“username an yi wa yan adawa bulala a sudan url 😄😄
hau_train_track_a_00425,"Mahaifiyar Hameed Ali, shugaban kwastam ta riga mu gidan gaskiya",0,0,0,0,1,0,hau,mahaifiyar hameed ali shugaban kwastam ta riga mu gidan gaskiya
hau_train_track_a_00426,Lilin Baba zai angwance da Ummi Rahab,0,0,0,1,0,0,hau,lilin baba zai angwance da ummi rahab
hau_train_track_a_00427,"Allah yayi wa Ore Falomo, likitan MKO Abiola rasuwa",0,0,0,0,1,0,hau,allah yayi wa ore falomo likitan mko abiola rasuwa
hau_train_track_a_00428,"Yan daba sun kai wa 'yan kwana-kwana hari a Kogi, sun raunata wasu sun lalata motar kashe gobara",0,0,1,0,1,0,hau,yan daba sun kai wa yan kwanakwana hari a kogi sun raunata wasu sun lalata motar kashe gobara
hau_train_track_a_00429,Na daga yaron Sama Ina mishi wasa kawai se tunbudi a cikin bakina,0,1,0,0,0,0,hau,na daga yaron sama ina mishi wasa kawai se tunbudi a cikin bakina
hau_train_track_a_00430,Warin ɓera ya hana zaman taro.,0,1,0,0,0,0,hau,warin ɓera ya hana zaman taro
hau_train_track_a_00431,Barkonon tsohuwa zaa harba mar😀,0,0,0,1,0,0,hau,barkonon tsohuwa zaa harba mar😀
hau_train_track_a_00432,"Surukar marigayi Bilyaminu, Maimuna Aliyu tana kotu bisa tuhumar wawurar dukiyar gwamnati",0,0,0,0,0,0,hau,surukar marigayi bilyaminu maimuna aliyu tana kotu bisa tuhumar wawurar dukiyar gwamnati
hau_train_track_a_00433,Allah ya yi wa ƙanin Sarkin Daura rasuwa sakamakon hatsarin mota,0,0,0,0,1,0,hau,allah ya yi wa ƙanin sarkin daura rasuwa sakamakon hatsarin mota
hau_train_track_a_00434,Kumai tsiyar Buhari 😂,0,0,0,0,0,0,hau,kumai tsiyar buhari 😂
hau_train_track_a_00435,Binne gawa na neman zama alkakai ga ’yan Arewa mazauna Fatakwal,0,0,0,0,1,0,hau,binne gawa na neman zama alkakai ga ’yan arewa mazauna fatakwal
hau_train_track_a_00436,Kaji yan Kutumar uba ai kuwa akwai dadi ka Dannama mutum ashar Musamman kayimai irin mai steps dinnan like uban babanka🤨,1,0,0,0,0,0,hau,kaji yan kutumar uba ai kuwa akwai dadi ka dannama mutum ashar musamman kayimai irin mai steps dinnan like uban babanka🤨
hau_train_track_a_00437,Karar kwana: Yan biki su 21 sun gamu da ajalinsu a wani mummunan hatsari akan hanyar zuwa daurin aure,0,0,0,0,1,0,hau,karar kwana yan biki su 21 sun gamu da ajalinsu a wani mummunan hatsari akan hanyar zuwa daurin aure
hau_train_track_a_00438,Mtwss qaryar banza 🙄🙄,1,0,0,0,0,0,hau,mtwss qaryar banza 🙄🙄
hau_train_track_a_00439,Kin koma aikin gidan radio ne😂😂😂,0,0,0,0,0,1,hau,kin koma aikin gidan radio ne😂😂😂
hau_train_track_a_00440,Ya lashe koriyar majinar da ke fita hancinsa,0,1,0,0,0,0,hau,ya lashe koriyar majinar da ke fita hancinsa
hau_train_track_a_00441,A shirye mu ke tsaf mu shiga Kotu da Ganduje – Mawallafin Daily Nigerian Jafar Jafar,1,0,0,0,0,0,hau,a shirye mu ke tsaf mu shiga kotu da ganduje – mawallafin daily nigerian jafar jafar
hau_train_track_a_00442,Matashi yana yawo da Kai duk amosali,0,1,0,0,0,0,hau,matashi yana yawo da kai duk amosali
hau_train_track_a_00443,"Kai wannan matan ta kwashi kudi, rai da kwadayi knan ina zataje da kuddi kuma na haram ma haka 🤔🤔",0,0,0,0,0,0,hau,kai wannan matan ta kwashi kudi rai da kwadayi knan ina zataje da kuddi kuma na haram ma haka 🤔🤔
hau_train_track_a_00444,"Matawalle Ya Fusata Kan Tsaro, Ya Tura Zazzafan Gargadi Ga Sabbin Sojin da Suka Samu Karin Girma",1,0,0,0,0,0,hau,matawalle ya fusata kan tsaro ya tura zazzafan gargadi ga sabbin sojin da suka samu karin girma
hau_train_track_a_00445,Zakuci naman baba lale ko 😂,0,0,0,0,0,0,hau,zakuci naman baba lale ko 😂
hau_train_track_a_00446,"Nike da abunda bazan manta dashiba a 2020, har nabar duniya, nabarwa zuciya ta wannan takaicin Allah ya Kara mana imani duniya da lafira Amin.😭😭",1,0,0,0,1,0,hau,nike da abunda bazan manta dashiba a 2020 har nabar duniya nabarwa zuciya ta wannan takaicin allah ya kara mana imani duniya da lafira amin😭😭
hau_train_track_a_00447,Ay fa Kin ga haza😅 Allah ya kyauta,0,0,0,1,0,0,hau,ay fa kin ga haza😅 allah ya kyauta
hau_train_track_a_00448,Tab zakuga mamaki daganin idoh ku😹,0,0,0,0,0,0,hau,tab zakuga mamaki daganin idoh ku😹
hau_train_track_a_00449,Lafiya Uwar Jiki: Anfanin kafar kaza 4 a jikin dan adam da zasu baku mamaki,0,0,0,1,0,1,hau,lafiya uwar jiki anfanin kafar kaza 4 a jikin dan adam da zasu baku mamaki
hau_train_track_a_00450,"Wannan abin fa 🤔 Naga alamun dagaske ne, anma su kamfanonin layin da Kuma bakuna zasu Sha wahala",0,0,1,0,1,0,hau,wannan abin fa 🤔 naga alamun dagaske ne anma su kamfanonin layin da kuma bakuna zasu sha wahala
hau_train_track_a_00451,Gwalagwajin tumatur Yana fitar da ruwa me doyi,0,1,0,0,0,0,hau,gwalagwajin tumatur yana fitar da ruwa me doyi
hau_train_track_a_00452,"Dan wani tsohon shugaban kasa ya aikata kuruciyar bera, ya fuskanci fushin alkali",1,0,0,0,0,0,hau,dan wani tsohon shugaban kasa ya aikata kuruciyar bera ya fuskanci fushin alkali
hau_train_track_a_00453,haba da gaske,0,0,0,0,0,1,hau,haba da gaske
hau_train_track_a_00454,taab har na tausayawa masu yin zaben don zasu sha rana a banza,0,0,0,0,1,0,hau,taab har na tausayawa masu yin zaben don zasu sha rana a banza
hau_train_track_a_00455,To wai meyasa bazasu gwada a sauran kasashenda sukafi afirka wannan annoba bane. Akwai lauje chikin nadifa🤔🤔,0,0,1,0,1,0,hau,to wai meyasa bazasu gwada a sauran kasashenda sukafi afirka wannan annoba bane akwai lauje chikin nadifa🤔🤔
hau_train_track_a_00456,allah kyauta allah mana tsari dasu,0,0,1,0,0,0,hau,allah kyauta allah mana tsari dasu
hau_train_track_a_00457,Magidanci ya kashe matarsa saboda ta raina bajintarsa wurin kwanciyar aure,0,1,0,0,1,0,hau,magidanci ya kashe matarsa saboda ta raina bajintarsa wurin kwanciyar aure
hau_train_track_a_00458,wae nikam ya ake gane miji nagari ne Ni nabi kudi banga dai dai bah Ke da kika ni soyayyan kina ta kuka Hahahah 💕💔 Wato. Ko bana gajiya da kallon film dinnan yaseen,0,0,0,1,0,0,hau,wae nikam ya ake gane miji nagari ne ni nabi kudi banga dai dai bah ke da kika ni soyayyan kina ta kuka hahahah 💕💔 wato ko bana gajiya da kallon film dinnan yaseen
hau_train_track_a_00459,Sakamakon canji: Atiku ya taya diyarsa murna bayan ta kama sana'a,0,0,0,1,0,0,hau,sakamakon canji atiku ya taya diyarsa murna bayan ta kama sanaa
hau_train_track_a_00460,Wani Saraki da yayi wa mace zigidir a Kasuwa zai shekara a kurkuku,0,1,0,0,0,0,hau,wani saraki da yayi wa mace zigidir a kasuwa zai shekara a kurkuku
hau_train_track_a_00461,Kut sata kiri kiri wannan fah ake kira next level 😂😂😂🤣🤣🤣,0,0,0,0,0,1,hau,kut sata kiri kiri wannan fah ake kira next level 😂😂😂🤣🤣🤣
hau_train_track_a_00462,barawon jakar mata ya shiga hannu,0,0,0,1,0,0,hau,barawon jakar mata ya shiga hannu
hau_train_track_a_00463,Iyayenshi igbo Amman #hausa rangadau a bakinshi kamar jakin kano😂😂,0,0,0,0,0,1,hau,iyayenshi igbo amman hausa rangadau a bakinshi kamar jakin kano😂😂
hau_train_track_a_00464,Kinga Ni ko rahma nayi matukar bakin ciki😠 da Naga wanan hotun Nan kina jamana zagi a matsayin ki n musulma tun Muna damuwa har mun sallama ki Amma abin takaici shine abin ya tashi daka kanmu ta dalilin ki anyi batanci ga fiyayyen halitta Annabin Muhammad S A W 😭😰😥😢,1,0,0,0,1,0,hau,kinga ni ko rahma nayi matukar bakin ciki😠 da naga wanan hotun nan kina jamana zagi a matsayin ki n musulma tun muna damuwa har mun sallama ki amma abin takaici shine abin ya tashi daka kanmu ta dalilin ki anyi batanci ga fiyayyen halitta annabin muhammad s a w 😭😰😥😢
hau_train_track_a_00465,Yadda 'yan kungiyar asiri suka makantar da ni saboda na ki shiga kungiyarsu - Matashi,0,0,0,0,1,0,hau,yadda yan kungiyar asiri suka makantar da ni saboda na ki shiga kungiyarsu matashi
hau_train_track_a_00466,Nabi ladama da 🏃🏃🏃🏃🏃 ladama fada ake ko aikine yake nuna anyita kixo kina raina Allah da manxansa kixo kina wani kuka a duniya kowa na gani idan k yi ladama gaba dayan k xaki canxa dabi'unk kamar yanda wayanda suka gabace k suka aikata ko n kk wa wannan ladamar baxan karba b,1,0,0,0,0,0,hau,nabi ladama da 🏃🏃🏃🏃🏃 ladama fada ake ko aikine yake nuna anyita kixo kina raina allah da manxansa kixo kina wani kuka a duniya kowa na gani idan k yi ladama gaba dayan k xaki canxa dabiunk kamar yanda wayanda suka gabace k suka aikata ko n kk wa wannan ladamar baxan karba b
hau_train_track_a_00467,Kudaje na bin gyenbonsa,0,1,0,0,0,0,hau,kudaje na bin gyenbonsa
hau_train_track_a_00468,Idan yanzu bakuyi ba zakuyi nan gaba 😏,0,0,0,0,0,0,hau,idan yanzu bakuyi ba zakuyi nan gaba 😏
hau_train_track_a_00469,Dalilin da ya sa na daina zuwa yin jaje Zamfara – Yariman Bakura,0,0,0,0,0,0,hau,dalilin da ya sa na daina zuwa yin jaje zamfara – yariman bakura
hau_train_track_a_00470,"Akwai Alheri 1: Shugaba Tinubu Ya Gana da Shugaban UAE, Hotuna da Bayanai Sun Bayyana",0,0,0,1,0,0,hau,akwai alheri 1 shugaba tinubu ya gana da shugaban uae hotuna da bayanai sun bayyana
hau_train_track_a_00471,Gwamnonin APC sun taya Buhari murnar cika shekara 77,0,0,0,1,0,0,hau,gwamnonin apc sun taya buhari murnar cika shekara 77
hau_train_track_a_00472,"Da duminsa: Yan ta'addan Boko Haram sun hallaka Soji 7, sun koresu daga barikinsu a Borno",0,0,1,0,1,0,hau,da duminsa yan taaddan boko haram sun hallaka soji 7 sun koresu daga barikinsu a borno
hau_train_track_a_00473,Yaron ma'kotan mu da ya 'kone a cinya kiyashi sun baibaye 'konuwar suna ta tsatssagar ciwon,0,1,0,0,0,0,hau,yaron makotan mu da ya kone a cinya kiyashi sun baibaye konuwar suna ta tsatssagar ciwon
hau_train_track_a_00474,"Jihar Neja: ’Yan Bindiga Sun Hallaka Kodinetan Hukumar FIRS, Sun Sace Mutum 3",0,0,1,0,1,0,hau,jihar neja ’yan bindiga sun hallaka kodinetan hukumar firs sun sace mutum 3
hau_train_track_a_00475,meyasa kikesa chain a kafanki 🤔,0,0,0,0,0,1,hau,meyasa kikesa chain a kafanki 🤔
hau_train_track_a_00476,Takardan da aka yi amfani da shi wajen goge kashin jariri ya fada a ruwan shayi,0,1,0,0,0,0,hau,takardan da aka yi amfani da shi wajen goge kashin jariri ya fada a ruwan shayi
hau_train_track_a_00477,Subhanallah Allah ya kubutar da su🤲,0,0,1,0,1,0,hau,subhanallah allah ya kubutar da su🤲
hau_train_track_a_00478,"An yi wa mutum 1,600 aikin ido kyauta a Jigawa",0,0,0,1,0,0,hau,an yi wa mutum 1600 aikin ido kyauta a jigawa
hau_train_track_a_00479,Wandoki ya yage a gwuiwa😂😂😂😂,0,0,0,0,0,0,hau,wandoki ya yage a gwuiwa😂😂😂😂
hau_train_track_a_00480,"Shawarata ga baba shine Dan Allah a duba talakan Nigeria musamman 'yan arewa wallahi ana cikin mawuyacin hali, yanzu sai kaga magidanci ya koma almajiri sbd kawai bashi da abin yi km ga iyali,yara kanana suna bin gidaje suna barar abin da zasu saka a bakinsu😭😭😭😭",0,0,0,0,1,0,hau,shawarata ga baba shine dan allah a duba talakan nigeria musamman yan arewa wallahi ana cikin mawuyacin hali yanzu sai kaga magidanci ya koma almajiri sbd kawai bashi da abin yi km ga iyaliyara kanana suna bin gidaje suna barar abin da zasu saka a bakinsu😭😭😭😭
hau_train_track_a_00481,Yan matan yanxu abun tsorone wlh hakafa wata tafara nunamin bakin kishi da tagida ai wlh daga ranar bata kara ganina ba🏃🏻🏃🏻🏃🏻🏃🏻‍♂🦸🏼‍♂🦸🏼‍♂,0,0,1,0,0,0,hau,yan matan yanxu abun tsorone wlh hakafa wata tafara nunamin bakin kishi da tagida ai wlh daga ranar bata kara ganina ba🏃🏻🏃🏻🏃🏻🏃🏻‍♂🦸🏼‍♂🦸🏼‍♂
hau_train_track_a_00482,"Dama bayida wani anfani, sai dai kawai yan kudun Nigeria dasuke koyawa yan arewacin Nigeria iskanci👌🏻. Eg Zina!",1,0,0,0,0,0,hau,dama bayida wani anfani sai dai kawai yan kudun nigeria dasuke koyawa yan arewacin nigeria iskanci👌🏻 eg zina
hau_train_track_a_00483,tabbbb abun dariya,0,0,0,1,0,1,hau,tabbbb abun dariya
hau_train_track_a_00484,Alheri danko: Daliban Kwankwaso da su ka yi aure sun sanyawa diyar su sunan matar sa,0,0,0,1,0,0,hau,alheri danko daliban kwankwaso da su ka yi aure sun sanyawa diyar su sunan matar sa
hau_train_track_a_00485,Hahahaha 😂😂😂 Kaih jama a masu Shan wiwi zasuyi murna,0,0,0,1,0,0,hau,hahahaha 😂😂😂 kaih jama a masu shan wiwi zasuyi murna
hau_train_track_a_00486,Lallai akwai kura😂,0,0,0,0,0,0,hau,lallai akwai kura😂
hau_train_track_a_00487,Kunji yan gatan liti mugu arewa kuma su mutu ko 😭,1,0,0,0,1,0,hau,kunji yan gatan liti mugu arewa kuma su mutu ko 😭
hau_train_track_a_00488,Kina iskanci san ranki plx indai zaki burgeni ki curo NONON ki daya 1 plx i wan see somtin ☝,1,1,0,0,0,0,hau,kina iskanci san ranki plx indai zaki burgeni ki curo nonon ki daya 1 plx i wan see somtin ☝
hau_train_track_a_00489,Kadage da cin bashi har a takai bature ya sallama gidanka yace fito nabiya kudinka😂,0,0,0,1,0,0,hau,kadage da cin bashi har a takai bature ya sallama gidanka yace fito nabiya kudinka😂
hau_train_track_a_00490,"Ohh!...mu da kullun sai munji Harbin fa a arewa?..yayi dai dai, Suma suji Karan Harbin da talakawa ke fama.😳🤨😠",1,0,0,0,0,1,hau,ohhmu da kullun sai munji harbin fa a arewayayi dai dai suma suji karan harbin da talakawa ke fama😳🤨😠
hau_train_track_a_00491,Fasto ya yi wa mataimakiyarsa fyade,0,1,0,0,0,0,hau,fasto ya yi wa mataimakiyarsa fyade
hau_train_track_a_00492,Allah Ya kiyaye gaba: Wata wuta da ta tashi a wata kasuwar jihar Kano ta babbaka shaguna 22,0,0,1,0,1,0,hau,allah ya kiyaye gaba wata wuta da ta tashi a wata kasuwar jihar kano ta babbaka shaguna 22
hau_train_track_a_00493,ASUU ta ce za ta zura ido ta ga ko Gwamnatin Tarayya za ta cika duk alkwuran da ta dauka,0,0,0,0,0,0,hau,asuu ta ce za ta zura ido ta ga ko gwamnatin tarayya za ta cika duk alkwuran da ta dauka
hau_train_track_a_00494,Ko yanzu ya sauka ae ya cucemu ya zalincemu allah ya isa 😭,1,0,0,0,1,0,hau,ko yanzu ya sauka ae ya cucemu ya zalincemu allah ya isa 😭
hau_train_track_a_00495,"Sultan Hassanal Bolkiah: Hamshakin mai arzikin da ya mallaki Rolls Royce 500, N7m kudin askinsa",0,0,0,0,0,1,hau,sultan hassanal bolkiah hamshakin mai arzikin da ya mallaki rolls royce 500 n7m kudin askinsa
hau_train_track_a_00496,"‘Muna da Ƙarfin Murƙushe Ku’, Buhari Ya Gargaɗi Ƴan Bindiga Kan Kisar Mutum 83 a Zamfara",1,0,0,0,1,0,hau,‘muna da ƙarfin murƙushe ku’ buhari ya gargaɗi ƴan bindiga kan kisar mutum 83 a zamfara
hau_train_track_a_00497,"Wata mai sayar da soyayya ta daba wa wani dan kasuwa kwalba har lahira, bayan ya saya yaki biyanta",0,0,0,0,1,0,hau,wata mai sayar da soyayya ta daba wa wani dan kasuwa kwalba har lahira bayan ya saya yaki biyanta
hau_train_track_a_00498,Allah ya sadamu da farin ciki duniya da lahira.. Good morning prince 👑,0,0,0,1,0,0,hau,allah ya sadamu da farin ciki duniya da lahira good morning prince 👑
hau_train_track_a_00499,"Mun yarda ka yi karatu sosai, amma kayi hakuri: Jami'ar East Carolina ta baiwa Ganduje hakuri",0,0,0,0,1,0,hau,mun yarda ka yi karatu sosai amma kayi hakuri jamiar east carolina ta baiwa ganduje hakuri
hau_train_track_a_00500,Innalillahi wa’inna ilaiheer raju’un. 😳😳 ubangiji Allah ya yaye masa mukuma allah yakaremu da kariyarsa,0,0,1,0,0,0,hau,innalillahi wa’inna ilaiheer raju’un 😳😳 ubangiji allah ya yaye masa mukuma allah yakaremu da kariyarsa
hau_train_track_a_00501,Nigeria ta haukace saboda corrona😭,0,0,1,0,0,0,hau,nigeria ta haukace saboda corrona😭
hau_train_track_a_00502,"Alheri danko: Daga kyautar N100, mabaraci ya samu sakayyar N100k nan take",0,0,0,1,0,1,hau,alheri danko daga kyautar n100 mabaraci ya samu sakayyar n100k nan take
hau_train_track_a_00503,wai daman hakan ne hakuri ana kisan alumma shine shugabanci tir da irin wanga hali na ko in kulaa,1,1,0,0,1,0,hau,wai daman hakan ne hakuri ana kisan alumma shine shugabanci tir da irin wanga hali na ko in kulaa
hau_train_track_a_00504,Kwamishinan da ya yi wa Buhari fatan mutuwa ya rasu,0,0,0,0,1,0,hau,kwamishinan da ya yi wa buhari fatan mutuwa ya rasu
hau_train_track_a_00505,Ya Allah 🤲🤲 ka kawo karshen wannan kisa da akeyi a duk wani state Allah ameen,0,0,1,0,1,0,hau,ya allah 🤲🤲 ka kawo karshen wannan kisa da akeyi a duk wani state allah ameen
hau_train_track_a_00506,A fada sunan su da yan uwansu mana in ba tsoro ba. 🙄,1,0,0,0,0,0,hau,a fada sunan su da yan uwansu mana in ba tsoro ba 🙄
hau_train_track_a_00507,Yadda dan sanda ya dinga lalata da ni tun dare har asuba - Matar da ta take doka,0,1,0,0,0,0,hau,yadda dan sanda ya dinga lalata da ni tun dare har asuba matar da ta take doka
hau_train_track_a_00508,allah ya mayar musu da wanda ya fishi alkhairi kuma ya kiyaye nagaba amin summa amin,0,0,0,0,1,0,hau,allah ya mayar musu da wanda ya fishi alkhairi kuma ya kiyaye nagaba amin summa amin
hau_train_track_a_00509,to yau ko kashe mutane da akeyi yayi shuru ballantana wanga abu 😭,0,0,0,0,1,0,hau,to yau ko kashe mutane da akeyi yayi shuru ballantana wanga abu 😭
hau_train_track_a_00510,Toh rahama anchi uwar su messi din 😂😂😂,1,0,0,0,0,0,hau,toh rahama anchi uwar su messi din 😂😂😂
hau_train_track_a_00511,"Talauci Talauchi To shin Ku minene naku kun kwashe kudin talakka kunkai kasashen waje kun danne kuzo kuna maganar talauchi? Ai Ku kun kubuta kubari mu talakkawa Allah shi yimana mafita tunda bamuda amfani a wajan ku sai ranar zabe ta dawo muje muyi muku bauta, wllh Allah Ya'isa😭",1,0,0,0,1,0,hau,talauci talauchi to shin ku minene naku kun kwashe kudin talakka kunkai kasashen waje kun danne kuzo kuna maganar talauchi ai ku kun kubuta kubari mu talakkawa allah shi yimana mafita tunda bamuda amfani a wajan ku sai ranar zabe ta dawo muje muyi muku bauta wllh allah yaisa😭
hau_train_track_a_00512,allah ya kawo mana karshin wannan annoba data anbabi duniya ya allah,0,0,1,0,0,0,hau,allah ya kawo mana karshin wannan annoba data anbabi duniya ya allah
hau_train_track_a_00513,taff toh allah ya kiyaye,0,0,1,0,1,1,hau,taff toh allah ya kiyaye
hau_train_track_a_00514,"Allah s.w yasa kwanciya hutawa, Ina yiwa jama'ar zazzau ta'aziyya😭😭",0,0,0,0,1,0,hau,allah sw yasa kwanciya hutawa ina yiwa jamaar zazzau taaziyya😭😭
hau_train_track_a_00515,Ai kuwa sai a fara da ma aikata masu ɗamara👮; indai da gaske ake.,0,0,0,0,0,0,hau,ai kuwa sai a fara da ma aikata masu ɗamara👮 indai da gaske ake
hau_train_track_a_00516,Yanzun nan: 'Yan bindiga da kayan sojoji sun bude wa matafiya wuta a hanyar Benin-Ore,0,0,1,0,1,0,hau,yanzun nan yan bindiga da kayan sojoji sun bude wa matafiya wuta a hanyar beninore
hau_train_track_a_00517,Dandalin Kannywood: Muhimmiyar wasiyyata ga masu son koyi da ni a duniya - Nafisa Abdullahi,0,0,0,0,0,0,hau,dandalin kannywood muhimmiyar wasiyyata ga masu son koyi da ni a duniya nafisa abdullahi
hau_train_track_a_00518,A ƙarshe: Kotu ta garƙame mutane 6 da aka same su da ɗanyen naman mutum,0,1,0,0,0,0,hau,a ƙarshe kotu ta garƙame mutane 6 da aka same su da ɗanyen naman mutum
hau_train_track_a_00519,📻 BBC Hausa da sauran ma'aikatan Ku maza da Mata wadanda Duke Nigeria Da birtaniya INA taya Ku murnar Cika shekara @<username>,0,0,0,1,0,0,hau,📻 bbc hausa da sauran maaikatan ku maza da mata wadanda duke nigeria da birtaniya ina taya ku murnar cika shekara username
hau_train_track_a_00520,wai product din nan naka kowa siyarmasa kak need,0,0,0,0,0,1,hau,wai product din nan naka kowa siyarmasa kak need
hau_train_track_a_00521,Yar lesbians rahama sadau 🤔,1,1,0,0,0,0,hau,yar lesbians rahama sadau 🤔
hau_train_track_a_00522,Allah ya wadaran naka ya lalace Na wani ya gyaru Amma wanga kan ku bincike shi dun ya fara zarewa kana musulmi Amma baka da tunani ah matsayin ka na malami ko da yake dan PDP ne kuma lashe money 💰,1,0,0,0,0,0,hau,allah ya wadaran naka ya lalace na wani ya gyaru amma wanga kan ku bincike shi dun ya fara zarewa kana musulmi amma baka da tunani ah matsayin ka na malami ko da yake dan pdp ne kuma lashe money 💰
hau_train_track_a_00523,ya salaam ya allah ka kawo karshen wannan annoba,0,0,1,0,0,0,hau,ya salaam ya allah ka kawo karshen wannan annoba
hau_train_track_a_00524,"Tau ganiga wane ya ishi wane tsoron Allah. Natabbata she's doing something wrong that's why she was exposed. Am not happy rather than sad 😔 Allah tsayannan, sauran mata kukama kanku",0,0,0,0,1,0,hau,tau ganiga wane ya ishi wane tsoron allah natabbata shes doing something wrong thats why she was exposed am not happy rather than sad 😔 allah tsayannan sauran mata kukama kanku
hau_train_track_a_00525,Matasa sun ƙona gidan gona saboda kashe mai gadi a Jos,1,0,0,0,1,0,hau,matasa sun ƙona gidan gona saboda kashe mai gadi a jos
hau_train_track_a_00526,Kai dan Allah ji kayan sa Ko Gaye bai iya ba Wlh 😃😀😀,0,1,0,0,0,0,hau,kai dan allah ji kayan sa ko gaye bai iya ba wlh 😃😀😀
hau_train_track_a_00527,allah ya kawo mana qarshen wannan annobar,0,0,1,0,0,0,hau,allah ya kawo mana qarshen wannan annobar
hau_train_track_a_00528,Hukumar jin dadin alhazai ta yi kira ga maniyyata su dakatad da shirye-shiryen Hajjin bana,0,0,0,0,1,0,hau,hukumar jin dadin alhazai ta yi kira ga maniyyata su dakatad da shiryeshiryen hajjin bana
hau_train_track_a_00529,Allah daya gari ban-bam: Rihanna ta maka mahaifinta kotu kan sanya sunansa a kasuwanci,0,0,0,0,0,1,hau,allah daya gari banbam rihanna ta maka mahaifinta kotu kan sanya sunansa a kasuwanci
hau_train_track_a_00530,ai ba abun burgewa bane,1,0,0,0,1,0,hau,ai ba abun burgewa bane
hau_train_track_a_00531,Kullum ba abin daya damu al'umma akeba😏,1,0,0,0,1,0,hau,kullum ba abin daya damu alumma akeba😏
hau_train_track_a_00532,’Yan bindiga sun kashe manoma 2 suna shuka a gonarsu,0,0,0,0,1,0,hau,’yan bindiga sun kashe manoma 2 suna shuka a gonarsu
hau_train_track_a_00533,"Wata Sabuwa: Ta sake kacamewa a APC, Sanata Adamu ya dakatar da dukkanin daraktocin jam'iyya",0,0,0,0,0,1,hau,wata sabuwa ta sake kacamewa a apc sanata adamu ya dakatar da dukkanin daraktocin jamiyya
hau_train_track_a_00534,Taliyar tayi hunhuna yauki takeyi a flask din,0,1,0,0,0,0,hau,taliyar tayi hunhuna yauki takeyi a flask din
hau_train_track_a_00535,"Kamar a jahiliyya: Uba ya kashe 'ya'yansa tagwaye, za a rataye shi har sai ya mutu",0,1,0,0,1,0,hau,kamar a jahiliyya uba ya kashe yayansa tagwaye za a rataye shi har sai ya mutu
hau_train_track_a_00536,Yan Bindiga Sanye Da Kayan Sojoji Sun Kashe Fitaccen Jigon Jam'iyyar PDP a Bayelsa,0,0,1,0,1,0,hau,yan bindiga sanye da kayan sojoji sun kashe fitaccen jigon jamiyyar pdp a bayelsa
hau_train_track_a_00537,"Kai😥 Allah ya sawaqe amma Ana zalunci a kasar nan wlh, saikaga nasama kokarinsa ya cuci na kasa dashi, shi bai taimaka mai ba sannan kuma anbashi yabayar kokari yake ya danne😭, Ohh Allah.🙆",1,0,0,0,1,0,hau,kai😥 allah ya sawaqe amma ana zalunci a kasar nan wlh saikaga nasama kokarinsa ya cuci na kasa dashi shi bai taimaka mai ba sannan kuma anbashi yabayar kokari yake ya danne😭 ohh allah🙆
hau_train_track_a_00538,Karshen duniya: Ma'aikacin gidan 'Zoo' ya yi wa macen goggon biri ciki,0,1,0,0,0,1,hau,karshen duniya maaikacin gidan zoo ya yi wa macen goggon biri ciki
hau_train_track_a_00539,Da alamu Boss Mustapha da Abba Kyari su cigaba da rike mukamansu,0,0,0,0,0,0,hau,da alamu boss mustapha da abba kyari su cigaba da rike mukamansu
hau_train_track_a_00540,Rubabben kwanannen abincin ya cika dakin girkin da wari,0,1,0,0,0,0,hau,rubabben kwanannen abincin ya cika dakin girkin da wari
hau_train_track_a_00541,EU ta gargadi China kan taimaka wa Rasha,0,0,0,0,0,0,hau,eu ta gargadi china kan taimaka wa rasha
hau_train_track_a_00542,too ashe sunada bambanci uhumm,0,0,0,0,0,1,hau,too ashe sunada bambanci uhumm
hau_train_track_a_00543,Jaruma mai kayanmata ta wallafa wasu bidiyo na taya ma'aikatanta 4 murnar aurensu,0,0,0,1,0,0,hau,jaruma mai kayanmata ta wallafa wasu bidiyo na taya maaikatanta 4 murnar aurensu
hau_train_track_a_00544,Dan tana daya daga cikin wanda suka sa albasa yayi tsada?? 😂,0,0,0,0,0,0,hau,dan tana daya daga cikin wanda suka sa albasa yayi tsada 😂
hau_train_track_a_00545,An zo gurin: Zan cire duk wani jami'in kwastan da yake samun kudi fiye da albashin sa - Hameed Ali,1,0,0,0,0,0,hau,an zo gurin zan cire duk wani jamiin kwastan da yake samun kudi fiye da albashin sa hameed ali
hau_train_track_a_00546,talakawa ma sunyi tir da ɓoye abincin su da aka yi,0,1,0,0,1,0,hau,talakawa ma sunyi tir da ɓoye abincin su da aka yi
hau_train_track_a_00547,Yarinyan na cin abinci cikin kwanon da ke wari kuma cike da tsutsa,0,1,0,0,0,0,hau,yarinyan na cin abinci cikin kwanon da ke wari kuma cike da tsutsa
hau_train_track_a_00548,"Hadda Da Karatun Al-Kurani Mai Girma Yana Taimakawa Gyara Kwakwalwa, Gwamna Abdulrazaq",0,0,0,0,0,0,hau,hadda da karatun alkurani mai girma yana taimakawa gyara kwakwalwa gwamna abdulrazaq
hau_train_track_a_00549,Wlhi Kunji kunya... Ashe dama ku yan madrid ne. Bakomae akwai Allah😧,1,1,0,0,1,0,hau,wlhi kunji kunya ashe dama ku yan madrid ne bakomae akwai allah😧
hau_train_track_a_00550,Allah yakawo Mana zaman lafiya a kasarmu Nigeria 👈👈,0,0,1,0,1,0,hau,allah yakawo mana zaman lafiya a kasarmu nigeria 👈👈
hau_train_track_a_00551,Gwamna Nasir El-Rufai yayi alkawarin taimakawa Makauniyar da ta zama Lauya,0,0,0,1,0,0,hau,gwamna nasir elrufai yayi alkawarin taimakawa makauniyar da ta zama lauya
hau_train_track_a_00552,Kaico: Jaririya tamutu bayan shan nonon uwar da maciji ya sara a Indiya,0,0,0,0,1,0,hau,kaico jaririya tamutu bayan shan nonon uwar da maciji ya sara a indiya
hau_train_track_a_00553,A gidan uwar wah zamu taya su murnar😒😏,1,0,0,0,0,0,hau,a gidan uwar wah zamu taya su murnar😒😏
hau_train_track_a_00554,Miyar Kuka tayi Kore kalar zawayin jariri,0,1,0,0,0,0,hau,miyar kuka tayi kore kalar zawayin jariri
hau_train_track_a_00555,Ana Rigima a Jam’iyyar APC Tun da Ministan Buhari Ya Ki Fitowa Ya Goyi Bayan Tinubu,0,0,0,0,0,0,hau,ana rigima a jam’iyyar apc tun da ministan buhari ya ki fitowa ya goyi bayan tinubu
hau_train_track_a_00556,"Ok shi wannan yaron dan ana lallabashi gani yake kamar tsoronsa akeji, Hmm yaro baisan wuta ba sai ya taka America tafishi hauka yaseen🤒",1,0,0,0,0,0,hau,ok shi wannan yaron dan ana lallabashi gani yake kamar tsoronsa akeji hmm yaro baisan wuta ba sai ya taka america tafishi hauka yaseen🤒
hau_train_track_a_00557,Dama nasiru salisu zango KATO NE? Wlh jinake Dan siririne😂,0,0,0,0,0,1,hau,dama nasiru salisu zango kato ne wlh jinake dan siririne😂
hau_train_track_a_00558,Ke ba ko kyau gareki ba sai tsabar iskanci shashasha kawae😠😠😠,1,0,0,0,0,0,hau,ke ba ko kyau gareki ba sai tsabar iskanci shashasha kawae😠😠😠
hau_train_track_a_00559,Buhari ya taya Amurka murnar cika shekara 245 da samun ’yanci,0,0,0,1,0,0,hau,buhari ya taya amurka murnar cika shekara 245 da samun ’yanci
hau_train_track_a_00560,Se yau kika gani kenan😂🤣,0,0,0,0,0,1,hau,se yau kika gani kenan😂🤣
hau_train_track_a_00561,Yanzu meye amfanin wanann labarin 🙄kayan tada zuciya da amai!! Gross 🤢🤮 Toh Allah ya tarwatsa Duk wanda yakeso yayi implementing din wannan bala’in,1,1,0,0,0,0,hau,yanzu meye amfanin wanann labarin 🙄kayan tada zuciya da amai gross 🤢🤮 toh allah ya tarwatsa duk wanda yakeso yayi implementing din wannan bala’in
hau_train_track_a_00562,COVID-19: Boss Mustapha ya sanar da inda aka kwana a yaki da annobar,0,0,0,0,0,0,hau,covid19 boss mustapha ya sanar da inda aka kwana a yaki da annobar
hau_train_track_a_00563,Mutanena yau kuma wannan shafin aka bude saboda kulalata muna yara a Twitter 🤔,0,0,0,0,0,1,hau,mutanena yau kuma wannan shafin aka bude saboda kulalata muna yara a twitter 🤔
hau_train_track_a_00564,"Wan nan batu haka yake, ace kana tsohon soja kuma mai muqamin #_GEN fah amma ace harkar tsaro ta gaza samuwa. Tur da shugaba irin kah wallhi 😭. Allah ka shiryi yan bindiga/garkuwa da mutane/ Boko Haram in suna da rabo, in Kuma basu da rabo Allah kai mana maganin su...😭🙏",1,0,0,0,1,0,hau,wan nan batu haka yake ace kana tsohon soja kuma mai muqamin gen fah amma ace harkar tsaro ta gaza samuwa tur da shugaba irin kah wallhi 😭 allah ka shiryi yan bindigagarkuwa da mutane boko haram in suna da rabo in kuma basu da rabo allah kai mana maganin su😭🙏
hau_train_track_a_00565,jaka wawuya kawai nidai kawai abinda zance miki ki daina ikirarin ke musulmace dan gara kawai ki koma arnancin kawai dan yafi miki kyau allah ya shiryeki in daki shiryu in badaki shiryuba kuma allah ya mana maganinki idiot,1,0,0,0,0,0,hau,jaka wawuya kawai nidai kawai abinda zance miki ki daina ikirarin ke musulmace dan gara kawai ki koma arnancin kawai dan yafi miki kyau allah ya shiryeki in daki shiryu in badaki shiryuba kuma allah ya mana maganinki idiot
hau_train_track_a_00566,"Ga wani ban daki da kashi ya kumbura a cikin tukunyar kashin, ga kuma tsutsar tana taaana tanata yawo a kasa saboda rashin wanki",0,1,0,0,0,0,hau,ga wani ban daki da kashi ya kumbura a cikin tukunyar kashin ga kuma tsutsar tana taaana tanata yawo a kasa saboda rashin wanki
hau_train_track_a_00567,mahaukaci ne ama,0,0,0,0,0,0,hau,mahaukaci ne ama
hau_train_track_a_00568,ga cuta ga macuta gakuma masu cutuwa ya allah,1,0,1,0,0,0,hau,ga cuta ga macuta gakuma masu cutuwa ya allah
hau_train_track_a_00569,inna lillahi wa inna ilaihi rajiun again kuma daiallah kai kasan dalili allah mun tuba allah ka takaita wadan nan masifu da ka jarrabi kasar mu da su,0,0,1,0,1,0,hau,inna lillahi wa inna ilaihi rajiun again kuma daiallah kai kasan dalili allah mun tuba allah ka takaita wadan nan masifu da ka jarrabi kasar mu da su
hau_train_track_a_00570,"Tashin Hankali😲 Wannan KO Anya bazata samu tobon Hankali ba kuwa """"""""""""""""""""""""""""""""Shekaru 27 fa a sume"""""""""""""""""""""""""""""""" 😱",0,0,0,0,0,1,hau,tashin hankali😲 wannan ko anya bazata samu tobon hankali ba kuwa shekaru 27 fa a sume 😱
hau_train_track_a_00571,Allah ka yaye mana wannan annoba Amin 🤲 🤲,0,0,1,0,1,0,hau,allah ka yaye mana wannan annoba amin 🤲 🤲
hau_train_track_a_00572,Kajimin masana ilimin taurari da shisshigi 🤔🤨Aimu masana ilimin yunwa da qishirwa mun tabbatar 29 za'ayi🙄😥,1,0,0,0,0,0,hau,kajimin masana ilimin taurari da shisshigi 🤔🤨aimu masana ilimin yunwa da qishirwa mun tabbatar 29 zaayi🙄😥
hau_train_track_a_00573,Garabasa: Hadiman Marafa a APC sun samu kyautar motoci 41,0,0,0,1,0,0,hau,garabasa hadiman marafa a apc sun samu kyautar motoci 41
hau_train_track_a_00574,allah kakawo mana karshen zubarda jinnin musulmea afadin duniya,0,0,1,0,1,0,hau,allah kakawo mana karshen zubarda jinnin musulmea afadin duniya
hau_train_track_a_00575,Kungiyar Jama'atu Nasril Islam tayi kira da a zauna lafiya kan batun adan kabilanci,0,0,0,0,0,0,hau,kungiyar jamaatu nasril islam tayi kira da a zauna lafiya kan batun adan kabilanci
hau_train_track_a_00576,"Kai Subhanallah 😥 Allah ya tona asirin Wanda yayi mata,Allah ka hanashi nutsuwar zuciya da kwanciyar hankali",1,0,0,0,1,0,hau,kai subhanallah 😥 allah ya tona asirin wanda yayi mataallah ka hanashi nutsuwar zuciya da kwanciyar hankali
hau_train_track_a_00577,"Katsina: Yan bindiga sun sake kai kazamin hari Malumfashi jihar Katsina, sun kashe mutane",0,0,1,0,1,0,hau,katsina yan bindiga sun sake kai kazamin hari malumfashi jihar katsina sun kashe mutane
hau_train_track_a_00578,Amsoshin tambayoyi: Barka da Sallah!,0,0,0,0,0,0,hau,amsoshin tambayoyi barka da sallah
hau_train_track_a_00579,Zamfara 💭💭sabo da sanyi kankara ke fadowa,0,0,0,0,0,1,hau,zamfara 💭💭sabo da sanyi kankara ke fadowa
hau_train_track_a_00580,"Yan bindiga sun yi ma yayan jam’iyyar APC kwantan bauna, sun kashe 5",0,0,0,0,1,0,hau,yan bindiga sun yi ma yayan jam’iyyar apc kwantan bauna sun kashe 5
hau_train_track_a_00581,Karya kayi alade👀,1,0,0,0,0,0,hau,karya kayi alade👀
hau_train_track_a_00582,Hannun kuturun Yana fitar fa ruwan mugunya,0,1,0,0,0,0,hau,hannun kuturun yana fitar fa ruwan mugunya
hau_train_track_a_00583,Hikenan ma haihuwa da hanji! Karshen Riga kafi kenan ko WHO iyakaci🤣🤣😁😁 NAIJA😎,0,0,0,0,0,0,hau,hikenan ma haihuwa da hanji karshen riga kafi kenan ko who iyakaci🤣🤣😁😁 naija😎
hau_train_track_a_00584,😳😳Innalillahi wa inna ilaihirrajiun. Allah yai mana sauki da rangwame Allah ya yafe mana zunubai kurakurai da dukkan gangancin mu 😭😭 amn,0,0,1,0,1,0,hau,😳😳innalillahi wa inna ilaihirrajiun allah yai mana sauki da rangwame allah ya yafe mana zunubai kurakurai da dukkan gangancin mu 😭😭 amn
hau_train_track_a_00585,"Kasar China ta fasa-kwai, ta ce Amurka ke hura wutar rikicin mutanen Falastina-Isra’ila",0,0,0,0,0,0,hau,kasar china ta fasakwai ta ce amurka ke hura wutar rikicin mutanen falastinaisra’ila
hau_train_track_a_00586,Lazy youth su samu wajan Shan iska mana 🤣😂🤣,0,0,0,1,0,0,hau,lazy youth su samu wajan shan iska mana 🤣😂🤣
hau_train_track_a_00587,Wata mata ta tsotse ruwan ciwon mijinta.,0,1,0,0,0,0,hau,wata mata ta tsotse ruwan ciwon mijinta
hau_train_track_a_00588,Allah muntuba allah mundawo xuwa gareka ya allah kamana tsari da wannan abu ya allah ka nisanta mu da ita ameen 🙏🙏😭😭😭,0,0,1,0,1,0,hau,allah muntuba allah mundawo xuwa gareka ya allah kamana tsari da wannan abu ya allah ka nisanta mu da ita ameen 🙏🙏😭😭😭
hau_train_track_a_00589,Tab di jan😯 wato shi yama manta asalinsa kenan?,0,0,0,0,0,1,hau,tab di jan😯 wato shi yama manta asalinsa kenan
hau_train_track_a_00590,"Dan Allah ku daina kawo mana irin wadannan labarun haushin..😢😢, Shi buharin duk kashe- kashe da ake yi a AREWA yataba yin wata maganar, ??",1,0,0,0,0,0,hau,dan allah ku daina kawo mana irin wadannan labarun haushin😢😢 shi buharin duk kashe kashe da ake yi a arewa yataba yin wata maganar
hau_train_track_a_00591,Mutumin da ya bai wa matar da yake so kodarsa ta ki aurensa,0,0,0,0,1,0,hau,mutumin da ya bai wa matar da yake so kodarsa ta ki aurensa
hau_train_track_a_00592,Matashin makiyayi ya kashe yayan sa saboda Saniya,0,1,0,0,1,0,hau,matashin makiyayi ya kashe yayan sa saboda saniya
hau_train_track_a_00593,Kalli Yar 20yrs Kamar me shayarwa😲,0,1,0,0,0,1,hau,kalli yar 20yrs kamar me shayarwa😲
hau_train_track_a_00594,Rikici: APC da Buhari sun nemi a yi watsi da karar da ke neman tsige Buhari a daura Atiku,0,0,0,0,0,1,hau,rikici apc da buhari sun nemi a yi watsi da karar da ke neman tsige buhari a daura atiku
hau_train_track_a_00595,Aa bakuyi bahhh wlhh ko kadan❤️,1,0,0,0,0,0,hau,aa bakuyi bahhh wlhh ko kadan❤️
hau_train_track_a_00596,Kwastoma da abokansa sun kashe Karuwa Musulma don sun ga Al-Qur'ani cikin dakinta,0,0,0,0,1,0,hau,kwastoma da abokansa sun kashe karuwa musulma don sun ga alqurani cikin dakinta
hau_train_track_a_00597,’Yan sanda sun kama wanda ya yi garkuwa da jikansa,0,0,0,0,0,0,hau,’yan sanda sun kama wanda ya yi garkuwa da jikansa
hau_train_track_a_00598,Ba ance ya mutu ba 🙄,0,0,0,0,0,1,hau,ba ance ya mutu ba 🙄
hau_train_track_a_00599,daman wanda ba musulmi ba ze iya auren mace musulma,0,0,0,0,0,1,hau,daman wanda ba musulmi ba ze iya auren mace musulma
hau_train_track_a_00600,Mutane da dama sun hallaka yayin da miyagun yan Bindiga suka farmaki barikin Sojoji a Sokoto,0,0,1,0,1,0,hau,mutane da dama sun hallaka yayin da miyagun yan bindiga suka farmaki barikin sojoji a sokoto
hau_train_track_a_00601,"Wata karuwa tayi ritaya bayan iyar da ayyuka ga mutane 28,000, ta sami kyautuka",0,0,0,0,0,1,hau,wata karuwa tayi ritaya bayan iyar da ayyuka ga mutane 28000 ta sami kyautuka
hau_train_track_a_00602,Buhari ya yi ta’aziyyar mutuwar Uwargidar sarkin Daura da tsohon kwamishinan shari’a na Kano,0,0,0,0,1,0,hau,buhari ya yi ta’aziyyar mutuwar uwargidar sarkin daura da tsohon kwamishinan shari’a na kano
hau_train_track_a_00603,"Ai ba takaitawa ba, anbar kawo hare haren ya kamata yace🙏",0,0,1,0,1,0,hau,ai ba takaitawa ba anbar kawo hare haren ya kamata yace🙏
hau_train_track_a_00604,COVID-19: Gwamnatin Kano ta soke yin dukkan hawan sallah da shagulgula,0,0,1,0,0,0,hau,covid19 gwamnatin kano ta soke yin dukkan hawan sallah da shagulgula
hau_train_track_a_00605,Matar Ahmed Musa ta haifi ɗa namiji,0,0,0,1,0,0,hau,matar ahmed musa ta haifi ɗa namiji
hau_train_track_a_00606,"Toh,🤦 muda bamu yarda d itaba mah",0,0,0,0,0,0,hau,toh🤦 muda bamu yarda d itaba mah
hau_train_track_a_00607,"Ba labari me dadi a Nigeria, yan ta'adda na yaqarmu, shuwagabanni na mana izgili😢",0,0,0,0,1,0,hau,ba labari me dadi a nigeria yan taadda na yaqarmu shuwagabanni na mana izgili😢
hau_train_track_a_00608,Allah ya yi wa Sarkin Kauran Namoda rasuwa,0,0,0,0,1,0,hau,allah ya yi wa sarkin kauran namoda rasuwa
hau_train_track_a_00609,Ya Allah kakawo mana maganin wannan musibar 🙏🙏🙏🙏,0,0,1,0,0,0,hau,ya allah kakawo mana maganin wannan musibar 🙏🙏🙏🙏
hau_train_track_a_00610,"Very unfortunate! Dama ai mafi yawan su, suna amfani da wannan damar ne domin suci zarafin talaka ! Saboda ni shaida ne akan irin wannan mummunar d'abi'ar ta mafi yawan jami'an tsaron kasar nan, samun damar shigar su aikin tsaro tamkar lasisin cin zarafi ne😡",1,0,0,0,0,0,hau,very unfortunate dama ai mafi yawan su suna amfani da wannan damar ne domin suci zarafin talaka saboda ni shaida ne akan irin wannan mummunar dabiar ta mafi yawan jamian tsaron kasar nan samun damar shigar su aikin tsaro tamkar lasisin cin zarafi ne😡
hau_train_track_a_00611,Mai Tabargaza: Jarumar fim da ta sha tabar wiwi da shafin Bible ta ce a shirye take ta yayyaga Al-Qur'ani idan aka bata,0,1,0,0,0,0,hau,mai tabargaza jarumar fim da ta sha tabar wiwi da shafin bible ta ce a shirye take ta yayyaga alqurani idan aka bata
hau_train_track_a_00612,An shiga fargaba a majalisar dokokin Jigawa kan yunkurin tsige kakakin majalisa,0,0,1,0,0,0,hau,an shiga fargaba a majalisar dokokin jigawa kan yunkurin tsige kakakin majalisa
hau_train_track_a_00613,Sabon hari a Jos: 'Yan bindiga sun bude wa mazauna wuta a kauyen Durbi,0,0,1,0,1,0,hau,sabon hari a jos yan bindiga sun bude wa mazauna wuta a kauyen durbi
hau_train_track_a_00614,ku banda ku,0,0,0,0,0,1,hau,ku banda ku
hau_train_track_a_00615,Sir karya takai tun kafin a haife ta nake kallon films dinka 😂 😂 😂,1,0,0,1,0,0,hau,sir karya takai tun kafin a haife ta nake kallon films dinka 😂 😂 😂
hau_train_track_a_00616,"Da duminsa: 'Yan bindiga sun kashe shahararren mafaraucin Adamawa, Mori",0,0,1,0,1,0,hau,da duminsa yan bindiga sun kashe shahararren mafaraucin adamawa mori
hau_train_track_a_00617,"Fasto Ya Yi Ɓatanci Ga Annabi (SAW) Da Al-Kur'ani a Osun Cikin Bidiyo, MURIC Ta Yi Martani",1,0,0,0,0,0,hau,fasto ya yi ɓatanci ga annabi saw da alkurani a osun cikin bidiyo muric ta yi martani
hau_train_track_a_00618,Rikicin Makiyaya: An fallasa asirin Gwamnan Jihar Benuwe,0,0,0,0,0,0,hau,rikicin makiyaya an fallasa asirin gwamnan jihar benuwe
hau_train_track_a_00619,Dan hakin daka raina: Jam’iyyar PRP ta bada mamaki a jahar Bauchi,0,0,0,0,0,1,hau,dan hakin daka raina jam’iyyar prp ta bada mamaki a jahar bauchi
hau_train_track_a_00620,"Cikin fushi, budurwa ta wallafa bidiyon yadda tela ya canza sitayel din da ta zaba",1,0,0,0,0,0,hau,cikin fushi budurwa ta wallafa bidiyon yadda tela ya canza sitayel din da ta zaba
hau_train_track_a_00621,"In kana raye zaka sha kallo😂. Ikon Allah, shi kuma wannan a haka nasa haukan yake!",0,1,0,0,0,1,hau,in kana raye zaka sha kallo😂 ikon allah shi kuma wannan a haka nasa haukan yake
hau_train_track_a_00622,Ya ci rubabben kwai,0,1,0,0,0,0,hau,ya ci rubabben kwai
hau_train_track_a_00623,ina miki fatan alheri ako da Yaushe hakika ni masoyiyarki ce ta Gaskiya ILYSM 💗,0,0,0,1,0,0,hau,ina miki fatan alheri ako da yaushe hakika ni masoyiyarki ce ta gaskiya ilysm 💗
hau_train_track_a_00624,Ya rasu lokacin da yake dinka kayan Sallah,0,0,0,0,1,0,hau,ya rasu lokacin da yake dinka kayan sallah
hau_train_track_a_00625,Tafi tafi mah xa’ace an sace shugaban kasar indae aka cigaba da haka 🤔,1,0,0,0,1,0,hau,tafi tafi mah xa’ace an sace shugaban kasar indae aka cigaba da haka 🤔
hau_train_track_a_00626,Lafiya Jari: Amfani 10 na Dabino ga lafiyar bil Adama,0,0,0,0,0,0,hau,lafiya jari amfani 10 na dabino ga lafiyar bil adama
hau_train_track_a_00627,Taya ya wannan ya zama mafita ga damuwan yan Nigeria 🇳🇬,0,0,0,0,0,0,hau,taya ya wannan ya zama mafita ga damuwan yan nigeria 🇳🇬
hau_train_track_a_00628,"Allah Sarki, har helicopter Gwamnan jihar yake yawo da ita wai don tsaro. Talakawa kuma ko oho 😔",0,0,0,0,1,0,hau,allah sarki har helicopter gwamnan jihar yake yawo da ita wai don tsaro talakawa kuma ko oho 😔
hau_train_track_a_00629,"Bidiyo: Matar aure ta bai wa mai kayan miya kyautar N1m, ta bayyana alherin da yayi mata a baya",0,0,0,1,0,1,hau,bidiyo matar aure ta bai wa mai kayan miya kyautar n1m ta bayyana alherin da yayi mata a baya
hau_train_track_a_00630,Matar da Atiku ke sumbanta mahaifiyata ce - wani bawan Allah yayi bayani,0,0,0,0,0,0,hau,matar da atiku ke sumbanta mahaifiyata ce wani bawan allah yayi bayani
hau_train_track_a_00631,Ya kamata gwamnati da kamfanoni su zuba jari a Kannywood- Darakta Kamal,0,0,0,0,0,0,hau,ya kamata gwamnati da kamfanoni su zuba jari a kannywood darakta kamal
hau_train_track_a_00632,kaji ƴan iskan banza da wofi kun je kunyi iskancin ku zaku rainawa mutane hankali abin ɓoye ne ya fito fili allah ya sawwaƙe amin,1,0,0,0,0,0,hau,kaji ƴan iskan banza da wofi kun je kunyi iskancin ku zaku rainawa mutane hankali abin ɓoye ne ya fito fili allah ya sawwaƙe amin
hau_train_track_a_00633,Uwa da 'Ya sun sheka barzahu bayan fasto ya basu jikon magani sun sha,0,0,1,0,1,1,hau,uwa da ya sun sheka barzahu bayan fasto ya basu jikon magani sun sha
hau_train_track_a_00634,Allah ka watsa su mugaye kawai😭,1,0,0,0,0,0,hau,allah ka watsa su mugaye kawai😭
hau_train_track_a_00635,Ka yarda da ikon Allah - Sarakunan gargajiya sun shawarci Atiku,0,0,0,0,0,0,hau,ka yarda da ikon allah sarakunan gargajiya sun shawarci atiku
hau_train_track_a_00636,"Harin Kuje: Kun Bani Kunya, Buhari Ya Fada Wa Hukumomin Tattara Bayanan Sirri",0,0,0,0,1,0,hau,harin kuje kun bani kunya buhari ya fada wa hukumomin tattara bayanan sirri
hau_train_track_a_00637,"Anyi ruwa, kashin shanu ya jike ga yara sun shiga garken suna ta wanka da shi Harda masu ci",0,1,0,0,0,0,hau,anyi ruwa kashin shanu ya jike ga yara sun shiga garken suna ta wanka da shi harda masu ci
hau_train_track_a_00638,Yanzu-yanzu: Sabbin mutane 543 sun kamu da cutar COVID-19 a Nigeria,0,0,1,0,1,0,hau,yanzuyanzu sabbin mutane 543 sun kamu da cutar covid19 a nigeria
hau_train_track_a_00639,Ta taka zawon da akai kan hanya,0,1,0,0,0,0,hau,ta taka zawon da akai kan hanya
hau_train_track_a_00640,wai wannan kazantace ko kuma rashi iya wanki amma ki canza bai miki makeup saboda kinfara likin,0,1,0,0,0,1,hau,wai wannan kazantace ko kuma rashi iya wanki amma ki canza bai miki makeup saboda kinfara likin
hau_train_track_a_00641,Fatan alheri zuwa gareki😍,0,0,0,1,0,0,hau,fatan alheri zuwa gareki😍
hau_train_track_a_00642,Kwankwaso ya gina makaranta don murnar cika shekaru 64 da haihuwarsa,0,0,0,1,0,0,hau,kwankwaso ya gina makaranta don murnar cika shekaru 64 da haihuwarsa
hau_train_track_a_00643,Ni Yasin kowa sai an mai dinnan taban daria over😂 dagaji kasan dan iskane kawai ya rubuta😂,0,0,0,1,0,0,hau,ni yasin kowa sai an mai dinnan taban daria over😂 dagaji kasan dan iskane kawai ya rubuta😂
hau_train_track_a_00644,"Bayan dakatar da Abba Kyari, IGP ya gargadi sauran jam'ian 'yan sandan Najeriya",0,0,1,0,0,0,hau,bayan dakatar da abba kyari igp ya gargadi sauran jamian yan sandan najeriya
hau_train_track_a_00645,Wannan cuta akwai rashin kunya dai😂😂 @<username>,0,0,0,0,0,0,hau,wannan cuta akwai rashin kunya dai😂😂 username
hau_train_track_a_00646,"Yanzu Yanzu: Allah ya yi wa jarumin Kannywood, Ahmad Tage rasuwa",0,0,0,0,1,0,hau,yanzu yanzu allah ya yi wa jarumin kannywood ahmad tage rasuwa
hau_train_track_a_00647,Kalli kyawawan hotunan Aisha Yesufu da mijinta yayin da suke murnar shekaru 21 da aure,0,0,0,1,0,0,hau,kalli kyawawan hotunan aisha yesufu da mijinta yayin da suke murnar shekaru 21 da aure
hau_train_track_a_00648,🤣🤣🤣 ko kyau bb,0,1,0,0,0,0,hau,🤣🤣🤣 ko kyau bb
hau_train_track_a_00649,Karasa wake rubuta Mai abun nan🤔 wani abun dakajishi sai Kai mamakin wai Anya kuwa anyi bincike kan fadin shi,1,0,0,0,0,1,hau,karasa wake rubuta mai abun nan🤔 wani abun dakajishi sai kai mamakin wai anya kuwa anyi bincike kan fadin shi
hau_train_track_a_00650,Innalillahi wayyo Allah🙆Dan Allah gwamnati kisa baki adaena kashe su😭😭basuda laifi gara kuyi sasanci tsakaninku da adinga kashesu babu gaira babu dalili..Dan Allah kuyi wani abu akae mutuwa kawae akeyi😭😭,0,0,1,0,1,0,hau,innalillahi wayyo allah🙆dan allah gwamnati kisa baki adaena kashe su😭😭basuda laifi gara kuyi sasanci tsakaninku da adinga kashesu babu gaira babu dalilidan allah kuyi wani abu akae mutuwa kawae akeyi😭😭
hau_train_track_a_00651,"Abin mamaki mutum yadinga girba karya, a,haukan tunaninsa daidai yake yi kaidai kwai surrkududu🦓🦓🦓🐴🐴🐴",1,0,0,0,0,1,hau,abin mamaki mutum yadinga girba karya ahaukan tunaninsa daidai yake yi kaidai kwai surrkududu🦓🦓🦓🐴🐴🐴
hau_train_track_a_00652,Idan wannan ya fadi ai tashi zai masa wuya... 😂,0,0,0,1,0,0,hau,idan wannan ya fadi ai tashi zai masa wuya 😂
hau_train_track_a_00653,Gyambon da ke kafar sa yana fitar da ruwa mai wari da ya ja hankalin kwari,0,1,0,0,0,0,hau,gyambon da ke kafar sa yana fitar da ruwa mai wari da ya ja hankalin kwari
hau_train_track_a_00654,Sheikh Dahiru Bauchi ya yi buda-baki da tawagar fastocin jihohi 19 na arewa,0,0,0,0,0,0,hau,sheikh dahiru bauchi ya yi budabaki da tawagar fastocin jihohi 19 na arewa
hau_train_track_a_00655,Aikin Banza Aikin Hofi. mtswwwww 🚶🚶🚶,1,0,0,0,0,0,hau,aikin banza aikin hofi mts 🚶🚶🚶
hau_train_track_a_00656,"Katobara: Allah-n da ya yi mana maganin mulkin Abacha, shine zai kara taimakon mu a 2019 – Obasanjo",0,0,0,0,0,0,hau,katobara allahn da ya yi mana maganin mulkin abacha shine zai kara taimakon mu a 2019 – obasanjo
hau_train_track_a_00657,RS kina bura uba pah ki tayin sama! sama!! sama!!! bama hassada da yin Allah goooo 🏹🏹,0,0,0,1,0,0,hau,rs kina bura uba pah ki tayin sama sama sama bama hassada da yin allah goooo 🏹🏹
hau_train_track_a_00658,allah ya kare mu daga wannan cuta masu ita allah ya basu lafiya,0,0,1,0,1,0,hau,allah ya kare mu daga wannan cuta masu ita allah ya basu lafiya
hau_train_track_a_00659,allah kashiga tsakanin mu da wannan yariman,0,0,1,0,0,0,hau,allah kashiga tsakanin mu da wannan yariman
hau_train_track_a_00660,Cutar korona ta hallaka mutum 654 a Najeriya - NCDC,0,0,1,0,1,0,hau,cutar korona ta hallaka mutum 654 a najeriya ncdc
hau_train_track_a_00661,Dalibin Shekarar Ƙarshe a Jami’ar AUA Ya Kashe Abokiyar Karatunsa Akan iPhone,0,1,0,0,1,0,hau,dalibin shekarar ƙarshe a jami’ar aua ya kashe abokiyar karatunsa akan iphone
hau_train_track_a_00662,"An gurfanar da faston da ya nemi mabiyansa su biya N300,000 kudin shiga aljannah",0,0,0,0,0,1,hau,an gurfanar da faston da ya nemi mabiyansa su biya n300000 kudin shiga aljannah
hau_train_track_a_00663,Kotun koli ta tafka kuskure a yanke hukuncin kwace kujerar gwamnan Bayelsa - Falana,0,0,0,0,1,0,hau,kotun koli ta tafka kuskure a yanke hukuncin kwace kujerar gwamnan bayelsa falana
hau_train_track_a_00664,Na yi farin cikin jin muryan diyata – Mahaifin Leah Sharibu,0,0,0,1,0,0,hau,na yi farin cikin jin muryan diyata – mahaifin leah sharibu
hau_train_track_a_00665,dan allah a saya mana makamai da kuɗinnan abawa maaikatanmu na staru bama sturon kurona kidnapping muke sturo da kuma bandits,0,0,0,0,1,0,hau,dan allah a saya mana makamai da kuɗinnan abawa maaikatanmu na staru bama sturon kurona kidnapping muke sturo da kuma bandits
hau_train_track_a_00666,Bera ya fada tukunyar farfesu,0,1,0,0,0,0,hau,bera ya fada tukunyar farfesu
hau_train_track_a_00667,"Nollywood: FFK, Dino, Ezeife sun bayyana a cikin wasan ‘Silent Prejudice’",0,0,0,0,0,0,hau,nollywood ffk dino ezeife sun bayyana a cikin wasan ‘silent prejudice’
hau_train_track_a_00668,"Wajen da aka yi hastarin mota jiya, jini kamar a mahauta",0,1,0,0,0,0,hau,wajen da aka yi hastarin mota jiya jini kamar a mahauta
hau_train_track_a_00669,"Duk da matsalar Corona, likitoci sun shiga yajin aikin dindindin a Najeriya",0,0,0,0,1,0,hau,duk da matsalar corona likitoci sun shiga yajin aikin dindindin a najeriya
hau_train_track_a_00670,Ya subhanallahi 😭💔Allah ya jiqansu ya gafarta musu ameen,0,0,0,0,1,0,hau,ya subhanallahi 😭💔allah ya jiqansu ya gafarta musu ameen
hau_train_track_a_00671,An yiwa Lakcara korar kare bayan ya nemi lalata da dalibar shi,0,1,0,0,0,0,hau,an yiwa lakcara korar kare bayan ya nemi lalata da dalibar shi
hau_train_track_a_00672,Mutumin yayi amai kuma ya lashe,0,1,0,0,0,0,hau,mutumin yayi amai kuma ya lashe
hau_train_track_a_00673,Wai ya hada yan sanda da sojoji fada🤣 ##URL##,0,0,0,0,0,1,hau,wai ya hada yan sanda da sojoji fada🤣 url
hau_train_track_a_00674,"Da duminsa: Allah ya yiwa Dan Iyan Zazzau, Alhaji Yusuf Ladan, rasuwa",0,0,0,0,1,0,hau,da duminsa allah ya yiwa dan iyan zazzau alhaji yusuf ladan rasuwa
hau_train_track_a_00675,"Allah ya yiwa uwargidar Sarkin Muradun rasuwa, Buhari ya aika sakon ta'aziyya",0,0,0,0,1,0,hau,allah ya yiwa uwargidar sarkin muradun rasuwa buhari ya aika sakon taaziyya
hau_train_track_a_00676,Wanda suke shirin wargazaku dea wargaza Nigeria ai sai Allah amma inshaa Allah karshen gwamnatin zalunci yazo 😎,1,0,0,0,0,0,hau,wanda suke shirin wargazaku dea wargaza nigeria ai sai allah amma inshaa allah karshen gwamnatin zalunci yazo 😎
hau_train_track_a_00677,Subhanallah Allah yakawomuna karshen wannan Annobar akasarmu bakidaya 🙏,0,0,1,0,1,0,hau,subhanallah allah yakawomuna karshen wannan annobar akasarmu bakidaya 🙏
hau_train_track_a_00678,gaskiya rashin sannin irin illar karya take dashi da kuma zununbin makaryaci shiya jawo miki in da ace kinyi islamiyya yadda ya kamata da kin rage wannan sharara karyar,0,1,0,0,1,0,hau,gaskiya rashin sannin irin illar karya take dashi da kuma zununbin makaryaci shiya jawo miki in da ace kinyi islamiyya yadda ya kamata da kin rage wannan sharara karyar
hau_train_track_a_00679,Iko sai Allah: Ku sadu da wata kyakkyawar mata da ke soyayya da fatalwa,0,0,0,0,0,1,hau,iko sai allah ku sadu da wata kyakkyawar mata da ke soyayya da fatalwa
hau_train_track_a_00680,Nifa anawa tunanin yawan barnannan da akeyi wlh da sakacin wasu iyayenma 😞😞,0,0,0,0,1,0,hau,nifa anawa tunanin yawan barnannan da akeyi wlh da sakacin wasu iyayenma 😞😞
hau_train_track_a_00681,Hotunan takardun da ƴan ISWAP suka raba wa mutane a Borno suna gargaɗinsu game da kai wa sojoji tsegumi,0,0,1,0,0,0,hau,hotunan takardun da ƴan iswap suka raba wa mutane a borno suna gargaɗinsu game da kai wa sojoji tsegumi
hau_train_track_a_00682,Abin da ke kawo matsala a Kannywood – Fatima Maina,0,0,0,0,0,0,hau,abin da ke kawo matsala a kannywood – fatima maina
hau_train_track_a_00683,Faduwar darajar Naira ta kawo cikas a kasuwancinmu – Alhaji Sulaiman,0,0,0,0,1,0,hau,faduwar darajar naira ta kawo cikas a kasuwancinmu – alhaji sulaiman
hau_train_track_a_00684,Allah ya isa kudina😡,1,0,0,0,0,0,hau,allah ya isa kudina😡
hau_train_track_a_00685,Wasikar Obasanjo zai taimakawa Buhari wajen samun nasara a zaben 2019,0,0,0,0,0,0,hau,wasikar obasanjo zai taimakawa buhari wajen samun nasara a zaben 2019
hau_train_track_a_00686,An bukaci ’yan fim su mayar da hankali kan fina-finan bayanai,0,0,0,0,0,0,hau,an bukaci ’yan fim su mayar da hankali kan finafinan bayanai
hau_train_track_a_00687,kungiyar ASALLIN ta nemi gwamnati ta rika damawa da ita(5),0,0,0,0,0,0,hau,kungiyar asallin ta nemi gwamnati ta rika damawa da ita5
hau_train_track_a_00688,An Shiga Tashin Hankali a Wata Jami'a Yayin da Malamai Uku Suka Mutu Rana Daya,0,0,1,0,1,0,hau,an shiga tashin hankali a wata jamia yayin da malamai uku suka mutu rana daya
hau_train_track_a_00689,Kud tsiyarki bazai taba sanin kii ba🤪🤪 @<username>,0,0,0,0,0,0,hau,kud tsiyarki bazai taba sanin kii ba🤪🤪 username
hau_train_track_a_00690,karyar banza tun yaushe mukejin wannan tatsuniyar,1,0,0,0,0,0,hau,karyar banza tun yaushe mukejin wannan tatsuniyar
hau_train_track_a_00691,"Munga Gawar manoma 43, meyasa har yanzu ba'a ganin Gawar 'yan Boko Haram da ake kashe wa. Don ALLAH a dena wannan wasan karyan😥",0,0,0,0,1,0,hau,munga gawar manoma 43 meyasa har yanzu baa ganin gawar yan boko haram da ake kashe wa don allah a dena wannan wasan karyan😥
hau_train_track_a_00692,Hauka maganinta Allah: Wani mutumi ya hallaka matarsa mai kaunarsa da ɗan da suka haifa,0,1,0,0,1,0,hau,hauka maganinta allah wani mutumi ya hallaka matarsa mai kaunarsa da ɗan da suka haifa
hau_train_track_a_00693,Kai kaji yan iska mtsewww 😌😌,1,0,0,0,0,0,hau,kai kaji yan iska mtsewww 😌😌
hau_train_track_a_00694,Yaran suna wasa a cikin ruwan bolan,0,1,0,0,0,0,hau,yaran suna wasa a cikin ruwan bolan
hau_train_track_a_00695,duk da takun kumin sa,0,0,0,0,0,1,hau,duk da takun kumin sa
hau_train_track_a_00696,Hahahaha Allah ya taimaki honorable gudaji kazaure fatan alheri😂😂😂,0,0,0,1,0,0,hau,hahahaha allah ya taimaki honorable gudaji kazaure fatan alheri😂😂😂
hau_train_track_a_00697,"Munyi Nadamar Goyon Bayan Buhari, Muna Roƙon Allah Ya Yafe Mana, Tsohon Gwamna",1,0,0,0,1,0,hau,munyi nadamar goyon bayan buhari muna roƙon allah ya yafe mana tsohon gwamna
hau_train_track_a_00698,kaiii bbc kun iya kawo abin alajabi,0,0,0,0,0,1,hau,kaiii bbc kun iya kawo abin alajabi
hau_train_track_a_00699,Wasu da su kayi wa Buhari fatan mutuwa amma su ka riga sa zuwa gidan gaskiya,0,0,0,0,0,1,hau,wasu da su kayi wa buhari fatan mutuwa amma su ka riga sa zuwa gidan gaskiya
hau_train_track_a_00700,gaskiya yaya aminu kayi don kasani cikin farin ciki sosai,0,0,0,1,0,0,hau,gaskiya yaya aminu kayi don kasani cikin farin ciki sosai
hau_train_track_a_00701,"😂😂😂 kash kaga tsiyar mutanenan ko, badamuwa inya kauce wa hukunckin kotu bai Isa ya kaucewa na ubangiji ba ai. Allah na Nan a madakata.",1,0,0,0,1,0,hau,😂😂😂 kash kaga tsiyar mutanenan ko badamuwa inya kauce wa hukunckin kotu bai isa ya kaucewa na ubangiji ba ai allah na nan a madakata
hau_train_track_a_00702,Bello Muhammed Bello zai yi kwal-kwabo domin cika alkawari,0,0,0,0,0,0,hau,bello muhammed bello zai yi kwalkwabo domin cika alkawari
hau_train_track_a_00703,"An yi taron murnar dawowar Tinubu Najeriya, ya magantu kan tafiya da dawowarsa",0,0,0,1,0,0,hau,an yi taron murnar dawowar tinubu najeriya ya magantu kan tafiya da dawowarsa
hau_train_track_a_00704,Duk shekarun dazatayi bazata Tara cholesterol a jikintaba😂😂😂😂,0,0,0,1,0,0,hau,duk shekarun dazatayi bazata tara cholesterol a jikintaba😂😂😂😂
hau_train_track_a_00705,Saudiya ta kori manyan jami’anta saboda cuwacuwa,0,0,0,0,0,0,hau,saudiya ta kori manyan jami’anta saboda cuwacuwa
hau_train_track_a_00706,allah ya qara tsare mu daga sharrin masu sharri bi jahid sayyadil ummah,0,0,1,0,1,0,hau,allah ya qara tsare mu daga sharrin masu sharri bi jahid sayyadil ummah
hau_train_track_a_00707,"Wllh wannan azzalumi magani guda a harbe shi har lahira domin yazama darasi ga azzalummai irin shi, Ni gaskiya banga alamun yin adalci a gwamnatin Shugaba ba wllh, Wannan ta'asa har ina?😭😭😭😭😭😭😭😭😭😭😭😭😭😭",1,0,0,0,0,0,hau,wllh wannan azzalumi magani guda a harbe shi har lahira domin yazama darasi ga azzalummai irin shi ni gaskiya banga alamun yin adalci a gwamnatin shugaba ba wllh wannan taasa har ina😭😭😭😭😭😭😭😭😭😭😭😭😭😭
hau_train_track_a_00708,Rakumi girman ka na banza dan akuya ya fika duwaiwai. 😅,1,0,0,0,0,0,hau,rakumi girman ka na banza dan akuya ya fika duwaiwai 😅
hau_train_track_a_00709,imagine years girl raped by persons over month ayam sorry to asked like how kidnapping dinta sukayi suka daureta daki over month kokuwa plz dan allah inason qarin haske,0,0,1,0,0,1,hau,imagine years girl raped by persons over month ayam sorry to asked like how kidnapping dinta sukayi suka daureta daki over month kokuwa plz dan allah inason qarin haske
hau_train_track_a_00710,Ya kwaro ma ta amai a baki,0,1,0,0,0,0,hau,ya kwaro ma ta amai a baki
hau_train_track_a_00711,allah yajikansa yasa aljannah ce makoma,0,0,0,0,1,0,hau,allah yajikansa yasa aljannah ce makoma
hau_train_track_a_00712,Wani yaro yabar ciwonsa yana wari saboda rashin kula har ya fara tsutsa,0,1,0,0,0,0,hau,wani yaro yabar ciwonsa yana wari saboda rashin kula har ya fara tsutsa
hau_train_track_a_00713,"Kai Cho 🤔🤔 wannan karin maganar shine dai dai da irin salon mulkin Manjo mu Al, ummar arewacin Nigeria mun zabe shi yana cin uban mu yan kudu suna cin moriyar mulkin sa shine inuwar giginya na nesa kan shaki buhari",1,0,0,0,1,0,hau,kai cho 🤔🤔 wannan karin maganar shine dai dai da irin salon mulkin manjo mu al ummar arewacin nigeria mun zabe shi yana cin uban mu yan kudu suna cin moriyar mulkin sa shine inuwar giginya na nesa kan shaki buhari
hau_train_track_a_00714,karya take fitsararriya maras kunya,1,1,0,0,0,0,hau,karya take fitsararriya maras kunya
hau_train_track_a_00715,"Gwamna Zulum Ya Kai Ziyarar Bazata Wasu Asibitoci, Ya Ɗauki Mataki Kan Abinda Ya Gano",0,0,0,0,0,1,hau,gwamna zulum ya kai ziyarar bazata wasu asibitoci ya ɗauki mataki kan abinda ya gano
hau_train_track_a_00716,cab muna ruwa,0,0,1,0,0,0,hau,cab muna ruwa
hau_train_track_a_00717,Muna cin abinci tazo wuce da kashi cikin poo,0,1,0,0,0,0,hau,muna cin abinci tazo wuce da kashi cikin poo
hau_train_track_a_00718,Goron Sallah: Muhimman mas’aloli 10 da addinin Musulunci ya kawo a kan biki da sallar idi,0,0,0,0,0,0,hau,goron sallah muhimman mas’aloli 10 da addinin musulunci ya kawo a kan biki da sallar idi
hau_train_track_a_00719,"Alkawari ya cika, an daura auren Hanan Buhari da Turad Sha'aban (Hotuna)",0,0,0,1,0,0,hau,alkawari ya cika an daura auren hanan buhari da turad shaaban hotuna
hau_train_track_a_00720,Haba Adamu dan Allah da girman ka geme geme da kai amma kake karya 🙄 gaskia baka da ta ido wlh 😩😩,0,0,0,0,1,0,hau,haba adamu dan allah da girman ka geme geme da kai amma kake karya 🙄 gaskia baka da ta ido wlh 😩😩
hau_train_track_a_00721,Allah Ya Yi Mun Gamon Katar: Matar Aure Ta Wallafa Hotunan Mijinta Yana Tayata Girki A Icce,0,0,0,1,0,1,hau,allah ya yi mun gamon katar matar aure ta wallafa hotunan mijinta yana tayata girki a icce
hau_train_track_a_00722,Ammande wannan anyi dan akuya ☹️,1,0,0,0,0,0,hau,ammande wannan anyi dan akuya ☹️
hau_train_track_a_00723,Mazauna sun fusata bayan dakatar da Hakimi kan zargin rungumar baki a Abuja,1,0,0,0,0,0,hau,mazauna sun fusata bayan dakatar da hakimi kan zargin rungumar baki a abuja
hau_train_track_a_00724,Da dumi-dumi: 'Yan Boko Haram sun kashe mutane 14 akan iyakar Najeriya da Kamaru,0,0,0,0,1,0,hau,da dumidumi yan boko haram sun kashe mutane 14 akan iyakar najeriya da kamaru
hau_train_track_a_00725,Da alaman su Jagaban an fara tsoro! 🤔,0,0,1,0,0,1,hau,da alaman su jagaban an fara tsoro 🤔
hau_train_track_a_00726,"Sojoji sun kama 'yan bindiga 25, sun kwato makamai masu yawa (Hotuna)",0,0,0,1,0,0,hau,sojoji sun kama yan bindiga 25 sun kwato makamai masu yawa hotuna
hau_train_track_a_00727,Saudiyya: Sarki Salman ya sa a kara wa'adin zaman baki kyauta,0,0,0,1,0,0,hau,saudiyya sarki salman ya sa a kara waadin zaman baki kyauta
hau_train_track_a_00728,"Aikinka ya na kyau, Shugaban kasar Faransa, Macron ya fadawa Mai kamfanin BUA",0,0,0,1,0,0,hau,aikinka ya na kyau shugaban kasar faransa macron ya fadawa mai kamfanin bua
hau_train_track_a_00729,"Abun mamaki, an haifo jariri tare da mahaifarsa.",0,0,0,0,0,1,hau,abun mamaki an haifo jariri tare da mahaifarsa
hau_train_track_a_00730,allah ya rabamu da yahudawa duk yahudanchini wllh watakila nadiya ku,0,0,1,0,1,0,hau,allah ya rabamu da yahudawa duk yahudanchini wllh watakila nadiya ku
hau_train_track_a_00731,Ya taune tsutsa,0,1,0,0,0,0,hau,ya taune tsutsa
hau_train_track_a_00732,Koh waya cema barawo nada amana dama shirme kawai🤦‍♂️,1,0,0,0,1,0,hau,koh waya cema barawo nada amana dama shirme kawai🤦‍♂️
hau_train_track_a_00733,"Allah ya amince jam'iyyar APC ta gudanar da babban taro na ƙasa, Gwamna ya faɗi wani sirri",0,0,0,1,0,0,hau,allah ya amince jamiyyar apc ta gudanar da babban taro na ƙasa gwamna ya faɗi wani sirri
hau_train_track_a_00734,Zamani! Mara aure su keba masu aure shawara😂😂,0,0,0,0,0,1,hau,zamani mara aure su keba masu aure shawara😂😂
hau_train_track_a_00735,‘Yan bindiga sun kashe wani hamshakin mai kudi a Katsina,0,0,1,0,1,0,hau,‘yan bindiga sun kashe wani hamshakin mai kudi a katsina
hau_train_track_a_00736,To Yaya ranku yan baqin ciki 😂😂😂😂😂😂 messix,1,0,0,0,0,0,hau,to yaya ranku yan baqin ciki 😂😂😂😂😂😂 messix
hau_train_track_a_00737,Allah mai iko: Yadda mai jinyar korona ta haihu a asibitin Najeriya,0,0,0,0,0,1,hau,allah mai iko yadda mai jinyar korona ta haihu a asibitin najeriya
hau_train_track_a_00738,to allah ya shiga tsakanin nagari da mugu,0,0,1,0,0,0,hau,to allah ya shiga tsakanin nagari da mugu
hau_train_track_a_00739,Dattijo mara lafiya na bara yana nuna ruɓaɓɓen kafan sa a titi,0,1,0,0,0,0,hau,dattijo mara lafiya na bara yana nuna ruɓaɓɓen kafan sa a titi
hau_train_track_a_00740,"Zamfara: Yan bindiga sun kai wani mummunan har kauyuka huɗu, sun halaka aƙalla mutum 17",0,0,1,0,1,0,hau,zamfara yan bindiga sun kai wani mummunan har kauyuka huɗu sun halaka aƙalla mutum 17
hau_train_track_a_00741,Tsohon shugaban kasar Gambia zai fuskanci fushin doka saboda kashe wasu 'yan Najeriya,1,0,0,0,0,0,hau,tsohon shugaban kasar gambia zai fuskanci fushin doka saboda kashe wasu yan najeriya
hau_train_track_a_00742,Tashin hankali: Kyakkyawar budurwa ta kashe kanta saboda ta rasa masoya a dandalin Instagram,0,0,1,0,1,1,hau,tashin hankali kyakkyawar budurwa ta kashe kanta saboda ta rasa masoya a dandalin instagram
hau_train_track_a_00743,Dama bayin kanawa ne 🤣,0,0,0,1,0,0,hau,dama bayin kanawa ne 🤣
hau_train_track_a_00744,Wai Dan Allah wanna da gsk neh kode wasa neh kan 😑😑😑😑,0,0,0,0,0,1,hau,wai dan allah wanna da gsk neh kode wasa neh kan 😑😑😑😑
hau_train_track_a_00745,Dadina daku kun Iya karya.😆,0,0,0,0,1,0,hau,dadina daku kun iya karya😆
hau_train_track_a_00746,Allah yajiqanshi da rahmarshi 🤲,0,0,0,0,1,0,hau,allah yajiqanshi da rahmarshi 🤲
hau_train_track_a_00747,"Subhanalli,Allah ya kawo mana dauki🤲",0,0,1,0,0,0,hau,subhanalliallah ya kawo mana dauki🤲
hau_train_track_a_00748,Kichanza tailor. Ask me why? Pic 1 &amp; 2 is quite okay Pic 3&amp;4 breast cub din ya loose ciki ND ya nuna chiko kikayi 😂🤣😂😂🤣😂,0,0,0,1,0,0,hau,kichanza tailor ask me why pic 1 amp 2 is quite okay pic 3amp4 breast cub din ya loose ciki nd ya nuna chiko kikayi 😂🤣😂😂🤣😂
hau_train_track_a_00749,Jami'ar OAU ta dakatar da malami kan lalata da daliba,0,1,0,0,0,0,hau,jamiar oau ta dakatar da malami kan lalata da daliba
hau_train_track_a_00750,Yadda wata mata ta yi wa jami'an PHCN mugun duka da yaje karbar wuta ana kulle (Bidiyo),1,0,0,0,0,1,hau,yadda wata mata ta yi wa jamian phcn mugun duka da yaje karbar wuta ana kulle bidiyo
hau_train_track_a_00751,Ikon Allah? 🤔 Waini abinga naban mamaki komi akayi sai kuce siyasace. Alhalin yanzu buhari baida sauran wata siyasa agabanai da za'a batamai suna don kar azabeshi al'umma fa yanzu sunwaye basa siyasa lokacinda banataba dazarar abu yawuce baya suke bash.,0,0,0,0,0,1,hau,ikon allah 🤔 waini abinga naban mamaki komi akayi sai kuce siyasace alhalin yanzu buhari baida sauran wata siyasa agabanai da zaa batamai suna don kar azabeshi alumma fa yanzu sunwaye basa siyasa lokacinda banataba dazarar abu yawuce baya suke bash
hau_train_track_a_00752,anya kuwa rahama kin damu da abinda akaiwa kuwa ana jimami amma kawaii tallata mati a zazzau kike 😂😂🤣🤣,0,0,0,0,0,1,hau,anya kuwa rahama kin damu da abinda akaiwa kuwa ana jimami amma kawaii tallata mati a zazzau kike 😂😂🤣🤣
hau_train_track_a_00753,Kundin Kannywood: Saura kadan ya rage na auri Nafisa Abdullahi da Fati Washa,0,0,0,0,0,0,hau,kundin kannywood saura kadan ya rage na auri nafisa abdullahi da fati washa
hau_train_track_a_00754,Dole uwar naqi 😂😂😂🤣. Amuruka ta sha wahala,0,0,0,1,0,0,hau,dole uwar naqi 😂😂😂🤣 amuruka ta sha wahala
hau_train_track_a_00755,Kutumar uba yana gudun dare yayi yagano laipinsa😂😂😂,0,0,0,0,0,0,hau,kutumar uba yana gudun dare yayi yagano laipinsa😂😂😂
hau_train_track_a_00756,"🤣🤣🤣 yana ruwa, inconclusive.",0,0,0,0,0,0,hau,🤣🤣🤣 yana ruwa inconclusive
hau_train_track_a_00757,"Koyan diban kudin Qasa akai qasashen waje, tareda tarawa magada dukiyar qasa don gudin idan anbar duniya iyali suyu talauci 🙏 I’m sorry for saying that, I can’t be control of my tongue 🙏",0,0,0,0,1,0,hau,koyan diban kudin qasa akai qasashen waje tareda tarawa magada dukiyar qasa don gudin idan anbar duniya iyali suyu talauci 🙏 i’m sorry for saying that i can’t be control of my tongue 🙏
hau_train_track_a_00758,Zabe: RTEAN tayi alkawarin bawa Buhari kuri'u miliyan 16,0,0,0,0,0,0,hau,zabe rtean tayi alkawarin bawa buhari kuriu miliyan 16
hau_train_track_a_00759,"A baya mun yi soyayya da Adam A. Zango, sai dai yanzu mutunci ne kawai tsakaninmu – Nafisa Abdullahi",0,0,0,0,0,0,hau,a baya mun yi soyayya da adam a zango sai dai yanzu mutunci ne kawai tsakaninmu – nafisa abdullahi
hau_train_track_a_00760,Allah ya yi wa Sarkin Bwari rasuwa,0,0,0,0,1,0,hau,allah ya yi wa sarkin bwari rasuwa
hau_train_track_a_00761,Tirqashi! Ance Mu Nisanci Gumaka Keh Kuma Kusantarsu Ma Kike🤮🤢,0,1,0,0,0,0,hau,tirqashi ance mu nisanci gumaka keh kuma kusantarsu ma kike🤮🤢
hau_train_track_a_00762,"Jirgin Sama Dauke da Mayan Mutane 10 Ya Yi Saukar Gaggawa Tare da Fantsama Daji, Bayanai Sun Fito",0,0,1,0,0,0,hau,jirgin sama dauke da mayan mutane 10 ya yi saukar gaggawa tare da fantsama daji bayanai sun fito
hau_train_track_a_00763,innalillahi kai allah yaye musumuma nan allah kawo mana sauki allah ka kawo mana karshen masifa amin ya allah,0,0,1,0,1,0,hau,innalillahi kai allah yaye musumuma nan allah kawo mana sauki allah ka kawo mana karshen masifa amin ya allah
hau_train_track_a_00764,Annobar Corona: Bankin Access ta garkame ofishinta a Legas bayan bullar cutar,0,0,0,0,0,0,hau,annobar corona bankin access ta garkame ofishinta a legas bayan bullar cutar
hau_train_track_a_00765,....tohm shikuma dan zango daya koma lagos da zama waye zae karasa mana #basajagadaga ..... Abeg help me ask hiim kodae mu cire rai neh kawae😢 @<username>,0,0,0,0,1,0,hau,tohm shikuma dan zango daya koma lagos da zama waye zae karasa mana basajagadaga abeg help me ask hiim kodae mu cire rai neh kawae😢 username
hau_train_track_a_00766,Almajirai na tsince-tsinci akan bola,0,1,0,0,0,0,hau,almajirai na tsincetsinci akan bola
hau_train_track_a_00767,"Kai 😳 350? Dayawa gaskiya, Toh Allah Sarki.",0,0,0,0,0,1,hau,kai 😳 350 dayawa gaskiya toh allah sarki
hau_train_track_a_00768,Wannan maganar yabo ce ko kuma Akasin hakan? 🤭🤭🤭,0,0,0,0,0,1,hau,wannan maganar yabo ce ko kuma akasin hakan 🤭🤭🤭
hau_train_track_a_00769,Murnar mutuwar Kyari: Kwamishinan da Ganduje ya tube ya yi magana a karo na farko,0,0,0,0,0,1,hau,murnar mutuwar kyari kwamishinan da ganduje ya tube ya yi magana a karo na farko
hau_train_track_a_00770,"Sabida miye zaa kamata Mai tayi 😏 ga kidnappers da ya iskan gari da masu sata baza a kama su ba Sai ita ,ita fa laifin ta kawai shene anyi amfani da pictures dinta anyi batanci ..",1,0,0,0,1,0,hau,sabida miye zaa kamata mai tayi 😏 ga kidnappers da ya iskan gari da masu sata baza a kama su ba sai ita ita fa laifin ta kawai shene anyi amfani da pictures dinta anyi batanci
hau_train_track_a_00771,"Basu da tsafta sam, sunbar kwanukan wanke-wanke duk sunyi funfuna",0,1,0,0,0,0,hau,basu da tsafta sam sunbar kwanukan wankewanke duk sunyi funfuna
hau_train_track_a_00772,"1) Sauna kira mana shasha in kaga wawa ku taho tare, 2) Kwadayi mabudin wahala, 3) Susu da shasha 🤣",0,0,0,0,0,0,hau,1 sauna kira mana shasha in kaga wawa ku taho tare 2 kwadayi mabudin wahala 3 susu da shasha 🤣
hau_train_track_a_00773,ya allah allah ya shiga tsakaninmu dasu,0,0,1,0,0,0,hau,ya allah allah ya shiga tsakaninmu dasu
hau_train_track_a_00774,"hhhhhhhhhh😁😁😁 Allah yasa asacemu Don matsayin watan Ramadan, tsakaninmu da mutanen nan nikam sede Allah ya'isarmana",1,0,0,0,0,0,hau,hhhhhhhhhh😁😁😁 allah yasa asacemu don matsayin watan ramadan tsakaninmu da mutanen nan nikam sede allah yaisarmana
hau_train_track_a_00775,Nabi mati dagudu 😎😎😎 kin damai mu mai katon baki,1,0,0,0,0,0,hau,nabi mati dagudu 😎😎😎 kin damai mu mai katon baki
hau_train_track_a_00776,Ma'aikatu 50 na Gwamnatin Tarayya da babu Jagorori,0,0,0,0,0,0,hau,maaikatu 50 na gwamnatin tarayya da babu jagorori
hau_train_track_a_00777,"Kai ka ji renin wayo, hatta shi Wanda ya kamanma in ka bibiya shi ya fi kowa iya sata a lokacin da ya xana tashi WAEC din. Mtsewww 😗 ku bar yara su huce fushinsu na Corona, don kuwa kwakwalwarsu ta riga ta yi sanyyi.",1,0,0,0,0,0,hau,kai ka ji renin wayo hatta shi wanda ya kamanma in ka bibiya shi ya fi kowa iya sata a lokacin da ya xana tashi waec din mtsewww 😗 ku bar yara su huce fushinsu na corona don kuwa kwakwalwarsu ta riga ta yi sanyyi
hau_train_track_a_00778,allah raka taki gona dan asara dama farin jinin dayayi na kwankwasiyya ne yanzu yayi babun badulahu,1,0,0,0,0,0,hau,allah raka taki gona dan asara dama farin jinin dayayi na kwankwasiyya ne yanzu yayi babun badulahu
hau_train_track_a_00779,inya kuwa sadau,0,0,0,0,0,1,hau,inya kuwa sadau
hau_train_track_a_00780,An damke matasa 41 da ake zargi luwadi a taron banbadewa a jihar Bauchi,0,1,0,1,0,0,hau,an damke matasa 41 da ake zargi luwadi a taron banbadewa a jihar bauchi
hau_train_track_a_00781,allah yai musu mafita kuma su sani cewa zasu iya kashe musulmi ko su kulle su amma bazasu iya kashe musulunci ba,1,0,1,0,1,0,hau,allah yai musu mafita kuma su sani cewa zasu iya kashe musulmi ko su kulle su amma bazasu iya kashe musulunci ba
hau_train_track_a_00782,Hamza Al-Mustapha ya kai wa Wike ziyara a Fatakwal,0,0,0,0,0,0,hau,hamza almustapha ya kai wa wike ziyara a fatakwal
hau_train_track_a_00783,Mu gode BBC Hausa😂😂😂😂,0,0,0,1,0,0,hau,mu gode bbc hausa😂😂😂😂
hau_train_track_a_00784,Geidam ya nad-a masu ba shi shawara,0,0,0,0,0,0,hau,geidam ya nada masu ba shi shawara
hau_train_track_a_00785,An samu nasarar yi wa Sarki Salman tiyata a mafitsara,0,0,0,1,0,0,hau,an samu nasarar yi wa sarki salman tiyata a mafitsara
hau_train_track_a_00786,Allah ya kyauta: Wani matashi ya roki Rahama Sadau tayi fim din batsa koda guda daya ne,0,1,0,0,0,0,hau,allah ya kyauta wani matashi ya roki rahama sadau tayi fim din batsa koda guda daya ne
hau_train_track_a_00787,Zargin tsare dalibi: Aisha Buhari ta kulle shafinta na Twitter,0,0,0,0,0,0,hau,zargin tsare dalibi aisha buhari ta kulle shafinta na twitter
hau_train_track_a_00788,Zaka kwana kana mamaki😂,0,0,0,1,0,0,hau,zaka kwana kana mamaki😂
hau_train_track_a_00789,Buhari zai yi wa 'yan Najeriya jawabi ranar Alhamis,0,0,0,0,0,0,hau,buhari zai yi wa yan najeriya jawabi ranar alhamis
hau_train_track_a_00790,Su karbe wayoyinsa su bashi vivo 😡😡😡😡,1,0,0,0,0,0,hau,su karbe wayoyinsa su bashi vivo 😡😡😡😡
hau_train_track_a_00791,Really baban yarinya amma fa yakamata aboye gashin😎😎,0,0,0,1,0,1,hau,really baban yarinya amma fa yakamata aboye gashin😎😎
hau_train_track_a_00792,Real Madrid basu iya komai ba duk zasu buga Final sai sun hada da hassada 😏 Up @<username>,1,0,0,0,0,0,hau,real madrid basu iya komai ba duk zasu buga final sai sun hada da hassada 😏 up username
hau_train_track_a_00793,Toh fah!!! Wata sabuwa 🤣🤣🤣,0,0,0,0,0,1,hau,toh fah wata sabuwa 🤣🤣🤣
hau_train_track_a_00794,Kash! Kuma sai da aski ya zo dai-dai gaban goshi😏 Maraya baya shakkar mutuwar uban wani🙃,1,0,0,0,0,0,hau,kash kuma sai da aski ya zo daidai gaban goshi😏 maraya baya shakkar mutuwar uban wani🙃
hau_train_track_a_00795,Amma A Wannan Hoton Ai a Hannun Hagunsa Yake 🤔,0,0,0,0,0,1,hau,amma a wannan hoton ai a hannun hagunsa yake 🤔
hau_train_track_a_00796,Waya Taba mana Baba Falalu 💪🏻💪🏻💪🏻💪🏻,0,0,0,0,0,0,hau,waya taba mana baba falalu 💪🏻💪🏻💪🏻💪🏻
hau_train_track_a_00797,lallai wann abun haushi ne sulhu d dan taadda koa finafinan india baa wann,1,0,0,0,1,0,hau,lallai wann abun haushi ne sulhu d dan taadda koa finafinan india baa wann
hau_train_track_a_00798,"Malam Aminu ataimaka kar wnan abu yazama gaskiya dan yaran before fatiha zasuyi yawa ga murja, sumayya sanan ga Mahmud abun yayi yawa gaskiya. Gara dai acire mana sumayya sbd tsaro badin tsoro ba🙈🙈",0,0,1,0,0,0,hau,malam aminu ataimaka kar wnan abu yazama gaskiya dan yaran before fatiha zasuyi yawa ga murja sumayya sanan ga mahmud abun yayi yawa gaskiya gara dai acire mana sumayya sbd tsaro badin tsoro ba🙈🙈
hau_train_track_a_00799,Wani ya bayyana yadda ya kama kaninsa da matar fasto,0,1,0,0,1,0,hau,wani ya bayyana yadda ya kama kaninsa da matar fasto
hau_train_track_a_00800,Da barau yamain magana bakin sa wari kamar kwatar mai markaɗe,0,1,0,0,0,0,hau,da barau yamain magana bakin sa wari kamar kwatar mai markaɗe
hau_train_track_a_00801,Wata Mata ta yi ma mijinta dukan tsiya har sai daya fadi matacce a Kano,0,1,0,0,1,1,hau,wata mata ta yi ma mijinta dukan tsiya har sai daya fadi matacce a kano
hau_train_track_a_00802,"Dakarun sojoji sun yi artabu da yan bindiga a Filato, sun kashe mutum daya",0,0,0,0,0,0,hau,dakarun sojoji sun yi artabu da yan bindiga a filato sun kashe mutum daya
hau_train_track_a_00803,Bola Tinubu Ne ’Yan Najeriya Suka Fi Neman Bayansa a Kafar Google a Shekarar Nan a 2022,0,0,0,0,0,0,hau,bola tinubu ne ’yan najeriya suka fi neman bayansa a kafar google a shekarar nan a 2022
hau_train_track_a_00804,"PDP ta fadawa Buhari ya fatattaki shahararren Ministansa, ta fadi zunubin da ya aikata",1,0,0,0,0,0,hau,pdp ta fadawa buhari ya fatattaki shahararren ministansa ta fadi zunubin da ya aikata
hau_train_track_a_00805,"Shahrarren Jagoran Fulani, Saleh Bayari, ya rigamu gidan gaskiya",0,0,0,0,1,0,hau,shahrarren jagoran fulani saleh bayari ya rigamu gidan gaskiya
hau_train_track_a_00806,Wish you more success Ahead dear🥰 Allah ya taimaka ya bada sa'a 🙏ya kawo rabo mafi Alheri 🙏keep smiling my star ⭐ ✌️,0,0,0,1,0,0,hau,wish you more success ahead dear🥰 allah ya taimaka ya bada saa 🙏ya kawo rabo mafi alheri 🙏keep smiling my star ⭐ ✌️
hau_train_track_a_00807,"Dalibai 5 mata sun yi wa malaminsu a makarantar sakandire fyade, ya suma",1,1,0,0,0,1,hau,dalibai 5 mata sun yi wa malaminsu a makarantar sakandire fyade ya suma
hau_train_track_a_00808,wllh wannan azzalumi magani guda a harbe shi har lahira domin yazama darasi ga azzalummai irin shi ni gaskiya banga alamun yin adalci a gwamnatin shugaba ba wllh wannan taasa har ina,1,0,0,0,0,0,hau,wllh wannan azzalumi magani guda a harbe shi har lahira domin yazama darasi ga azzalummai irin shi ni gaskiya banga alamun yin adalci a gwamnatin shugaba ba wllh wannan taasa har ina
hau_train_track_a_00809,Lala Lala lalalalala ina turai yaradua?ina patience Jonathan? Kai ina Maryamu abatcha? Harda Maryamu Ibb? (Rip) duk sun kama hanyar gidajen su na gado. ........ kema nan da 2/1/2yrs zamu baki visa sai daura😂😂😂😂.,1,0,0,1,0,0,hau,lala lala lalalalala ina turai yaraduaina patience jonathan kai ina maryamu abatcha harda maryamu ibb rip duk sun kama hanyar gidajen su na gado kema nan da 212yrs zamu baki visa sai daura😂😂😂😂
hau_train_track_a_00810,Duk zantukan baya yaudarace kenan🤔,0,0,0,0,1,0,hau,duk zantukan baya yaudarace kenan🤔
hau_train_track_a_00811,matsalar mu na tareda mu kullum allah yakawo karsten wannan abu,0,0,1,0,1,0,hau,matsalar mu na tareda mu kullum allah yakawo karsten wannan abu
hau_train_track_a_00812,"Wato mutanenan basu rabu da abin mamaki 🤣🤣 next level Alhaji, jamaa kudaina walahar dakanku a kansu gani dai ya koriji🤣🤣",0,0,0,0,0,1,hau,wato mutanenan basu rabu da abin mamaki 🤣🤣 next level alhaji jamaa kudaina walahar dakanku a kansu gani dai ya koriji🤣🤣
hau_train_track_a_00813,Gidan adana kayan tarihi na Turkiyya ya wallafa hotunan wasu kayayyakin da annabi ya yi amfani da su,0,0,0,1,0,0,hau,gidan adana kayan tarihi na turkiyya ya wallafa hotunan wasu kayayyakin da annabi ya yi amfani da su
hau_train_track_a_00814,BBC hausa nakasa yadda da wannan shirmen kodai kunhadu da sharrin yan kutsen na'ura me kwakwalwane Wannan ai xalan akuyanci ne ku sauke wannan post din cin xarapine ga mutanen najeriya💔🇳🇬🇳🇬🇳🇬😠😠😠😠,1,0,0,0,0,0,hau,bbc hausa nakasa yadda da wannan shirmen kodai kunhadu da sharrin yan kutsen naura me kwakwalwane wannan ai xalan akuyanci ne ku sauke wannan post din cin xarapine ga mutanen najeriya💔🇳🇬🇳🇬🇳🇬😠😠😠😠
hau_train_track_a_00815,ki kiyayi gamuwarki da allah hajiya rahma sadau ki kiyayi lokacin da zaa baki littafinki ace ki karanta ya isheki hisabi اقرأ كتابك كفى بنفسك اليوم عليك حسيبا,0,0,0,0,1,0,hau,ki kiyayi gamuwarki da allah hajiya rahma sadau ki kiyayi lokacin da zaa baki littafinki ace ki karanta ya isheki hisabi اقرأ كتابك كفى بنفسك اليوم عليك حسيبا
hau_train_track_a_00816,Kasuwanci yana bukatar hakuri da juriya – Alhaji Iliyasu,0,0,0,0,0,0,hau,kasuwanci yana bukatar hakuri da juriya – alhaji iliyasu
hau_train_track_a_00817,Wani mutum ya yi barazanar kai coci kotu idan bata biya shi kuɗin baikonsa na shekaru 19 ba,0,0,0,0,0,0,hau,wani mutum ya yi barazanar kai coci kotu idan bata biya shi kuɗin baikonsa na shekaru 19 ba
hau_train_track_a_00818,ya subhanallahi allah yayimana magani matsalanan hakan kakeso bah,0,0,1,0,1,0,hau,ya subhanallahi allah yayimana magani matsalanan hakan kakeso bah
hau_train_track_a_00819,Jerin sunayen dalibai da malaman da aka sace a makarantar GSC Kagara,0,0,0,0,1,0,hau,jerin sunayen dalibai da malaman da aka sace a makarantar gsc kagara
hau_train_track_a_00820,Wata mata ta gwammace bara maimakon nemawa diyarta lafiya,0,1,0,0,0,0,hau,wata mata ta gwammace bara maimakon nemawa diyarta lafiya
hau_train_track_a_00821,Allah ya yi wa ƴar Sanata Wamakko rasuwa a Sokoto,0,0,0,0,1,0,hau,allah ya yi wa ƴar sanata wamakko rasuwa a sokoto
hau_train_track_a_00822,Babbar Magana: Ministan Buhari Ya Fallasa Yadda Ake Sata Ta Karkashin Kasa a Mulkin Shugaba Buhari,0,0,0,0,1,0,hau,babbar magana ministan buhari ya fallasa yadda ake sata ta karkashin kasa a mulkin shugaba buhari
hau_train_track_a_00823,allah yakiyaye nagaba rahama adinga kulawa kuma,0,0,1,0,0,0,hau,allah yakiyaye nagaba rahama adinga kulawa kuma
hau_train_track_a_00824,Kai Ɗan najeriya yana ganin rayuwa.. very soon zasuce mu fara biyan haraji akan shan iskar da muke.😂💔,0,0,0,0,1,0,hau,kai ɗan najeriya yana ganin rayuwa very soon zasuce mu fara biyan haraji akan shan iskar da muke😂💔
hau_train_track_a_00825,allah yakara kubutar da sauran dan darajar annabi saw,0,0,1,0,0,0,hau,allah yakara kubutar da sauran dan darajar annabi saw
hau_train_track_a_00826,"Kullum wannan yaron sai yayi bahaya ko fitsari akan shimfidarsa, amma a haka sai tayi sati ba'a wankeba.",0,1,0,0,0,0,hau,kullum wannan yaron sai yayi bahaya ko fitsari akan shimfidarsa amma a haka sai tayi sati baa wankeba
hau_train_track_a_00827,Hmmmmmmmm wata sabuwa kenan🙄🙄🙄,0,0,0,0,0,1,hau,hmmmmmmmm wata sabuwa kenan🙄🙄🙄
hau_train_track_a_00828,Inna lillahi wa inna ilaihi raji'un. Again kuma dai...Allah kai kasan dalili Allah mun tuba Allah ka takaita wadan nan masifu da ka jarrabi kasar mu da su😭😭,0,0,1,0,1,0,hau,inna lillahi wa inna ilaihi rajiun again kuma daiallah kai kasan dalili allah mun tuba allah ka takaita wadan nan masifu da ka jarrabi kasar mu da su😭😭
hau_train_track_a_00829,Baya fahimta kuma baya daganewa😣😔,0,0,0,0,1,0,hau,baya fahimta kuma baya daganewa😣😔
hau_train_track_a_00830,An kashe mutane da dama yayinda sabon rikici ya barke a Jalingo,0,0,1,0,1,0,hau,an kashe mutane da dama yayinda sabon rikici ya barke a jalingo
hau_train_track_a_00831,allah kagani munyi bakin kokarimmuh ya allah insunfi karfimmu kaikoh kafi karfinsu ya allah kasa muna hannu,0,0,1,0,1,0,hau,allah kagani munyi bakin kokarimmuh ya allah insunfi karfimmu kaikoh kafi karfinsu ya allah kasa muna hannu
hau_train_track_a_00832,Lallai akwai chakwakiya🤣🤣🤣,0,0,0,1,0,0,hau,lallai akwai chakwakiya🤣🤣🤣
hau_train_track_a_00833,Wata Yarinya tadauki rubabben nama mai wari a shara tanaci,0,1,0,0,0,0,hau,wata yarinya tadauki rubabben nama mai wari a shara tanaci
hau_train_track_a_00834,Allah kayima duk kan wani tsanani 🤲,1,0,0,0,0,0,hau,allah kayima duk kan wani tsanani 🤲
hau_train_track_a_00835,Aure ya kullu: Bidiyoyi da hotuna daga shagalin bikin Lilin Baba da kyakkyawar amaryarsa Ummi Rahab,0,0,0,1,0,0,hau,aure ya kullu bidiyoyi da hotuna daga shagalin bikin lilin baba da kyakkyawar amaryarsa ummi rahab
hau_train_track_a_00836,gaskiya ne wannan dattijon kirki buba galadima,0,0,0,1,0,0,hau,gaskiya ne wannan dattijon kirki buba galadima
hau_train_track_a_00837,Wannan Ai shashancine Kuma Wai a gonar baby kowa 😈😈😈😈,1,0,0,0,0,0,hau,wannan ai shashancine kuma wai a gonar baby kowa 😈😈😈😈
hau_train_track_a_00838,Allah ya yi: 'Yan sanda sun ceto wasu mutane 2 daga hannun ma su garkuwa a Zamfara,0,0,0,1,0,0,hau,allah ya yi yan sanda sun ceto wasu mutane 2 daga hannun ma su garkuwa a zamfara
hau_train_track_a_00839,Da kotun Da lauya Da lauyan da yatsawa jaɓɓeri Da wanda yaji daɗin hakan Da wanda yayi murna da hakan Your father beat your mummy Norse 👃👃,1,0,0,0,0,0,hau,da kotun da lauya da lauyan da yatsawa jaɓɓeri da wanda yaji daɗin hakan da wanda yayi murna da hakan your father beat your mummy norse 👃👃
hau_train_track_a_00840,allah ka tsare musilmai baki daya,0,0,1,0,0,0,hau,allah ka tsare musilmai baki daya
hau_train_track_a_00841,Duk zakunan da ya gama saki amman har dubu goma😩Allahumma ajirni fi musibati....,0,0,0,0,1,0,hau,duk zakunan da ya gama saki amman har dubu goma😩allahumma ajirni fi musibati
hau_train_track_a_00842,toh fa kin dawo ambassadorn infinix ne,0,0,0,0,0,1,hau,toh fa kin dawo ambassadorn infinix ne
hau_train_track_a_00843,Subahana babu amana😂,0,0,0,1,0,0,hau,subahana babu amana😂
hau_train_track_a_00844,Da duminsa: Allah ya yiwa Wazirin masarautar Hadejia rasuwa,0,0,0,0,1,0,hau,da duminsa allah ya yiwa wazirin masarautar hadejia rasuwa
hau_train_track_a_00845,allah sarki su shekarau anyi faduwar baqar tasa,0,1,0,0,1,0,hau,allah sarki su shekarau anyi faduwar baqar tasa
hau_train_track_a_00846,Za a saukar da Alkur’ani mai tsarki 100 domin Buhari,0,0,0,1,0,0,hau,za a saukar da alkur’ani mai tsarki 100 domin buhari
hau_train_track_a_00847,wai yan boko haram inan basu qarewa ne hakanan,0,0,0,0,0,1,hau,wai yan boko haram inan basu qarewa ne hakanan
hau_train_track_a_00848,Ashe Firmino Dan iska ne shi ma 🤣🤣,0,0,0,0,0,1,hau,ashe firmino dan iska ne shi ma 🤣🤣
hau_train_track_a_00849,Ka zo mu baka nasara a zaben 2019 - Guru Maharaji ya fadawab Buhari,0,0,0,0,0,0,hau,ka zo mu baka nasara a zaben 2019 guru maharaji ya fadawab buhari
hau_train_track_a_00850,Namiji da raino: Wani magidanci ya lakadawa diyarsa duka har Lahira saboda ya kasa lallashinta,0,1,0,0,1,1,hau,namiji da raino wani magidanci ya lakadawa diyarsa duka har lahira saboda ya kasa lallashinta
hau_train_track_a_00851,Gwamnonin Arewa sun yi Allah-wadai da hare-haren da aka kai Kudancin Kaduna,0,1,0,0,1,0,hau,gwamnonin arewa sun yi allahwadai da hareharen da aka kai kudancin kaduna
hau_train_track_a_00852,- Happy birthday to ABDALLAH ❤️ Allah ya raya ka cikin amince 🎁😀 ##URL##,0,0,0,1,0,0,hau,happy birthday to abdallah ❤️ allah ya raya ka cikin amince 🎁😀 url
hau_train_track_a_00853,Kaji gidan yayi tsit saboda da alura ta tono garma...Amma ba Dan hakaba da yanxu kaji gidan kaman zai tsage..sai BABA. 👇 ##URL##,0,0,0,0,0,0,hau,kaji gidan yayi tsit saboda da alura ta tono garmaamma ba dan hakaba da yanxu kaji gidan kaman zai tsagesai baba 👇 url
hau_train_track_a_00854,Ga koshi ga kwanan YINWA. 😂😂😂😂💵💴💶💵💴 #GidanBadamasiSeason2 #Episode7 Gobe Alhamis 8:00 na dare in sha Allah. Maimaicn #GidanBadamasiSeason2 ranar Juma'a da Lahadi da karfe 9:00am na safe. Only on #Arerewa24channel / #Arewa24OnDemand,0,0,0,0,0,0,hau,ga koshi ga kwanan yinwa 😂😂😂😂💵💴💶💵💴 gidanbadamasiseason2 episode7 gobe alhamis 800 na dare in sha allah maimaicn gidanbadamasiseason2 ranar jumaa da lahadi da karfe 900am na safe only on arerewa24channel arewa24ondemand
hau_train_track_a_00855,Ku kuma yan tsulku ina ruwanku da abinda kee faruwa Shikenan bakuda aikinyi sai yada bala'i😂😂,1,0,0,0,0,0,hau,ku kuma yan tsulku ina ruwanku da abinda kee faruwa shikenan bakuda aikinyi sai yada balai😂😂
hau_train_track_a_00856,"Miyetti Allah ya jinjinawa Fadar Shugaban kasa, ta ce makiyaya ba bata gari bane",0,0,0,1,0,0,hau,miyetti allah ya jinjinawa fadar shugaban kasa ta ce makiyaya ba bata gari bane
hau_train_track_a_00857,wae har ynxu arsenal na ruwa,0,0,0,0,0,0,hau,wae har ynxu arsenal na ruwa
hau_train_track_a_00858,Tashin Hankali a Abuja Yayin da Tayar Jirgi Ta Cije Yana Tsaka da Tafiya Bayan Sauka a Tasha,0,0,1,0,0,0,hau,tashin hankali a abuja yayin da tayar jirgi ta cije yana tsaka da tafiya bayan sauka a tasha
hau_train_track_a_00859,allah wadaran naka ya lalace wai yanxun abun takaici ne ma ace wannan magana tana fitowa daga bakin musulmanmu wai ace ana roqon bawa da ya yafewa wanda yayi atanci ga ga allah da manzon sa to taya qasa zata zauna lafiya anyi jifa da shariar allah an kama constitution,1,0,0,0,0,0,hau,allah wadaran naka ya lalace wai yanxun abun takaici ne ma ace wannan magana tana fitowa daga bakin musulmanmu wai ace ana roqon bawa da ya yafewa wanda yayi atanci ga ga allah da manzon sa to taya qasa zata zauna lafiya anyi jifa da shariar allah an kama constitution
hau_train_track_a_00860,Wallahi ni Na tabbata shinkafar nan da wake ina cinye kwano 3 - N300 wallahi☝ Ni wai mutane suna bani mamaki ya za'ace shugaba da sunkai da son zuciya wajan fadar magana? Haba ko yaro karami an cewa wai shinkafar #30 ta kwassai?,0,0,0,0,1,1,hau,wallahi ni na tabbata shinkafar nan da wake ina cinye kwano 3 n300 wallahi☝ ni wai mutane suna bani mamaki ya zaace shugaba da sunkai da son zuciya wajan fadar magana haba ko yaro karami an cewa wai shinkafar 30 ta kwassai
hau_train_track_a_00861,"Anzo wajan🤔, Ina Gabatar miki da sabon Banki🏦 Dan yayi wato Jaiz Bank, Taken mu shine (Dan kyakkyawar Rayuwa Me Albarka) Ki huta lpia.",0,0,0,0,0,0,hau,anzo wajan🤔 ina gabatar miki da sabon banki🏦 dan yayi wato jaiz bank taken mu shine dan kyakkyawar rayuwa me albarka ki huta lpia
hau_train_track_a_00862,"YDG yawan fushi daga kwakwalwa ne ba Ara ake yi ba, domin wani abinda kayi mai duka baya fushi wani kuma cikin sauri yake yi 😆😏😣😥😴",0,0,0,0,0,0,hau,ydg yawan fushi daga kwakwalwa ne ba ara ake yi ba domin wani abinda kayi mai duka baya fushi wani kuma cikin sauri yake yi 😆😏😣😥😴
hau_train_track_a_00863,oga kaima kana crypto ashe,0,0,0,0,0,1,hau,oga kaima kana crypto ashe
hau_train_track_a_00864,Innalillahi 🤔wllh kuji tsoron Allah,0,0,0,0,1,0,hau,innalillahi 🤔wllh kuji tsoron allah
hau_train_track_a_00865,Makirkira Corona virus suna mamaki saboda wanda ya kirkiro mu baki daya yayi nasa hukuncin! 😆☝️,0,0,0,0,0,1,hau,makirkira corona virus suna mamaki saboda wanda ya kirkiro mu baki daya yayi nasa hukuncin 😆☝️
hau_train_track_a_00866,"Su waye matattun Kuma, ya Salam 😳 a fadi alkhairai ko a yi shiru.",0,1,0,0,1,1,hau,su waye matattun kuma ya salam 😳 a fadi alkhairai ko a yi shiru
hau_train_track_a_00867,😂😂😅. Akwai Har ƙallah. Allah ya Kaimu 8pm lafiya,0,0,0,1,0,0,hau,😂😂😅 akwai har ƙallah allah ya kaimu 8pm lafiya
hau_train_track_a_00868,"Yan bindiga sun farmaki garuruwan Kaduna, sun kashe mutane 7, sun sace mutane masu yawan gaske",0,0,1,0,1,0,hau,yan bindiga sun farmaki garuruwan kaduna sun kashe mutane 7 sun sace mutane masu yawan gaske
hau_train_track_a_00869,Gaskiya fa akwai rawan kai sosai 😂,0,0,0,0,0,0,hau,gaskiya fa akwai rawan kai sosai 😂
hau_train_track_a_00870,Allah ka'amsa mana 🙏🙏Allah muntuba badan halayan muba Allah karka kamamu dalefin wawayen cikinmu yah Allah kadubemu da'idon rahama badan halin muba😭😭😭😭😭😭😭,0,0,1,0,0,0,hau,allah kaamsa mana 🙏🙏allah muntuba badan halayan muba allah karka kamamu dalefin wawayen cikinmu yah allah kadubemu daidon rahama badan halin muba😭😭😭😭😭😭😭
hau_train_track_a_00871,Ke Hajiya u are disturbing us fa😏haba kullum Mati Mati mu bama kallon nanaye kiyi mana hakuri plz kar nasake gani 😏,1,0,0,0,0,0,hau,ke hajiya u are disturbing us fa😏haba kullum mati mati mu bama kallon nanaye kiyi mana hakuri plz kar nasake gani 😏
hau_train_track_a_00872,Funny ....Wai Ya ciji bargo...😹 This one weaken me wlh.... Wato Sai dai kaji Ana cewa El~Muaz ya ciji bargo 😂😹,0,0,0,1,0,0,hau,funny wai ya ciji bargo😹 this one weaken me wlh wato sai dai kaji ana cewa elmuaz ya ciji bargo 😂😹
hau_train_track_a_00873,Allah daya gari bamban: Yadda wani mahaifi ya yanka diyarsa don shayar da dodonsa jini,0,1,0,0,1,1,hau,allah daya gari bamban yadda wani mahaifi ya yanka diyarsa don shayar da dodonsa jini
hau_train_track_a_00874,Ba ma jin dadin zolayar da ake mana a kafafen sada zumunta - ‘Kwamarawa’,1,0,0,0,1,0,hau,ba ma jin dadin zolayar da ake mana a kafafen sada zumunta ‘kwamarawa’
hau_train_track_a_00875,Adadin al’ummar duniya ya kai biliyan takwas —MDD,0,0,0,0,0,0,hau,adadin al’ummar duniya ya kai biliyan takwas —mdd
hau_train_track_a_00876,Wani Kare yanacin aman da karya tayi,0,1,0,0,0,0,hau,wani kare yanacin aman da karya tayi
hau_train_track_a_00877,"Da alamu gwamnatin Buhari bata fahimci matsalar tsaro a Zamfara ba, in ji gwamna Matawalle",0,0,0,0,1,0,hau,da alamu gwamnatin buhari bata fahimci matsalar tsaro a zamfara ba in ji gwamna matawalle
hau_train_track_a_00878,Kisan mutane 47 a Katsina: Buhari ya yi alkawarin ramuwar gayya a kan yan bindiga,1,0,0,0,1,0,hau,kisan mutane 47 a katsina buhari ya yi alkawarin ramuwar gayya a kan yan bindiga
hau_train_track_a_00879,Tashin hankali: Tsananin talauci da yunwa yasa na taba cin kashin mutum - In ji wata mawakiya,0,1,0,0,1,0,hau,tashin hankali tsananin talauci da yunwa yasa na taba cin kashin mutum in ji wata mawakiya
hau_train_track_a_00880,Yar shekara 14 ta ci kyautar wacce ta kera mutum-mutumin dake taimakawa wajen kiwon lafiya,0,0,0,1,0,0,hau,yar shekara 14 ta ci kyautar wacce ta kera mutummutumin dake taimakawa wajen kiwon lafiya
hau_train_track_a_00881,Yanzu-yanzu: Allah ya yiwa mahaifin Makarfi rasuwa,0,0,0,0,1,0,hau,yanzuyanzu allah ya yiwa mahaifin makarfi rasuwa
hau_train_track_a_00882,Yarike mukaminsa ba'aso ai sunusi yafi karfinshi shi kansa yasani. dan haka bamason matsayin🤷‍♀️ muza'a rainawa hankali ya nada yayan matarsa......🙄🙄🙄,1,0,0,0,0,0,hau,yarike mukaminsa baaso ai sunusi yafi karfinshi shi kansa yasani dan haka bamason matsayin🤷‍♀️ muzaa rainawa hankali ya nada yayan matarsa🙄🙄🙄
hau_train_track_a_00883,Allah ya tsare: Yadda aka yi garkuwa da wasu masu kasuwancin gawayi a Kaduna,0,0,1,0,1,0,hau,allah ya tsare yadda aka yi garkuwa da wasu masu kasuwancin gawayi a kaduna
hau_train_track_a_00884,Makarantar Hidayatul Muslimin ta Akim Kalaba ta yaye dalibanta,0,0,0,0,0,0,hau,makarantar hidayatul muslimin ta akim kalaba ta yaye dalibanta
hau_train_track_a_00885,"Sabuwar cutar tsutsa ta bulla a gonaki a Kebbi, manoma na fargabar bazuwarta",0,0,1,0,0,0,hau,sabuwar cutar tsutsa ta bulla a gonaki a kebbi manoma na fargabar bazuwarta
hau_train_track_a_00886,allah subhanahu wataala kawargaxa shirinsu kakawomana qarshensu ya allah kawulakantasu dasuda masu daukar nauyinsu ya arhamarraheemeen ‍️,1,0,1,0,1,0,hau,allah subhanahu wataala kawargaxa shirinsu kakawomana qarshensu ya allah kawulakantasu dasuda masu daukar nauyinsu ya arhamarraheemeen ‍️
hau_train_track_a_00887,Khadimul Islam: Ganduje ya sanya wa sabuwar gadar sama sunan wani babban malamin Islama,0,0,0,1,0,0,hau,khadimul islam ganduje ya sanya wa sabuwar gadar sama sunan wani babban malamin islama
hau_train_track_a_00888,wannan ko shine salman khan din,0,0,0,0,0,1,hau,wannan ko shine salman khan din
hau_train_track_a_00889,Allahumma ya kyauta 😂😂😂,0,0,0,0,0,0,hau,allahumma ya kyauta 😂😂😂
hau_train_track_a_00890,"Dan Sadau: Kwamiti ya fusata, ya kori Sheikh Nuru Khalid daga limancin masallacin Abuja gaba daya",1,0,0,0,0,0,hau,dan sadau kwamiti ya fusata ya kori sheikh nuru khalid daga limancin masallacin abuja gaba daya
hau_train_track_a_00891,"Dan Gwamna El-rufai ya wallafa hoton matan mahaifinsa, ya ce auren mata fiye da ɗaya yana da kyau",0,0,0,1,0,0,hau,dan gwamna elrufai ya wallafa hoton matan mahaifinsa ya ce auren mata fiye da ɗaya yana da kyau
hau_train_track_a_00892,Bayan aikin wahala yayi gumi ya shiga cikin mutane se tsami yake,0,1,0,0,0,0,hau,bayan aikin wahala yayi gumi ya shiga cikin mutane se tsami yake
hau_train_track_a_00893,"Nazo tsallaka kwatamin, idona ya gano min wasu gundura gunduran bahaya suna iyo a sama",0,1,0,0,0,0,hau,nazo tsallaka kwatamin idona ya gano min wasu gundura gunduran bahaya suna iyo a sama
hau_train_track_a_00894,ashe duniya har bango gareta barouba to lahira zasuje kenan,0,0,0,0,0,1,hau,ashe duniya har bango gareta barouba to lahira zasuje kenan
hau_train_track_a_00895,"Tonon silili: Mijina fitaccen dan luwadi ne, a Legas suke yin iskancin su - Matar aure",0,1,0,0,0,0,hau,tonon silili mijina fitaccen dan luwadi ne a legas suke yin iskancin su matar aure
hau_train_track_a_00896,Ikon Allah! Ayoyin Al-Kur’ani sun bayyana a jikin jariri ( Hotuna),0,0,0,0,0,1,hau,ikon allah ayoyin alkur’ani sun bayyana a jikin jariri hotuna
hau_train_track_a_00897,"Masha Allah Yayi dai dai, A masayina dan Borno nai farin ciki, Allah ya karbi Adu'armu,🤲🤲",0,0,0,1,0,0,hau,masha allah yayi dai dai a masayina dan borno nai farin ciki allah ya karbi aduarmu🤲🤲
hau_train_track_a_00898,Kawai a saka hukuncin kisa ga masu kidnapping domin wannan shine mafitar magance wannanatsalar ku taimaka wa talakkawa da dokar kisa akan masu kidnapping domin talakka kadai ne abin zaifi wahalarwa😭😭😭,1,0,0,0,1,0,hau,kawai a saka hukuncin kisa ga masu kidnapping domin wannan shine mafitar magance wannanatsalar ku taimaka wa talakkawa da dokar kisa akan masu kidnapping domin talakka kadai ne abin zaifi wahalarwa😭😭😭
hau_train_track_a_00899,Rariyar bandakin tana fito da wani ba'kin ruwa me wari.,0,1,0,0,0,0,hau,rariyar bandakin tana fito da wani bakin ruwa me wari
hau_train_track_a_00900,ae bayan talauci bamusan komai ba tunda muka tashi🤔🤔,1,0,0,0,1,0,hau,ae bayan talauci bamusan komai ba tunda muka tashi🤔🤔
hau_train_track_a_00901,Nifa bazan zageki ba Amma Dan Allah inada tambaya guda daya kinaso kiga annabi muhammad (S.a.w) ? Adalilinki wani kafiri yake kalaman batanci akan annabinmu 😭😭 rahama Allah yashiryeni amiin ##URL##,0,1,0,0,1,0,hau,nifa bazan zageki ba amma dan allah inada tambaya guda daya kinaso kiga annabi muhammad saw adalilinki wani kafiri yake kalaman batanci akan annabinmu 😭😭 rahama allah yashiryeni amiin url
hau_train_track_a_00902,Kyauta??? Zasu raba data ne? 😂,0,0,0,0,0,1,hau,kyauta zasu raba data ne 😂
hau_train_track_a_00903,Hahahahahahahaha Wai sun fusata akan shafin Twitter.😂😂😂😂,0,0,0,1,0,0,hau,hahahahahahahaha wai sun fusata akan shafin twitter😂😂😂😂
hau_train_track_a_00904,🇳🇬🇳🇬uwa Mai kashe ya'yan ta🇳🇬🇳🇬🇳🇬,0,0,0,0,1,0,hau,🇳🇬🇳🇬uwa mai kashe yayan ta🇳🇬🇳🇬🇳🇬
hau_train_track_a_00905,A gaskia ba'a mana Adalci! Talaka kam shine a wahale😢,0,0,0,0,1,0,hau,a gaskia baa mana adalci talaka kam shine a wahale😢
hau_train_track_a_00906,wata zatayi murna da wannan labarin 😊,0,0,0,1,0,0,hau,wata zatayi murna da wannan labarin 😊
hau_train_track_a_00907,Zaben 2023: Prophet Barnabas Ya Yi Hasashen Yadda Peter Obi Zai Zama Shugaban Kasa,0,0,0,0,0,0,hau,zaben 2023 prophet barnabas ya yi hasashen yadda peter obi zai zama shugaban kasa
hau_train_track_a_00908,Abun yazo kanmu inji mai tsoron wanka😷,0,0,1,0,0,0,hau,abun yazo kanmu inji mai tsoron wanka😷
hau_train_track_a_00909,Àllah yasa kaffara ne Kuma kibar kuka 😭 ki lizamchi istigifari,0,0,0,0,1,0,hau,àllah yasa kaffara ne kuma kibar kuka 😭 ki lizamchi istigifari
hau_train_track_a_00910,"Subahanallah, Allah kah kawomana sauki cikin gagawa. Ameen🙏🙏",0,0,0,0,1,0,hau,subahanallah allah kah kawomana sauki cikin gagawa ameen🙏🙏
hau_train_track_a_00911,Babban hafsan Sojan sama ya nishadantar da Sojojin dake yaki da Boko Haram (Hotuna),0,0,0,1,0,0,hau,babban hafsan sojan sama ya nishadantar da sojojin dake yaki da boko haram hotuna
hau_train_track_a_00912,Allah yasa a cikin barbarar da tai an samu karuwa ba tafiar banza tai ba😂💔,0,0,0,0,0,0,hau,allah yasa a cikin barbarar da tai an samu karuwa ba tafiar banza tai ba😂💔
hau_train_track_a_00913,Yan bindiga sun budewa kwamandan Soji wuta a Kaduna,0,0,1,0,1,0,hau,yan bindiga sun budewa kwamandan soji wuta a kaduna
hau_train_track_a_00914,Mutane na son gulma😂,0,0,0,0,0,0,hau,mutane na son gulma😂
hau_train_track_a_00915,allah ya kawo muna karshen wannan rikichi na,0,0,1,0,0,0,hau,allah ya kawo muna karshen wannan rikichi na
hau_train_track_a_00916,"Abba Kyari ya sha da kyar, saura kiris masu fushi da shi su hallaka shi a gidan yari",0,0,1,0,0,0,hau,abba kyari ya sha da kyar saura kiris masu fushi da shi su hallaka shi a gidan yari
hau_train_track_a_00917,"Arewa maso gabashin Nigeria na iya fuskantar matsanancin Fari da yunwa, Majalisar dinkin duniya",0,0,1,0,0,0,hau,arewa maso gabashin nigeria na iya fuskantar matsanancin fari da yunwa majalisar dinkin duniya
hau_train_track_a_00918,Allah yabiya soyaya zamani🔫😂😂😂😂😂😂😂😎😈,0,0,0,1,0,0,hau,allah yabiya soyaya zamani🔫😂😂😂😂😂😂😂😎😈
hau_train_track_a_00919,Rayuwar abun ban tsoro ce an ma raini yara da soyayya da kauna sun botsare inaga an kuntata masu .Cutar da yaro baya da wani amfani mata da iyaye maza suna yin babban kuskure tunba shi Uba yana gani ana cutar da yayansa idan mahaifiyarsu bata gidan sai ya kauda ido matar uba 😬,0,0,0,0,1,0,hau,rayuwar abun ban tsoro ce an ma raini yara da soyayya da kauna sun botsare inaga an kuntata masu cutar da yaro baya da wani amfani mata da iyaye maza suna yin babban kuskure tunba shi uba yana gani ana cutar da yayansa idan mahaifiyarsu bata gidan sai ya kauda ido matar uba 😬
hau_train_track_a_00920,iko sai lillahi africa kenan abun mamaki baya karewa,0,0,0,0,0,1,hau,iko sai lillahi africa kenan abun mamaki baya karewa
hau_train_track_a_00921,Mijina ya kashe diyarmu don yin tsafin samun kudi – Uwargida ga Kotu,0,1,1,0,1,0,hau,mijina ya kashe diyarmu don yin tsafin samun kudi – uwargida ga kotu
hau_train_track_a_00922,Jiya naji wannan lbr a fcbook ban yarda ba amma yanzu NA aminta hmm Nigeria kenan kasarmu ta gado🤔🤔,0,0,0,0,0,1,hau,jiya naji wannan lbr a fcbook ban yarda ba amma yanzu na aminta hmm nigeria kenan kasarmu ta gado🤔🤔
hau_train_track_a_00923,ya yabawa banza dai,1,0,0,0,0,0,hau,ya yabawa banza dai
hau_train_track_a_00924,"Anyi """"""""""""""""""""""""""""""""watsi"""""""""""""""""""""""""""""""" da al'adu 😂😂😂😂",0,0,0,0,0,0,hau,anyi watsi da aladu 😂😂😂😂
hau_train_track_a_00925,Nifa duna rude😂,0,0,0,0,0,0,hau,nifa duna rude😂
hau_train_track_a_00926,😢😢😢😥munaji munagani an rabamu da kannenmu acikin wanyanda yan bindiga suka sace akwai yan garina amma shiru kakeyi allah ka isarmana mana 😭😭,1,0,0,0,1,0,hau,😢😢😢😥munaji munagani an rabamu da kannenmu acikin wanyanda yan bindiga suka sace akwai yan garina amma shiru kakeyi allah ka isarmana mana 😭😭
hau_train_track_a_00927,Nih kam man utd nake goyon bayan suci wannan gasar sannan kokunki koh kunso su zasuci kofi dakune yan city😉,0,0,0,1,0,0,hau,nih kam man utd nake goyon bayan suci wannan gasar sannan kokunki koh kunso su zasuci kofi dakune yan city😉
hau_train_track_a_00928,Allah Akbar kabiran Allah ya gafarta ma ibro ya haskka kabin ka yasa mu cika da imani 😭😭😭😭,0,0,0,0,1,0,hau,allah akbar kabiran allah ya gafarta ma ibro ya haskka kabin ka yasa mu cika da imani 😭😭😭😭
hau_train_track_a_00929,"An Kama Yan Sanda Da Ke Ba Wa Rarara Tsaro, Za Su Gamu Da Fushin Hukuma",0,0,0,0,0,0,hau,an kama yan sanda da ke ba wa rarara tsaro za su gamu da fushin hukuma
hau_train_track_a_00930,Ikon Allah: Kofura Bashir Umar wanda ya mayar da kudi N15m ya samu zuwa Hajji,0,0,0,1,0,1,hau,ikon allah kofura bashir umar wanda ya mayar da kudi n15m ya samu zuwa hajji
hau_train_track_a_00931,Dakin bahayan anguwar ta cika tam harta birtsin kashi.,0,1,0,0,0,0,hau,dakin bahayan anguwar ta cika tam harta birtsin kashi
hau_train_track_a_00932,"Hasbunallahu wani'imal wakil, Allah kayi mna tsari ga wannan cutar 😭🙏",0,0,1,0,1,0,hau,hasbunallahu waniimal wakil allah kayi mna tsari ga wannan cutar 😭🙏
hau_train_track_a_00933,Which red LIPS🙄 Ke kaurama abu jan baki Wallahi labbanki kamat smeagol😂,1,0,0,0,0,0,hau,which red lips🙄 ke kaurama abu jan baki wallahi labbanki kamat smeagol😂
hau_train_track_a_00934,Babbar magana: Matan Kannywood suna bin mazan banza da masu mulki - Tanimu Akawu,0,0,0,0,0,1,hau,babbar magana matan kannywood suna bin mazan banza da masu mulki tanimu akawu
hau_train_track_a_00935,"Son komawa wasa Turai domin gogayya da manyan 'zakaru' yasa na bar Al Nassr, Ahmed Musa",0,0,0,0,0,0,hau,son komawa wasa turai domin gogayya da manyan zakaru yasa na bar al nassr ahmed musa
hau_train_track_a_00936,Mumu sai speak English. You sef yaushe kika iya English din😏🙄🤨🙄😏🤨🙄😶😏🙄,1,0,0,0,0,1,hau,mumu sai speak english you sef yaushe kika iya english din😏🙄🤨🙄😏🤨🙄😶😏🙄
hau_train_track_a_00937,Yar Bala I sai kkace gindin akuya ne da ita 😏😏,1,1,0,0,0,0,hau,yar bala i sai kkace gindin akuya ne da ita 😏😏
hau_train_track_a_00938,What took her to Dubai for long time up-to 6Months Shegiya tajeee Adamawa a Bata na gargajiya mana 😏😏,1,0,0,0,0,0,hau,what took her to dubai for long time upto 6months shegiya tajeee adamawa a bata na gargajiya mana 😏😏
hau_train_track_a_00939,"An kama ja'iri yana lalata da mata kanana a tare, N50-N50 kuwa ya basu shegen",1,1,0,0,0,0,hau,an kama jairi yana lalata da mata kanana a tare n50n50 kuwa ya basu shegen
hau_train_track_a_00940,Iran ta bayyana cewa ita ta harbo jirgin Ukraine da yayi sanadiyyar mutuwar mutane 176,0,0,0,0,1,1,hau,iran ta bayyana cewa ita ta harbo jirgin ukraine da yayi sanadiyyar mutuwar mutane 176
hau_train_track_a_00941,Wai d'an farka sai gumi ya ke a cikin alkyabba 😂,0,0,0,0,0,0,hau,wai dan farka sai gumi ya ke a cikin alkyabba 😂
hau_train_track_a_00942,"E munsan da haka, Amma kuji tsoron Allah ku fadawa gwamnati gaskiya, Kamar yadda kuka Yi mata kamfe.😠",1,0,0,0,1,0,hau,e munsan da haka amma kuji tsoron allah ku fadawa gwamnati gaskiya kamar yadda kuka yi mata kamfe😠
hau_train_track_a_00943,Daman bata da aure 🤔,0,0,0,0,0,1,hau,daman bata da aure 🤔
hau_train_track_a_00944,Bidiyo: Budurwa ta tumurmusa saurayinta a kasa bayan ta kama shi yana lalata da wata,1,0,0,0,0,1,hau,bidiyo budurwa ta tumurmusa saurayinta a kasa bayan ta kama shi yana lalata da wata
hau_train_track_a_00945,haba wai mutane sun koma kamar dabbobi suma kamar gargin tumaki ne da za a re na ma na wayo wai sata ita gwannatin wai ita an fita wayo ne abin tambaya anfi gwannati wayo wlh Allah sai ya tambebaku domin mu amana ce mu a gareku wlh zaku amsa tambaya😭😭,1,0,0,0,1,0,hau,haba wai mutane sun koma kamar dabbobi suma kamar gargin tumaki ne da za a re na ma na wayo wai sata ita gwannatin wai ita an fita wayo ne abin tambaya anfi gwannati wayo wlh allah sai ya tambebaku domin mu amana ce mu a gareku wlh zaku amsa tambaya😭😭
hau_train_track_a_00946,baajin labari na alheri sede sharri awajenku tirr daku,1,1,0,0,0,0,hau,baajin labari na alheri sede sharri awajenku tirr daku
hau_train_track_a_00947,Bama yi Ayy siyasar ba gado bacce...🙄🙄🙄,1,0,0,0,0,0,hau,bama yi ayy siyasar ba gado bacce🙄🙄🙄
hau_train_track_a_00948,‘Gaskiya ita ce kashin bayan samun duk wani alheri’,0,0,0,0,0,0,hau,‘gaskiya ita ce kashin bayan samun duk wani alheri’
hau_train_track_a_00949,"Asirin fasto ya tonu, bayan wani mutumi ya bayyana yadda ya kama shi yana kwanciya da matarshi da kuma 'yarshi",0,1,0,0,1,0,hau,asirin fasto ya tonu bayan wani mutumi ya bayyana yadda ya kama shi yana kwanciya da matarshi da kuma yarshi
hau_train_track_a_00950,"Hmm, mu ba subsidy ne damuwar mu ba🤷, ya za'a yi a samu sauqin wahalar da talakawa suke ciki🤷",0,0,0,0,1,0,hau,hmm mu ba subsidy ne damuwar mu ba🤷 ya zaa yi a samu sauqin wahalar da talakawa suke ciki🤷
hau_train_track_a_00951,Muma munaji da satar mutane da fashi da makami😏suje chan su magancewa kansu matsalar su gwara ma su sunada tsaro kuma ba yunwa😏😏😏,1,0,0,0,1,0,hau,muma munaji da satar mutane da fashi da makami😏suje chan su magancewa kansu matsalar su gwara ma su sunada tsaro kuma ba yunwa😏😏😏
hau_train_track_a_00952,woow gsky rahma wakar tayi dadi sosai nima nasha rawa sosai,0,0,0,1,0,0,hau,woow gsky rahma wakar tayi dadi sosai nima nasha rawa sosai
hau_train_track_a_00953,"An kashe fararen hula sama da 300,000 a rikicin Siriya — Rahoto",0,0,0,0,1,0,hau,an kashe fararen hula sama da 300000 a rikicin siriya — rahoto
hau_train_track_a_00954,kaji mahaukaci sai ka kawo hujjar ta nuna cewa murdiyar zabe khadimul islam yaje ai ganduje aikin jamiyyarsa yaje kamar yanda jamiyya ce ta zabeshi matsayin mai saka ido akan wannan daga bangarenta banda mahaukaci kwankwaso da yaje can din wani yace murdiyar zabe yaje,1,0,0,0,0,0,hau,kaji mahaukaci sai ka kawo hujjar ta nuna cewa murdiyar zabe khadimul islam yaje ai ganduje aikin jamiyyarsa yaje kamar yanda jamiyya ce ta zabeshi matsayin mai saka ido akan wannan daga bangarenta banda mahaukaci kwankwaso da yaje can din wani yace murdiyar zabe yaje
hau_train_track_a_00955,Yan bindiga sun tsere da bindigar soja bayan kashe shi,0,0,0,0,1,0,hau,yan bindiga sun tsere da bindigar soja bayan kashe shi
hau_train_track_a_00956,yana biya mana kallan jikin mai cin bashin kaga,0,0,0,0,0,0,hau,yana biya mana kallan jikin mai cin bashin kaga
hau_train_track_a_00957,"Innalillahi: Allah ya yiwa hamshakin attajiri a Kano, Tahir Fadlullah rasuwa",0,0,0,0,1,0,hau,innalillahi allah ya yiwa hamshakin attajiri a kano tahir fadlullah rasuwa
hau_train_track_a_00958,Kisan kwamandan Sojan Iran: Ayatollahi Khameini ya sanar da sabon babban kwamanda,0,0,0,0,1,0,hau,kisan kwamandan sojan iran ayatollahi khameini ya sanar da sabon babban kwamanda
hau_train_track_a_00959,Mahaukaci ya tara baki yana shan ruwan kwata.,0,1,0,0,0,0,hau,mahaukaci ya tara baki yana shan ruwan kwata
hau_train_track_a_00960,Qarya uwayensu keyi yasin dakaga anyimin ita toh naga bana motsi ko sedde🤨,1,0,0,0,0,0,hau,qarya uwayensu keyi yasin dakaga anyimin ita toh naga bana motsi ko sedde🤨
hau_train_track_a_00961,Hotuna: Yadda bikin karamar Sallah ya gudana a birnin Zazzau,0,0,0,1,0,0,hau,hotuna yadda bikin karamar sallah ya gudana a birnin zazzau
hau_train_track_a_00962,baragurbin kwai ya fashe a cikin kasuwa mutane duk sun watse suna toshe hanci,0,1,0,0,0,0,hau,baragurbin kwai ya fashe a cikin kasuwa mutane duk sun watse suna toshe hanci
hau_train_track_a_00963,Ana iya shege a lanjeriya😂😂,0,0,0,0,0,0,hau,ana iya shege a lanjeriya😂😂
hau_train_track_a_00964,Allah sarki rahma kenan kuma haka dukiya matsayi da daukaka yake karewaba ya kuma barki da halinki mu'allima rahma akoma islamiya kafin azo a fara fadamana falsafa da tajwidi karya😼😼,1,0,0,0,1,0,hau,allah sarki rahma kenan kuma haka dukiya matsayi da daukaka yake karewaba ya kuma barki da halinki muallima rahma akoma islamiya kafin azo a fara fadamana falsafa da tajwidi karya😼😼
hau_train_track_a_00965,"Da duminsa: An nemi fitaccen mai garkuwa da mutane, dillalin makamai an rasa a kurkukun Kuje",0,0,0,0,0,1,hau,da duminsa an nemi fitaccen mai garkuwa da mutane dillalin makamai an rasa a kurkukun kuje
hau_train_track_a_00966,wallahi karyar banzaace,1,0,0,0,0,0,hau,wallahi karyar banzaace
hau_train_track_a_00967,to a nawa za a sayar da dambunta,0,0,0,0,0,0,hau,to a nawa za a sayar da dambunta
hau_train_track_a_00968,Da wuri haka?😯 Amma bata kyauta ba domin kuwa yin hakan zai karkatar da hankalin masu rike da madafin iko daga yin abinda ya kamata.,0,0,0,0,1,0,hau,da wuri haka😯 amma bata kyauta ba domin kuwa yin hakan zai karkatar da hankalin masu rike da madafin iko daga yin abinda ya kamata
hau_train_track_a_00969,allah bai haramta ba sai wani kamfani,1,0,0,0,0,1,hau,allah bai haramta ba sai wani kamfani
hau_train_track_a_00970,Rarara ya gwangwaje jaruman Kannywood da kyautar sabbin motocin alfarma,0,0,0,1,0,0,hau,rarara ya gwangwaje jaruman kannywood da kyautar sabbin motocin alfarma
hau_train_track_a_00971,"Tashin Hankali Yayin da Yan Bindiga Suka Yi Wa Jami'an NDLEA Kwanton Bauna, Bidiyo Ya Bayyana",0,0,1,0,0,0,hau,tashin hankali yayin da yan bindiga suka yi wa jamian ndlea kwanton bauna bidiyo ya bayyana
hau_train_track_a_00972,sai dai abinda mike xargi akan tun parkon na dashi daman siyasa kawai amma irin wannan ai cima masarauta hakki ne,1,0,0,0,1,0,hau,sai dai abinda mike xargi akan tun parkon na dashi daman siyasa kawai amma irin wannan ai cima masarauta hakki ne
hau_train_track_a_00973,Ta damalmale jikinta da kashi,0,1,0,0,0,0,hau,ta damalmale jikinta da kashi
hau_train_track_a_00974,Allah ya qara lfya Muma Muna taya kanmu murna cika shekara 14 muna Azumi 30 na Ramadan duk wata🏃🏃🏃,0,0,0,1,0,0,hau,allah ya qara lfya muma muna taya kanmu murna cika shekara 14 muna azumi 30 na ramadan duk wata🏃🏃🏃
hau_train_track_a_00975,"Innalillahi wa'inna ilaihirraji'un, Allah Yamana maganin duk wani abunda ya gagaremu🙏",0,0,1,0,1,0,hau,innalillahi wainna ilaihirrajiun allah yamana maganin duk wani abunda ya gagaremu🙏
hau_train_track_a_00976,Ƙarya kike☹️ You miss abroad dai coz of coro🤣🙄 Zaman gida dole 🇳🇬😜😜,1,0,0,1,0,0,hau,ƙarya kike☹️ you miss abroad dai coz of coro🤣🙄 zaman gida dole 🇳🇬😜😜
hau_train_track_a_00977,"👉Wani Sabon #MugunLabari Ga PDP, maqiya Buhari da Nigeria 👉&amp; zasu ce Buhari ya kaisu yawon bude Ido gurin yan Taadda 👉So kuwa &amp; zasu Yi koqarin alakanta abin da yan #BokoHaram 👉Mu masoya Muna Murna ba a Rasa Rai ba",1,0,0,1,0,0,hau,👉wani sabon mugunlabari ga pdp maqiya buhari da nigeria 👉amp zasu ce buhari ya kaisu yawon bude ido gurin yan taadda 👉so kuwa amp zasu yi koqarin alakanta abin da yan bokoharam 👉mu masoya muna murna ba a rasa rai ba
hau_train_track_a_00978,dama nigeria nada ofishin jakadanci a iran,0,0,0,0,0,1,hau,dama nigeria nada ofishin jakadanci a iran
hau_train_track_a_00979,Zasu sa miki hawan jini kau😂😂😂,0,0,0,0,0,0,hau,zasu sa miki hawan jini kau😂😂😂
hau_train_track_a_00980,Yara su na wanka da ruwan kwata,0,1,0,0,0,0,hau,yara su na wanka da ruwan kwata
hau_train_track_a_00981,Nageria da dadi mallam 😂 😂,0,0,0,1,0,0,hau,nageria da dadi mallam 😂 😂
hau_train_track_a_00982,Rana bata karya Aimaka rana kaiwa mutundare Damar save kubarshi U😋😋😋,0,0,0,0,0,0,hau,rana bata karya aimaka rana kaiwa mutundare damar save kubarshi u😋😋😋
hau_train_track_a_00983,Sulhu alheri ne: Abdulaziz Yari da Kabiru Mafara sun kama hanyar dinke barakar APC a Zamfara,0,0,0,1,0,0,hau,sulhu alheri ne abdulaziz yari da kabiru mafara sun kama hanyar dinke barakar apc a zamfara
hau_train_track_a_00984,Wanga diya bakida kirki aradu🤣🤣,0,0,0,0,1,0,hau,wanga diya bakida kirki aradu🤣🤣
hau_train_track_a_00985,Taliban ta murkushe gyauron masu yi mata tawaye,0,0,0,0,0,0,hau,taliban ta murkushe gyauron masu yi mata tawaye
hau_train_track_a_00986,Innalillahi wa'inna ilaihi raju'un Allah ya kawo mana karshen wannan masifan🤲🤲,0,0,1,0,0,0,hau,innalillahi wainna ilaihi rajuun allah ya kawo mana karshen wannan masifan🤲🤲
hau_train_track_a_00987,Tashin hankali: Wasu matasa sun rabawa yan gidan biki lemu lode da kwaya a Katsina,0,0,1,0,0,1,hau,tashin hankali wasu matasa sun rabawa yan gidan biki lemu lode da kwaya a katsina
hau_train_track_a_00988,"Yan bindiga sun kashe matar likitan da suka sace a Kaduna, sun nemi a biya N20m a fanshi yaran ta",0,0,1,0,1,0,hau,yan bindiga sun kashe matar likitan da suka sace a kaduna sun nemi a biya n20m a fanshi yaran ta
hau_train_track_a_00989,Farfajiyar gidansu tayi datti ciyayi suntaru shuri ya fito a gefe tururuwa sunata yawo akai,0,1,0,0,0,0,hau,farfajiyar gidansu tayi datti ciyayi suntaru shuri ya fito a gefe tururuwa sunata yawo akai
hau_train_track_a_00990,"Allah ya kiyaye, Saura kiris sabuwar rikici ya barke tsakanin Hausawa da Yarabawa a Ile-Ife",0,0,1,0,0,0,hau,allah ya kiyaye saura kiris sabuwar rikici ya barke tsakanin hausawa da yarabawa a ileife
hau_train_track_a_00991,"Ribar N1000: Kamfanin BUA ya tona asirin 'yan kasuwa, ya ce sune silar tsadar siminti",0,0,0,0,0,1,hau,ribar n1000 kamfanin bua ya tona asirin yan kasuwa ya ce sune silar tsadar siminti
hau_train_track_a_00992,Gidan ubanwa ta ciyo bashin?😄,1,0,0,0,0,0,hau,gidan ubanwa ta ciyo bashin😄
hau_train_track_a_00993,"Mu ne muka kashe kasar nan, ya kamata yanzu ina gidan kurkuku inji Tsohon Ambasada",1,0,0,0,0,0,hau,mu ne muka kashe kasar nan ya kamata yanzu ina gidan kurkuku inji tsohon ambasada
hau_train_track_a_00994,Ni na dauka ma ni kadai ne haka takr faruwa dani Ashe muna da yawa to am just silent🤔,0,0,0,0,1,1,hau,ni na dauka ma ni kadai ne haka takr faruwa dani ashe muna da yawa to am just silent🤔
hau_train_track_a_00995,Allah ya mana maganin dukan cututtukan dake damun mu🙏,0,0,1,0,1,0,hau,allah ya mana maganin dukan cututtukan dake damun mu🙏
hau_train_track_a_00996,Subhanallahi!!! Allah kamana maganin wannan musiba🙏,0,0,1,0,1,0,hau,subhanallahi allah kamana maganin wannan musiba🙏
hau_train_track_a_00997,"Gwanda mu daina yaudarar kanmu, abubuwa sun tabarbare a kasar nan: Sarkin Musulmi",0,0,0,0,1,0,hau,gwanda mu daina yaudarar kanmu abubuwa sun tabarbare a kasar nan sarkin musulmi
hau_train_track_a_00998,Rasuwar mahaifiyar Buratai: Kalaman da Zulum ya yi ga babban hafsin sojan,0,0,0,0,1,0,hau,rasuwar mahaifiyar buratai kalaman da zulum ya yi ga babban hafsin sojan
hau_train_track_a_00999,Manjo bbu mgn wlh 😂😂😂 ya qware wajan yin Allah wadae😂😂😂,0,0,0,0,0,0,hau,manjo bbu mgn wlh 😂😂😂 ya qware wajan yin allah wadae😂😂😂
hau_train_track_a_01000,Duniya idan baka mutu zaka ga abubuwa kala kala😂,0,0,0,0,0,1,hau,duniya idan baka mutu zaka ga abubuwa kala kala😂
