id,text,anger,fear,joy,sadness,surprise,language,processed_text
eng_train_track_a_00001,"Colorado, middle of nowhere.",0,1,0,0,1,eng,colorado middle of nowhere
eng_train_track_a_00002,This involved swimming a pretty large lake that was over my head.,0,1,0,0,0,eng,this involved swimming a pretty large lake that was over my head
eng_train_track_a_00003,It was one of my most shameful experiences.,0,1,0,1,0,eng,it was one of my most shameful experiences
eng_train_track_a_00004,"After all, I had vegetables coming out my ears all for the benefit of the young prince.",0,0,0,0,0,eng,after all i had vegetables coming out my ears all for the benefit of the young prince
eng_train_track_a_00005,Then the screaming started.,0,1,0,1,1,eng,then the screaming started
eng_train_track_a_00006,"They don't fear death, and it seems they believe in reincarnation.",0,1,0,0,1,eng,they dont fear death and it seems they believe in reincarnation
eng_train_track_a_00007,You know what happens when I get one of these stupid ideas in my head.,1,1,0,0,0,eng,you know what happens when i get one of these stupid ideas in my head
eng_train_track_a_00008,My stomach even started giving me fits.,0,1,0,1,0,eng,my stomach even started giving me fits
eng_train_track_a_00009,"Well, as we're bowling, my dinner began to not sit well with me, and I had to run to the bathroom.",0,1,0,0,0,eng,well as were bowling my dinner began to not sit well with me and i had to run to the bathroom
eng_train_track_a_00010,Hondas are notoriously great cars for long trips for their dependability and great gas mileage.,0,0,1,0,0,eng,hondas are notoriously great cars for long trips for their dependability and great gas mileage
eng_train_track_a_00011,It's his reflection.,0,0,0,0,1,eng,its his reflection
eng_train_track_a_00012,"not mine, and not that horrible, but i was browsing the personnel files last week and noticed that my boss' birthday had occurred 3 days prior.",0,0,0,0,1,eng,not mine and not that horrible but i was browsing the personnel files last week and noticed that my boss birthday had occurred 3 days prior
eng_train_track_a_00013,"i pushed standing up for a while and emerald crowned, but got pretty tired and laid on the bed on my side while matthias held my leg up and that's how emerald came out!",0,0,1,0,0,eng,i pushed standing up for a while and emerald crowned but got pretty tired and laid on the bed on my side while matthias held my leg up and thats how emerald came out
eng_train_track_a_00014,"Now my parents live in the foothills, and the college is in a large valley.",0,0,0,0,0,eng,now my parents live in the foothills and the college is in a large valley
eng_train_track_a_00015,"Fortunately the kindly ajeoshis and ajummas that I rented the scooter from helped me get on a bus to the other ferry, but not before pulling me up a seat to thier table and shoving succulant watermelon in my face.",0,0,1,0,1,eng,fortunately the kindly ajeoshis and ajummas that i rented the scooter from helped me get on a bus to the other ferry but not before pulling me up a seat to thier table and shoving succulant watermelon in my face
eng_train_track_a_00016,I remember being scared shitless.,0,1,0,0,0,eng,i remember being scared shitless
eng_train_track_a_00017,That was the last time anyone saw her.,0,1,0,1,0,eng,that was the last time anyone saw her
eng_train_track_a_00018,The stone inside my heart was removed; ).,0,0,1,0,0,eng,the stone inside my heart was removed
eng_train_track_a_00019,"Not only was I not able to move, I smacked my head against the guy sitting in front me and things just got awkward.",1,1,0,0,0,eng,not only was i not able to move i smacked my head against the guy sitting in front me and things just got awkward
eng_train_track_a_00020,I didn't see any light yet it still seemed to glow.,0,1,0,0,1,eng,i didnt see any light yet it still seemed to glow
eng_train_track_a_00021,I unwrapped the candy and popped it into my mouth.,0,0,1,0,0,eng,i unwrapped the candy and popped it into my mouth
eng_train_track_a_00022,Remember the farm-ette?,0,0,1,0,1,eng,remember the farmette
eng_train_track_a_00023,I took offense to this because as a supervisor I wanted my team to be in good spirits and wanted them to love coming in to work and doing good things for the mission.,1,0,0,0,0,eng,i took offense to this because as a supervisor i wanted my team to be in good spirits and wanted them to love coming in to work and doing good things for the mission
eng_train_track_a_00024,""" She awoke from this odd dream and told her mum to wake up her sister.",0,1,0,0,1,eng,she awoke from this odd dream and told her mum to wake up her sister
eng_train_track_a_00025,It broke my heart and nearly ruined me.,0,1,0,1,0,eng,it broke my heart and nearly ruined me
eng_train_track_a_00026,"R-I get home and park, just when I think everything is about to turn around, I slip on the ice, and fall flat on my back.",0,1,0,0,1,eng,ri get home and park just when i think everything is about to turn around i slip on the ice and fall flat on my back
eng_train_track_a_00027,"She said that I shouldn't do ANYTHING with my finger, not even type.",0,1,0,0,0,eng,she said that i shouldnt do anything with my finger not even type
eng_train_track_a_00028,"It definitely makes my hand feel weird, and I haven't thrown up yet.",0,1,0,0,0,eng,it definitely makes my hand feel weird and i havent thrown up yet
eng_train_track_a_00029,Now when I have too much to do my brain just gets distracted by all the other jobs jostling for attention.,0,1,0,0,0,eng,now when i have too much to do my brain just gets distracted by all the other jobs jostling for attention
eng_train_track_a_00030,I expect them to come in the backdoor any second but I hear nothing.,0,1,0,0,1,eng,i expect them to come in the backdoor any second but i hear nothing
eng_train_track_a_00031,The rattling in my brain clogs my nose.,0,1,0,1,0,eng,the rattling in my brain clogs my nose
eng_train_track_a_00032,I had to turn my head back into the stream of water just so I didn't burst out laughing and lose it right there.,0,0,1,0,0,eng,i had to turn my head back into the stream of water just so i didnt burst out laughing and lose it right there
eng_train_track_a_00033,"So when the laughing fit stopped, back to my seat I went with a big ole smile across my face.",0,0,1,0,0,eng,so when the laughing fit stopped back to my seat i went with a big ole smile across my face
eng_train_track_a_00034,"""I lost the towel.",0,1,0,0,0,eng,i lost the towel
eng_train_track_a_00035,Sets the power/entity free.,0,1,1,0,1,eng,sets the powerentity free
eng_train_track_a_00036,This is causing some of the puffiness in his face and sometimes causes a severe headache.,0,1,0,1,0,eng,this is causing some of the puffiness in his face and sometimes causes a severe headache
eng_train_track_a_00037,There was apparently then some awkward laughter and apologies and my grandpa and his friends were dismissed.,1,1,0,1,1,eng,there was apparently then some awkward laughter and apologies and my grandpa and his friends were dismissed
eng_train_track_a_00038,I don't stop.,0,1,0,0,0,eng,i dont stop
eng_train_track_a_00039,I got lie after lie.,1,1,0,1,0,eng,i got lie after lie
eng_train_track_a_00040,"After scratching my head, I headed to the front yard, where there are no trees, on the off chance that something truly weird had caused a limb to plop down on my house.",0,1,0,0,1,eng,after scratching my head i headed to the front yard where there are no trees on the off chance that something truly weird had caused a limb to plop down on my house
eng_train_track_a_00041,"And I got ta tell you right here folks, that brings a tear to my eye.",0,0,1,1,0,eng,and i got ta tell you right here folks that brings a tear to my eye
eng_train_track_a_00042,I'm feeling my eyes drift a bit so I guess I better attempt to try to go to sleep... I have to go to my mom's work at 7 to help her out.,0,1,0,1,0,eng,im feeling my eyes drift a bit so i guess i better attempt to try to go to sleep i have to go to my moms work at 7 to help her out
eng_train_track_a_00043,I've never met any of the other members but we all send each other x-mas cards &amp; random stuff.,0,0,1,0,1,eng,ive never met any of the other members but we all send each other xmas cards amp random stuff
eng_train_track_a_00044,The last week I've gone to bed at 7 every morning with house music blasting in my ear and have woken up with only an appetite for more.,0,0,1,0,0,eng,the last week ive gone to bed at 7 every morning with house music blasting in my ear and have woken up with only an appetite for more
eng_train_track_a_00045,It was one of the most spiritual moments of my life.,0,0,1,0,1,eng,it was one of the most spiritual moments of my life
eng_train_track_a_00046,I definitely ended up with a plastic burn on my elbow.,0,1,0,0,0,eng,i definitely ended up with a plastic burn on my elbow
eng_train_track_a_00047,"As I started to jog easily to the starting line, my leg felt a little stiff and my shin was hurting a bit.",0,1,0,1,0,eng,as i started to jog easily to the starting line my leg felt a little stiff and my shin was hurting a bit
eng_train_track_a_00048,"i asked if anyone else just saw that and right on queue my best friend says ""that hand just reach out of the entertainment center?",0,1,0,0,1,eng,i asked if anyone else just saw that and right on queue my best friend says that hand just reach out of the entertainment center
eng_train_track_a_00049,"I started to grip my sheets, barely breathing as my mind raced and my eyes focused, not physically seeing anything out of the ordinary as the sirens wailed outside my apartment, the 35th floor should have been enough distance to drown out the sound, but it wasn't, and I shut my eyes, leaping to the lightswitch.",0,1,0,0,0,eng,i started to grip my sheets barely breathing as my mind raced and my eyes focused not physically seeing anything out of the ordinary as the sirens wailed outside my apartment the 35th floor should have been enough distance to drown out the sound but it wasnt and i shut my eyes leaping to the lightswitch
eng_train_track_a_00050,I had a chocolate and got up my nerve to ask about the games.,0,1,1,0,0,eng,i had a chocolate and got up my nerve to ask about the games
eng_train_track_a_00051,painted on my face.,0,0,0,0,0,eng,painted on my face
eng_train_track_a_00052,Nothing behind me either.,0,1,0,0,1,eng,nothing behind me either
eng_train_track_a_00053,It felt so unreal...,0,1,0,0,1,eng,it felt so unreal
eng_train_track_a_00054,She left the room and went downstairs.,0,0,0,0,0,eng,she left the room and went downstairs
eng_train_track_a_00055,All of it on top of my head.,0,1,0,0,0,eng,all of it on top of my head
eng_train_track_a_00056,I went into the closet to investigate and found nothing... /chills,0,1,0,0,1,eng,i went into the closet to investigate and found nothing chills
eng_train_track_a_00057,I'm trying to work and accomplish things and train this other guy on how to help me with my job and I can't even move my head for fear of puking on my desk.,0,1,0,0,0,eng,im trying to work and accomplish things and train this other guy on how to help me with my job and i cant even move my head for fear of puking on my desk
eng_train_track_a_00058,Break my heart a thousand times and I realized that sometimes it really still hurts...,0,0,0,1,0,eng,break my heart a thousand times and i realized that sometimes it really still hurts
eng_train_track_a_00059,"Ah, to close my eyes and let time fly by, Because there's so much to gain By forgetting these dreams driving me insane.",0,1,0,1,0,eng,ah to close my eyes and let time fly by because theres so much to gain by forgetting these dreams driving me insane
eng_train_track_a_00060,"And then we have the ultimately retarded `` Spanish Lesson '' ( which I kind of like because it's so entertainingly bad ) and `` Incredible, '' which just flat-out gets on my nerves.",1,0,0,0,0,eng,and then we have the ultimately retarded spanish lesson which i kind of like because its so entertainingly bad and incredible which just flatout gets on my nerves
eng_train_track_a_00061,' I chanted in my head.,0,0,0,0,0,eng,i chanted in my head
eng_train_track_a_00062,"Back to earth As I opened my eye, I was lying back on a hospital bed with my right leg elevated, cupped in the hands of the young Indian doctor who had been trying to save my life.",0,1,0,1,0,eng,back to earth as i opened my eye i was lying back on a hospital bed with my right leg elevated cupped in the hands of the young indian doctor who had been trying to save my life
eng_train_track_a_00063,This expert also was the ex-husband of the murdered woman.,0,1,0,1,1,eng,this expert also was the exhusband of the murdered woman
eng_train_track_a_00064,"I did manage to remember to hang out the washing, but only because the annoying beeping sound the washer makes when its finished a cycle finally filtered into my brain and started to irritate me enough that I couldn't ignore it any longer.",1,1,0,0,0,eng,i did manage to remember to hang out the washing but only because the annoying beeping sound the washer makes when its finished a cycle finally filtered into my brain and started to irritate me enough that i couldnt ignore it any longer
eng_train_track_a_00065,It cut through all the fear and anger in my brain.,1,1,0,0,0,eng,it cut through all the fear and anger in my brain
eng_train_track_a_00066,"Back in 2006 when I was in high school I took Earth Sciences, and in the spring I was on my teacher's computer when I came across a photo of me giving the thumbs up.",0,0,1,0,1,eng,back in 2006 when i was in high school i took earth sciences and in the spring i was on my teachers computer when i came across a photo of me giving the thumbs up
eng_train_track_a_00067,"But occasionally, my nerves still do get the best of me, and I start to flop around in the breathless panic of a fish pulled out of water and tossed onto the floor to die helplessly.",0,1,0,0,0,eng,but occasionally my nerves still do get the best of me and i start to flop around in the breathless panic of a fish pulled out of water and tossed onto the floor to die helplessly
eng_train_track_a_00068,The effect was a feeling I've described as running my hand along a cheese grater.,0,1,0,1,0,eng,the effect was a feeling ive described as running my hand along a cheese grater
eng_train_track_a_00069,asked a flustered girl that bumped into my arm.,0,1,0,0,0,eng,asked a flustered girl that bumped into my arm
eng_train_track_a_00070,A sharp stinging stripe across the backs of my legs.,0,1,0,1,0,eng,a sharp stinging stripe across the backs of my legs
eng_train_track_a_00071,I really have to watch my mouth.,0,0,0,0,0,eng,i really have to watch my mouth
eng_train_track_a_00072,"The Redmond Cycling Club that organizes this event, had made-to-order coldcut sandwiches and -- be still my heart -- ice-cold cans of Coca-Cola at the final aid station.",0,0,1,0,0,eng,the redmond cycling club that organizes this event had madetoorder coldcut sandwiches and be still my heart icecold cans of cocacola at the final aid station
eng_train_track_a_00073,i was walking around cursing the day in my head.,1,1,0,1,0,eng,i was walking around cursing the day in my head
eng_train_track_a_00074,I shook my head and willed every broken hearted thought to go away.,0,0,0,1,0,eng,i shook my head and willed every broken hearted thought to go away
eng_train_track_a_00075,"i hope whatever i did do today, the two paper 2s adn the reading of the ntoes adn the definitaions i recited, stick in my head and i do nt forget anything: ( sigh.",0,1,0,1,0,eng,i hope whatever i did do today the two paper 2s adn the reading of the ntoes adn the definitaions i recited stick in my head and i do nt forget anything sigh
eng_train_track_a_00076,"About 3 years ago I had a very vivid dream about my deceased aunt and uncle, Sylvia &amp; John.",0,0,0,1,1,eng,about 3 years ago i had a very vivid dream about my deceased aunt and uncle sylvia amp john
eng_train_track_a_00077,"It could have been my eye -- but my glasses probably blocked that from happening, and diverted the injury higher up on my head.",0,1,0,0,1,eng,it could have been my eye but my glasses probably blocked that from happening and diverted the injury higher up on my head
eng_train_track_a_00078,`` I went to put my hand in my pockets and realised what they'd done.,0,1,0,0,0,eng,i went to put my hand in my pockets and realised what theyd done
eng_train_track_a_00079,"but my heart pounded in my chest and i couldnt breath, couldnt even look at him.",0,1,0,0,0,eng,but my heart pounded in my chest and i couldnt breath couldnt even look at him
eng_train_track_a_00080,I was never so happy to have my feet on solid ground though.,0,0,1,0,0,eng,i was never so happy to have my feet on solid ground though
eng_train_track_a_00081,They don't seem to be evil or dangerous.,0,1,0,0,0,eng,they dont seem to be evil or dangerous
eng_train_track_a_00082,I always like to head out into the boonies after I have been away for a long time... to get my head straight.,0,0,1,0,0,eng,i always like to head out into the boonies after i have been away for a long time to get my head straight
eng_train_track_a_00083,Sage grabbed my toothbrush this morning and showed me how to brush my teeth.,0,0,0,0,0,eng,sage grabbed my toothbrush this morning and showed me how to brush my teeth
eng_train_track_a_00084,"I trust this man even less than the woman, but I can't put my finger on it.",0,1,0,0,0,eng,i trust this man even less than the woman but i cant put my finger on it
eng_train_track_a_00085,I guess i pointed to Jenny without hesitation.,0,0,0,0,0,eng,i guess i pointed to jenny without hesitation
eng_train_track_a_00086,We locked our door and kept our lights on the whole night and just watched movies until dawn.,0,1,0,0,0,eng,we locked our door and kept our lights on the whole night and just watched movies until dawn
eng_train_track_a_00087,Just doing something this stupid as a kid.,0,0,0,1,0,eng,just doing something this stupid as a kid
eng_train_track_a_00088,FISHIN '' I woke up in the morning my head was throbing black and blue eyed thought I'd died smashed up my TV set.,0,1,0,1,1,eng,fishin i woke up in the morning my head was throbing black and blue eyed thought id died smashed up my tv set
eng_train_track_a_00089,It was as if everything was silent for just a second.,0,1,0,0,1,eng,it was as if everything was silent for just a second
eng_train_track_a_00090,"I filled it out and tried to stay calm, but my legs were still shaking!",0,1,0,0,0,eng,i filled it out and tried to stay calm but my legs were still shaking
eng_train_track_a_00091,""" The man told her that he had and she said, ""Well, I might as well tell you the story.",0,0,0,0,1,eng,the man told her that he had and she said well i might as well tell you the story
eng_train_track_a_00092,"First, some background: i am a male, i live in Latvia, my father is a hunter and we occasionally go hunting during the weekends.",0,0,0,0,0,eng,first some background i am a male i live in latvia my father is a hunter and we occasionally go hunting during the weekends
eng_train_track_a_00093,"Needless to say, I turned her down.",0,0,0,0,0,eng,needless to say i turned her down
eng_train_track_a_00094,"After dragging myself through all of those sets, my stomach being upset, and my body feeling entirely fatigued $ the LAST thing I wanted to do was hop on the treadmill for some incline walking.",0,1,0,1,0,eng,after dragging myself through all of those sets my stomach being upset and my body feeling entirely fatigued the last thing i wanted to do was hop on the treadmill for some incline walking
eng_train_track_a_00095,"The first five minutes I could feel my heart pounding in my chest, as our Q&A went on I got more relaxed.",0,1,1,0,0,eng,the first five minutes i could feel my heart pounding in my chest as our qa went on i got more relaxed
eng_train_track_a_00096,And these were brutal wounds.,1,1,0,1,1,eng,and these were brutal wounds
eng_train_track_a_00097,"Slowly sliding down towards the floor, not having the strength to stay up on my feet any longer, hearing the words `` It's time '' and thinking please no.",0,1,0,1,0,eng,slowly sliding down towards the floor not having the strength to stay up on my feet any longer hearing the words its time and thinking please no
eng_train_track_a_00098,My eyes welled up with tears and my voice cracked.,0,1,0,1,0,eng,my eyes welled up with tears and my voice cracked
eng_train_track_a_00099,"However, I made sure to take a few swishes of water just so my mouth felt like it got a lot of moisture.",0,0,1,0,0,eng,however i made sure to take a few swishes of water just so my mouth felt like it got a lot of moisture
eng_train_track_a_00100,"Thankfully, he doesn't really hold grudges, so I think every day starts with a clean slate... Of course, like a normal human being, he has his limit, which I am trying REALLY REALLY hard to avoid reaching.Also, my throat is dry and hurting because I slept with my mouth wide open last night, and the two times I napped at the boy's house, I slept with it open, again.",0,1,0,0,0,eng,thankfully he doesnt really hold grudges so i think every day starts with a clean slate of course like a normal human being he has his limit which i am trying really really hard to avoid reachingalso my throat is dry and hurting because i slept with my mouth wide open last night and the two times i napped at the boys house i slept with it open again
eng_train_track_a_00101,""" ""look... out your window.",0,0,0,0,1,eng,look out your window
eng_train_track_a_00102,The silence cupped my ears where it was all I could see and hear.,0,1,0,1,0,eng,the silence cupped my ears where it was all i could see and hear
eng_train_track_a_00103,"i'm happy that someone was there, but then again, there still is that part of me, driven deep down and rooted in the ground that keeps on whispering in my ear, `` in the end, all you got is you, remember that. ''",0,1,1,1,0,eng,im happy that someone was there but then again there still is that part of me driven deep down and rooted in the ground that keeps on whispering in my ear in the end all you got is you remember that
eng_train_track_a_00104,"So not an objection at the ceremony, but my wife's parents and brother didn't come to the ceremony at all out of objection to us getting hitched.",1,1,0,1,1,eng,so not an objection at the ceremony but my wifes parents and brother didnt come to the ceremony at all out of objection to us getting hitched
eng_train_track_a_00105,The stench hit me first.,0,1,0,0,1,eng,the stench hit me first
eng_train_track_a_00106,It was the dance of my heart.,0,0,1,0,0,eng,it was the dance of my heart
eng_train_track_a_00107,He gave me my love of science and education.,0,0,1,0,0,eng,he gave me my love of science and education
eng_train_track_a_00108,I thought it was a joke.,0,1,0,0,1,eng,i thought it was a joke
eng_train_track_a_00109,"I feel like my stomach's had a growth spurt, which leaves me aching and sore.",0,1,0,1,0,eng,i feel like my stomachs had a growth spurt which leaves me aching and sore
eng_train_track_a_00110,I got a little burn on my finger and it ticked me off.,1,1,0,1,0,eng,i got a little burn on my finger and it ticked me off
eng_train_track_a_00111,I'm confused about it but keep pressing.,0,1,0,0,1,eng,im confused about it but keep pressing
eng_train_track_a_00112,"The second time I saw her, she told me she was a registered sex offender.",1,1,0,1,1,eng,the second time i saw her she told me she was a registered sex offender
eng_train_track_a_00113,"She was rude to our photographer, she was rude to a few guests, and to us.",1,0,0,0,0,eng,she was rude to our photographer she was rude to a few guests and to us
eng_train_track_a_00114,"an hour after i got here my eyes swelled up and are so itchy, my athsma is ridiculous ( in vic i do nt even take medications!",0,1,0,1,0,eng,an hour after i got here my eyes swelled up and are so itchy my athsma is ridiculous in vic i do nt even take medications
eng_train_track_a_00115,"as usual, i feel like im carrying too much burdens in my heart.",0,1,0,1,0,eng,as usual i feel like im carrying too much burdens in my heart
eng_train_track_a_00116,"i hate the idea of not making progress, it breaks my heart to see time being wasted away, standing still-i hate the idea that i can not see the world.",1,1,0,1,0,eng,i hate the idea of not making progress it breaks my heart to see time being wasted away standing stilli hate the idea that i can not see the world
eng_train_track_a_00117,But I spent two days reading and still didn't hit the end of this thread.,1,1,0,0,1,eng,but i spent two days reading and still didnt hit the end of this thread
eng_train_track_a_00118,"But I was feeling really nervous, and my hands were sweaty.",0,1,0,0,0,eng,but i was feeling really nervous and my hands were sweaty
eng_train_track_a_00119,and throw my hands in the air.,0,0,1,0,0,eng,and throw my hands in the air
eng_train_track_a_00120,Then the cop shows up.,0,1,0,0,1,eng,then the cop shows up
eng_train_track_a_00121,"Teetering for a moment, I caught myself from falling only to fling myself to my knees in the dirt.",0,1,0,0,0,eng,teetering for a moment i caught myself from falling only to fling myself to my knees in the dirt
eng_train_track_a_00122,"I fumbled my way toward the light, and my fingers closed around the doorknob.",0,1,0,0,0,eng,i fumbled my way toward the light and my fingers closed around the doorknob
eng_train_track_a_00123,"I did as much time as I could on my feet for closing gate, but had to sit for stretch before cannon.",0,1,0,0,0,eng,i did as much time as i could on my feet for closing gate but had to sit for stretch before cannon
eng_train_track_a_00124,"The weather up there are super cozy, I went to wash my hand, the water are freezing!!!",0,1,0,0,0,eng,the weather up there are super cozy i went to wash my hand the water are freezing
eng_train_track_a_00125,"But the emotional constrictor that had wrapped itself around my ribs and stomach seems to have gone, and it's not a strain to smile.",0,0,1,0,0,eng,but the emotional constrictor that had wrapped itself around my ribs and stomach seems to have gone and its not a strain to smile
eng_train_track_a_00126,"Nothing like the city to remind you that you are among humans and animals.ProActive Acne Shit Review: So, after only a week of using ProActive, I started to notice the difference in my skin.",0,0,1,0,0,eng,nothing like the city to remind you that you are among humans and animalsproactive acne shit review so after only a week of using proactive i started to notice the difference in my skin
eng_train_track_a_00127,She certainly has the right name... View at the glaciers in the distance.Me being silly... So I had a good morning before going to work and feeling the world-at least the hotel world-crumbling at my feet...,0,1,0,1,0,eng,she certainly has the right name view at the glaciers in the distanceme being silly so i had a good morning before going to work and feeling the worldat least the hotel worldcrumbling at my feet
eng_train_track_a_00128,My heart beat so fast when the beautiful man give Yunho a peck on his left cheek.,0,1,1,0,0,eng,my heart beat so fast when the beautiful man give yunho a peck on his left cheek
eng_train_track_a_00129,The nightmares and fear were new and inexplicable.,0,1,0,1,1,eng,the nightmares and fear were new and inexplicable
eng_train_track_a_00130,I could feel my heart breaking into millions of pieces.,0,0,0,1,0,eng,i could feel my heart breaking into millions of pieces
eng_train_track_a_00131,"The kissing and touching don't stop, they just get more... interesting.",0,0,1,0,1,eng,the kissing and touching dont stop they just get more interesting
eng_train_track_a_00132,"I was trying to concentrate on not falling, but I totally slipped and almost fell on my face.",0,1,0,0,1,eng,i was trying to concentrate on not falling but i totally slipped and almost fell on my face
eng_train_track_a_00133,"im not ashamed to say sometimes i have more fun clipping my nails, pumicing my feet, moisturizing my body and watching the Wedding Planner on TBS with a mask on my face while conditioning my hands and feet with special lotion and gloves & booties on.",0,0,1,0,0,eng,im not ashamed to say sometimes i have more fun clipping my nails pumicing my feet moisturizing my body and watching the wedding planner on tbs with a mask on my face while conditioning my hands and feet with special lotion and gloves booties on
eng_train_track_a_00134,We are earths last hope against extinction.,0,1,0,1,1,eng,we are earths last hope against extinction
eng_train_track_a_00135,Went to a party at a friends house.,0,0,1,0,0,eng,went to a party at a friends house
eng_train_track_a_00136,"Jimmy gently poured some into my mouth, dipping my head back and asking me to swallow.",0,0,0,0,0,eng,jimmy gently poured some into my mouth dipping my head back and asking me to swallow
eng_train_track_a_00137,Fast forward six months - I've moved to central Virginia for work.,0,0,1,0,0,eng,fast forward six months ive moved to central virginia for work
eng_train_track_a_00138,( HUGE grin on my face now. ),0,0,1,0,0,eng,huge grin on my face now
eng_train_track_a_00139,"pops been moved out of icu now and he's going well, but now i've sprained my wrist... stupid hockey!",1,1,0,1,0,eng,pops been moved out of icu now and hes going well but now ive sprained my wrist stupid hockey
eng_train_track_a_00140,"I told them I felt a bit sick so they hurriedly put a sickbowl on my chest, then 10 seconds later I spewed up but a lot of it when all down my new white tshirt.",0,1,0,1,1,eng,i told them i felt a bit sick so they hurriedly put a sickbowl on my chest then 10 seconds later i spewed up but a lot of it when all down my new white tshirt
eng_train_track_a_00141,"Eventually the fridge was back in place and I had even managed to score a minor victory against my fear of fire extinguishers as I successfully moved it across the room ( the fear comes from one fell on my foot, long story! )",0,1,0,0,0,eng,eventually the fridge was back in place and i had even managed to score a minor victory against my fear of fire extinguishers as i successfully moved it across the room the fear comes from one fell on my foot long story
eng_train_track_a_00142,My jaw nearly dropped.,0,0,0,0,1,eng,my jaw nearly dropped
eng_train_track_a_00143,"After i wash my face and brush my teeth, i go out from the kitchen and found that, someone sleep on my place, using my blanket and also pillow.",0,1,0,0,1,eng,after i wash my face and brush my teeth i go out from the kitchen and found that someone sleep on my place using my blanket and also pillow
eng_train_track_a_00144,Not creepy but ghostly.,0,1,0,0,1,eng,not creepy but ghostly
eng_train_track_a_00145,"What came out of my mouth was: ""Because white reigns supreme.",1,1,0,1,1,eng,what came out of my mouth was because white reigns supreme
eng_train_track_a_00146,"Don't walk away, I'm talking to you, there's bruises on my face.",1,1,0,1,0,eng,dont walk away im talking to you theres bruises on my face
eng_train_track_a_00147,as i go to take the hook out of my 4th fish... it shakes and embeds the hook in my hand.,1,1,0,1,1,eng,as i go to take the hook out of my 4th fish it shakes and embeds the hook in my hand
eng_train_track_a_00148,I saw peppermint patties.,0,0,1,0,1,eng,i saw peppermint patties
eng_train_track_a_00149,It better not be for my parenting.,1,1,0,0,0,eng,it better not be for my parenting
eng_train_track_a_00150,Can I add a bridesmaid-zilla story?,0,0,1,0,1,eng,can i add a bridesmaidzilla story
eng_train_track_a_00151,We ended up keeping the old house and renting it out though.,0,0,1,0,0,eng,we ended up keeping the old house and renting it out though
eng_train_track_a_00152,"Most mornings I drift in and out, slowly shaking off the fuddle of sleep but yesterday I was right there with my eyes wide open and the clock saying eight.",0,0,1,0,0,eng,most mornings i drift in and out slowly shaking off the fuddle of sleep but yesterday i was right there with my eyes wide open and the clock saying eight
eng_train_track_a_00153,`` My God $ '' `` What's wrong with my arm? '',0,1,0,0,1,eng,my god whats wrong with my arm
eng_train_track_a_00154,Could be wrong though.,0,1,0,0,0,eng,could be wrong though
eng_train_track_a_00155,"Every movement of the body below my waist caused pain, in such a way that I could anticipate it and, with a bit of understanding, even cope.",0,1,0,1,0,eng,every movement of the body below my waist caused pain in such a way that i could anticipate it and with a bit of understanding even cope
eng_train_track_a_00156,First day of school.,0,1,1,0,0,eng,first day of school
eng_train_track_a_00157,"She opened the door of the moving vehicle, jumped out, and landed on her feet.",0,1,1,0,1,eng,she opened the door of the moving vehicle jumped out and landed on her feet
eng_train_track_a_00158,My mouth by then like cardboard.,0,0,0,0,0,eng,my mouth by then like cardboard
eng_train_track_a_00159,I was scared shitless.,0,1,0,0,1,eng,i was scared shitless
eng_train_track_a_00160,Not a single soul.,0,1,0,1,1,eng,not a single soul
eng_train_track_a_00161,"As the blood seems to return to my head, I can think clearly and muster the energy to keep going.",0,1,1,0,0,eng,as the blood seems to return to my head i can think clearly and muster the energy to keep going
eng_train_track_a_00162,"I fell out of a tree earlier today, and landed on my head after about an eight foot drop onto concrete.",0,1,0,1,1,eng,i fell out of a tree earlier today and landed on my head after about an eight foot drop onto concrete
eng_train_track_a_00163,"But well need large plastic bags, I dont know where to get those.",0,1,0,0,0,eng,but well need large plastic bags i dont know where to get those
eng_train_track_a_00164,I wish I had.,0,0,0,1,0,eng,i wish i had
eng_train_track_a_00165,"the next thing i knew, i felt this huge impact on my head, and then a few more after that.",0,1,0,0,1,eng,the next thing i knew i felt this huge impact on my head and then a few more after that
eng_train_track_a_00166,"I turn around, hoping my back hid part of my drawing and look down at the paper in front of Ryutaro, my hand only inches away from his and start to explain the directions a little clearer to him.",0,0,0,0,0,eng,i turn around hoping my back hid part of my drawing and look down at the paper in front of ryutaro my hand only inches away from his and start to explain the directions a little clearer to him
eng_train_track_a_00167,she was very wrong.,1,0,0,0,0,eng,she was very wrong
eng_train_track_a_00168,They seemed quit some distance away from me.,0,1,0,0,0,eng,they seemed quit some distance away from me
eng_train_track_a_00169,My back is jacked up again.,1,1,0,1,0,eng,my back is jacked up again
eng_train_track_a_00170,"Of course, I could have soaked my hand in a bucket for a couple of hours, but that's not the case here.",0,0,0,0,0,eng,of course i could have soaked my hand in a bucket for a couple of hours but thats not the case here
eng_train_track_a_00171,As he approached the edge of it he took to prep hops.,0,1,0,0,1,eng,as he approached the edge of it he took to prep hops
eng_train_track_a_00172,"In silence, I prayed and searched my heart....",0,1,0,1,0,eng,in silence i prayed and searched my heart
eng_train_track_a_00173,I couldnt walk without tripping over her.,1,1,0,0,0,eng,i couldnt walk without tripping over her
eng_train_track_a_00174,You know the ones?,0,0,0,0,1,eng,you know the ones
eng_train_track_a_00175,"I could hardly believe that after all this time, after so many seasons spent reaping despair, he was finally here, in my arms.",0,0,1,0,0,eng,i could hardly believe that after all this time after so many seasons spent reaping despair he was finally here in my arms
eng_train_track_a_00176,"We could have been part of organized crime, but my grandpa (who died before I was born) didn't want any part of it and decided to live an honest life.",0,0,1,1,1,eng,we could have been part of organized crime but my grandpa who died before i was born didnt want any part of it and decided to live an honest life
eng_train_track_a_00177,They hooked me up to an IV to give me some medicine ( not sure what kind ) and gave me a shot of adrenaline to try to get the swelling in my throat down.,0,1,0,0,0,eng,they hooked me up to an iv to give me some medicine not sure what kind and gave me a shot of adrenaline to try to get the swelling in my throat down
eng_train_track_a_00178,I remembered back to last week when my neck was really hurting.,0,1,0,1,0,eng,i remembered back to last week when my neck was really hurting
eng_train_track_a_00179,"The form itself did not shed any light, but was light.",0,0,0,0,1,eng,the form itself did not shed any light but was light
eng_train_track_a_00180,"It was just a knick, but and the blood $ The rain was cold, but my tears were hot against my cheeks.",0,1,0,1,0,eng,it was just a knick but and the blood the rain was cold but my tears were hot against my cheeks
eng_train_track_a_00181,"It looked like there was a golfball on the side of my knee... a purple, blueish golfball.",0,1,0,1,0,eng,it looked like there was a golfball on the side of my knee a purple blueish golfball
eng_train_track_a_00182,"This is typical, as they need to justify their existence.",1,0,0,0,0,eng,this is typical as they need to justify their existence
eng_train_track_a_00183,Seemingly because the bartenders were very heavy handed.,1,0,0,0,0,eng,seemingly because the bartenders were very heavy handed
eng_train_track_a_00184,& # x 26; nbsp; I folded my arms on the table and rested my head on my hands-but in a few moments there was a lot of tension in my jaw from this positon.,0,1,0,0,0,eng,x 26 nbsp i folded my arms on the table and rested my head on my handsbut in a few moments there was a lot of tension in my jaw from this positon
eng_train_track_a_00185,My pride hurt worse than my leg did.,1,0,0,1,0,eng,my pride hurt worse than my leg did
eng_train_track_a_00186,On Sunday I tucked the new license plates under my arm and headed out to the garage to find the duck tool.,0,0,0,0,0,eng,on sunday i tucked the new license plates under my arm and headed out to the garage to find the duck tool
eng_train_track_a_00187,Blotted out the moon.,0,1,0,0,1,eng,blotted out the moon
eng_train_track_a_00188,My hand hurt so bad afterwards.,0,1,0,0,0,eng,my hand hurt so bad afterwards
eng_train_track_a_00189,I had just had a procedure done to implant an Intrathecal Baclofen Pump in my belly.,0,1,0,0,0,eng,i had just had a procedure done to implant an intrathecal baclofen pump in my belly
eng_train_track_a_00190,"Last I heard, that other guy was homeless and dead.",0,1,0,1,1,eng,last i heard that other guy was homeless and dead
eng_train_track_a_00191,With sudden resolution I took my hands from the rail.,0,0,0,0,0,eng,with sudden resolution i took my hands from the rail
eng_train_track_a_00192,"The following two days, I was in a moderate amount of pain and had very limited range of motion in my arms.",0,1,0,1,0,eng,the following two days i was in a moderate amount of pain and had very limited range of motion in my arms
eng_train_track_a_00193,I felt a slight heat creep over my cheeks and I giggled lightly coming back to the thought that he was all mine.,0,0,1,0,0,eng,i felt a slight heat creep over my cheeks and i giggled lightly coming back to the thought that he was all mine
eng_train_track_a_00194,"Let me put it this way: I burned so much as a kid that my nose is permanently red.I look back on all of this skin damage, and wish I could go back to my old self and do some kind of scared straight intervention.",0,0,0,1,0,eng,let me put it this way i burned so much as a kid that my nose is permanently redi look back on all of this skin damage and wish i could go back to my old self and do some kind of scared straight intervention
eng_train_track_a_00195,"After the deception, but before the divorce.",1,1,0,1,0,eng,after the deception but before the divorce
eng_train_track_a_00196,It just... went away.,0,1,0,1,1,eng,it just went away
eng_train_track_a_00197,"It was REALLY nice to feel the sun on my face because the winter blues really are real-for me at least: ) It was Brent's birthday while we were there, and my awesome family throw him a little birthday party ( I was so glad that I didn't have to do a thing )!",0,0,1,0,0,eng,it was really nice to feel the sun on my face because the winter blues really are realfor me at least it was brents birthday while we were there and my awesome family throw him a little birthday party i was so glad that i didnt have to do a thing
eng_train_track_a_00198,"Stuck in this place, With the world rushing by, Tears stream down my face, As I stand here, waiting to die.",0,1,0,1,0,eng,stuck in this place with the world rushing by tears stream down my face as i stand here waiting to die
eng_train_track_a_00199,the cold outside feels so good on my skin.,0,0,1,0,0,eng,the cold outside feels so good on my skin
eng_train_track_a_00200,Several times in the last couple weeks I've had to scratch my head cleverly for a few minutes trying to figure out how to get into my office.,0,1,0,0,0,eng,several times in the last couple weeks ive had to scratch my head cleverly for a few minutes trying to figure out how to get into my office
eng_train_track_a_00201,"Now, I just sit there and nod my head, as I listen to the excuses people use to not make positive changes in their life.",0,0,0,0,0,eng,now i just sit there and nod my head as i listen to the excuses people use to not make positive changes in their life
eng_train_track_a_00202,"Not moving, not menacing.",0,1,0,0,0,eng,not moving not menacing
eng_train_track_a_00203,The first thought that came into my head was that I needed to go to work as soon as possible.,0,1,0,0,0,eng,the first thought that came into my head was that i needed to go to work as soon as possible
eng_train_track_a_00204,A rather regular occurrence happened at night upstairs.,0,1,0,0,0,eng,a rather regular occurrence happened at night upstairs
eng_train_track_a_00205,Spirit-search my heart,0,0,0,0,0,eng,spiritsearch my heart
eng_train_track_a_00206,"i play it over and over in my head, word for word.",0,1,0,1,0,eng,i play it over and over in my head word for word
eng_train_track_a_00207,"So many things were going on in my life, in my head and in my heart that I just couldn't write any of them down.",0,1,0,1,0,eng,so many things were going on in my life in my head and in my heart that i just couldnt write any of them down
eng_train_track_a_00208,It felt so real that I actually woke up.,0,1,0,0,1,eng,it felt so real that i actually woke up
eng_train_track_a_00209,My ex-boyfriend was just a horrible liar.,1,0,0,1,0,eng,my exboyfriend was just a horrible liar
eng_train_track_a_00210,The police were trying to calm him down.,0,1,0,0,0,eng,the police were trying to calm him down
eng_train_track_a_00211,My brain stops and then I feel like conking out.,0,1,0,1,0,eng,my brain stops and then i feel like conking out
eng_train_track_a_00212,Your son is not liking the strap around my belly. '',0,1,0,0,0,eng,your son is not liking the strap around my belly
eng_train_track_a_00213,At one point it even came up to my foot to nibble on the grass near my toes.,0,0,1,0,0,eng,at one point it even came up to my foot to nibble on the grass near my toes
eng_train_track_a_00214,But it was good; it kept me on my feet for a long while.Knee?,0,0,1,0,0,eng,but it was good it kept me on my feet for a long whileknee
eng_train_track_a_00215,"I pull the trigger, feel the recoil in my hand along with the professionally, almost muted sound and watch him shudder and then go limp against me.",1,1,0,1,0,eng,i pull the trigger feel the recoil in my hand along with the professionally almost muted sound and watch him shudder and then go limp against me
eng_train_track_a_00216,"Well I make it about 2 miles from my apartment when I notice a small drop on my arm and then another, I say uh oh I better get back then it starts to rain a little, then harder and harder, to the point that im soaked, even my shoes are filled with water.",0,1,0,1,0,eng,well i make it about 2 miles from my apartment when i notice a small drop on my arm and then another i say uh oh i better get back then it starts to rain a little then harder and harder to the point that im soaked even my shoes are filled with water
eng_train_track_a_00217,"Last night I walked into my room ( without turning on the light switch ) and tripped over a laundry basket, and fell on my face.",0,1,0,1,1,eng,last night i walked into my room without turning on the light switch and tripped over a laundry basket and fell on my face
eng_train_track_a_00218,I was completely dumbstruck.,0,0,0,0,1,eng,i was completely dumbstruck
eng_train_track_a_00219,"As I was placing them in the `` to be thrown out '' pile, something caught my eye and made me look closer.",0,0,0,0,1,eng,as i was placing them in the to be thrown out pile something caught my eye and made me look closer
eng_train_track_a_00220,"As I frantically grabbed at it to pull it up, I dropped EVERY SiNGLE THING in my hands.",1,1,0,0,1,eng,as i frantically grabbed at it to pull it up i dropped every single thing in my hands
eng_train_track_a_00221,"We always just thought she was scared of the dark, just like most kids are.",0,1,0,0,0,eng,we always just thought she was scared of the dark just like most kids are
eng_train_track_a_00222,"She claimed I beat her, raped her, tortured, and abused her.",1,1,0,1,1,eng,she claimed i beat her raped her tortured and abused her
eng_train_track_a_00223,I had a lump in my throat several times.,0,1,0,1,0,eng,i had a lump in my throat several times
eng_train_track_a_00224,I know last time I did this I hurt my back a little but I never learn I'm hard headed I wanted to burn up some more calories.,0,1,0,0,0,eng,i know last time i did this i hurt my back a little but i never learn im hard headed i wanted to burn up some more calories
eng_train_track_a_00225,"It started out slow, like we'd fight once a month over stupid little things and sometimes big things.",1,1,0,1,0,eng,it started out slow like wed fight once a month over stupid little things and sometimes big things
eng_train_track_a_00226,I fell asleep with visions of 5 grand dancing in my head.,0,0,1,0,0,eng,i fell asleep with visions of 5 grand dancing in my head
eng_train_track_a_00227,I will defend this to the grave.,1,0,0,0,0,eng,i will defend this to the grave
eng_train_track_a_00228,Coupled with the sound of rotors deafeningly stunning my ears and the very air in and around the cab of my car.,0,1,0,0,1,eng,coupled with the sound of rotors deafeningly stunning my ears and the very air in and around the cab of my car
eng_train_track_a_00229,Apparently the aftermath of the clogged toilet was pretty gruesome.,0,1,0,0,1,eng,apparently the aftermath of the clogged toilet was pretty gruesome
eng_train_track_a_00230,"Staring down at the device, I felt this cold chill start at the base of my neck and spread throughout my body.",0,1,0,0,1,eng,staring down at the device i felt this cold chill start at the base of my neck and spread throughout my body
eng_train_track_a_00231,It was funny because I thought I broke my arm.,0,1,1,0,1,eng,it was funny because i thought i broke my arm
eng_train_track_a_00232,"idk why, my eyes just got really watery and i felt really scared and felt so lost all of a sudden: /",0,1,0,1,1,eng,idk why my eyes just got really watery and i felt really scared and felt so lost all of a sudden
eng_train_track_a_00233,i did nt drink cause my lungs were giving me problems but the rest did.,0,1,0,0,0,eng,i did nt drink cause my lungs were giving me problems but the rest did
eng_train_track_a_00234,My heart melted.,0,0,1,0,0,eng,my heart melted
eng_train_track_a_00235,Weird guy to say the least,0,1,0,0,1,eng,weird guy to say the least
eng_train_track_a_00236,"Even with an armed officer of the law at my back, it was a bit unnerving to open the front door.",0,1,0,0,0,eng,even with an armed officer of the law at my back it was a bit unnerving to open the front door
eng_train_track_a_00237,The outer right side was throbbing in pain and shooting up to my ankle.,0,1,0,1,0,eng,the outer right side was throbbing in pain and shooting up to my ankle
eng_train_track_a_00238,My heart starts pounding as my eyes scroll up the dress and it was Scarlett.,0,1,0,0,1,eng,my heart starts pounding as my eyes scroll up the dress and it was scarlett
eng_train_track_a_00239,I know that feel.,0,0,1,1,0,eng,i know that feel
eng_train_track_a_00240,I will lose sleep.,0,1,0,1,0,eng,i will lose sleep
eng_train_track_a_00241,Then we finally saw what was going on.,0,1,1,0,1,eng,then we finally saw what was going on
eng_train_track_a_00242,"I jumped up frantically ( the receptionist cast an odd glance toward me, and some net users stared ) and looked at my hands.",0,1,0,0,0,eng,i jumped up frantically the receptionist cast an odd glance toward me and some net users stared and looked at my hands
eng_train_track_a_00243,"When they are near me I either scream, or my mind goes blank and I saw whatever pops into my head ( no... seriously, it's kind of sad.",0,1,0,1,0,eng,when they are near me i either scream or my mind goes blank and i saw whatever pops into my head no seriously its kind of sad
eng_train_track_a_00244,For dessert and coffee we went to another cafe down the street.,0,0,1,0,0,eng,for dessert and coffee we went to another cafe down the street
eng_train_track_a_00245,Awkward lunch time... sometimes I think my mouth just kinda glues shut on me.,0,1,0,1,0,eng,awkward lunch time sometimes i think my mouth just kinda glues shut on me
eng_train_track_a_00246,"my head looked up automatically, and the first person out of the others out there, i saw him.",0,1,0,0,1,eng,my head looked up automatically and the first person out of the others out there i saw him
eng_train_track_a_00247,"I played around in the water, haha just my feet in the water though, it was too cold.",0,0,1,0,0,eng,i played around in the water haha just my feet in the water though it was too cold
eng_train_track_a_00248,First college room mate ever.,0,0,1,0,1,eng,first college room mate ever
eng_train_track_a_00249,And I can't breath through my nose.,0,1,0,0,0,eng,and i cant breath through my nose
eng_train_track_a_00250,"My head poked out of the grass again, catching sight of the men nearing my position, only about fifteen yards.",0,1,0,1,0,eng,my head poked out of the grass again catching sight of the men nearing my position only about fifteen yards
eng_train_track_a_00251,It was mutually beneficial.,0,0,1,0,0,eng,it was mutually beneficial
eng_train_track_a_00252,Telling me I'm going to hell.,1,1,0,1,0,eng,telling me im going to hell
eng_train_track_a_00253,Only in my foot.,0,0,0,0,0,eng,only in my foot
eng_train_track_a_00254,"I want to learn about you, communicate with you.",0,0,1,0,0,eng,i want to learn about you communicate with you
eng_train_track_a_00255,"I'd just started a new character on a different world than I usually play on, then this guy wants to join my party...",0,1,1,0,1,eng,id just started a new character on a different world than i usually play on then this guy wants to join my party
eng_train_track_a_00256,"amused So yeah, I broke my nose playing `` flag '' football yesterday.",0,0,0,1,0,eng,amused so yeah i broke my nose playing flag football yesterday
eng_train_track_a_00257,His last days were spent in a cone.,0,0,0,1,0,eng,his last days were spent in a cone
eng_train_track_a_00258,"I didn't notice either that I was still sitting on the floor, the rug pattern branded on my knees.",0,0,0,1,0,eng,i didnt notice either that i was still sitting on the floor the rug pattern branded on my knees
eng_train_track_a_00259,"I'm very very pale, and any bandages like that stick out like a dark brown blemish.",0,1,0,1,0,eng,im very very pale and any bandages like that stick out like a dark brown blemish
eng_train_track_a_00260,plus my knees look more hardcore in black and blue.,0,0,1,0,0,eng,plus my knees look more hardcore in black and blue
eng_train_track_a_00261,"My hands are usually cool, and I defend them, spouting `` Cold hands, warm heart! ''",0,0,1,0,0,eng,my hands are usually cool and i defend them spouting cold hands warm heart
eng_train_track_a_00262,"There were dozens of us, crying, screaming, or in shock.",0,1,0,1,1,eng,there were dozens of us crying screaming or in shock
eng_train_track_a_00263,3.Woke up from a horrible dream of my ex boyfriend with his new girlfriend.,1,1,0,1,0,eng,3woke up from a horrible dream of my ex boyfriend with his new girlfriend
eng_train_track_a_00264,"My throat is now only a dull ache ( as one nurse said, strep throat is the throat you don't forget, boy was she right! )",0,1,0,1,0,eng,my throat is now only a dull ache as one nurse said strep throat is the throat you dont forget boy was she right
eng_train_track_a_00265,I stopped a couple times to stretch out my calves and quads.,0,0,0,0,0,eng,i stopped a couple times to stretch out my calves and quads
eng_train_track_a_00266,my stomach is all out of whack.,0,1,0,0,0,eng,my stomach is all out of whack
eng_train_track_a_00267,"They are so pillowy that when I get in the car, while she cheers at me, she actually lifts her fat pillow, let me sit next to her, and then drops her huge mountain of fat on my thigh.",0,0,0,0,0,eng,they are so pillowy that when i get in the car while she cheers at me she actually lifts her fat pillow let me sit next to her and then drops her huge mountain of fat on my thigh
eng_train_track_a_00268,"I pulled it up, still heard the gushing sound, so I turned my head, and the other one stopped immediately.",0,1,0,0,0,eng,i pulled it up still heard the gushing sound so i turned my head and the other one stopped immediately
eng_train_track_a_00269,The house is trashed.,1,1,0,1,0,eng,the house is trashed
eng_train_track_a_00270,They immediately started shooting meth and heroin.,1,1,0,1,1,eng,they immediately started shooting meth and heroin
eng_train_track_a_00271,Scary going up but terrifying going down into awful LA traffic.,0,1,0,0,0,eng,scary going up but terrifying going down into awful la traffic
eng_train_track_a_00272,"The part my grandfather said was broken and would lead to his doom, was broken.",0,1,0,1,1,eng,the part my grandfather said was broken and would lead to his doom was broken
eng_train_track_a_00273,"We first met hatred was in my eyes, I Didn't want anything to do with you, lies.",1,1,0,1,0,eng,we first met hatred was in my eyes i didnt want anything to do with you lies
eng_train_track_a_00274,Most I've met off Craigslist.,0,1,0,0,1,eng,most ive met off craigslist
eng_train_track_a_00275,I had been AWAKE.,0,1,0,0,1,eng,i had been awake
eng_train_track_a_00276,We wanted to put off going down route thumper (Never went through without being hit) well we had too anyway.,0,1,0,0,0,eng,we wanted to put off going down route thumper never went through without being hit well we had too anyway
eng_train_track_a_00277,"I had an ant crawling on my elbow just now, and I flicked him off.",0,1,0,0,0,eng,i had an ant crawling on my elbow just now and i flicked him off
eng_train_track_a_00278,"in the back of my head, i was like great.",0,0,0,0,0,eng,in the back of my head i was like great
eng_train_track_a_00279,She commented on everything that went into my mouth.,1,0,0,0,0,eng,she commented on everything that went into my mouth
eng_train_track_a_00280,I felt a gun pressed against my forehead and looked up.,0,1,0,0,1,eng,i felt a gun pressed against my forehead and looked up
eng_train_track_a_00281,Threw my underwear away in their kitchen garbage.,0,1,0,0,1,eng,threw my underwear away in their kitchen garbage
eng_train_track_a_00282,I run to grab my friend only to see him dancing with another asian girl.,1,0,0,1,1,eng,i run to grab my friend only to see him dancing with another asian girl
eng_train_track_a_00283,"I feel my head hurting, and the next thing I know school's over, I'm in the front of it with him and Traci, and he's pointing a finger at me and sort-of-yelling-sort-of-talking, and saying `` You faker! ''",1,1,0,1,1,eng,i feel my head hurting and the next thing i know schools over im in the front of it with him and traci and hes pointing a finger at me and sortofyellingsortoftalking and saying you faker
eng_train_track_a_00284,"She was Brazilian, or Chinese, or something weird.",0,1,0,0,1,eng,she was brazilian or chinese or something weird
eng_train_track_a_00285,so stop shoving shit down my throat and into my head.,1,1,0,0,0,eng,so stop shoving shit down my throat and into my head
eng_train_track_a_00286,I felt him press his face to my hair and start to whisper soothing things at me but I still couldn't hear anything but the pounding of my heart.,0,1,0,0,0,eng,i felt him press his face to my hair and start to whisper soothing things at me but i still couldnt hear anything but the pounding of my heart
eng_train_track_a_00287,"Despite my anxiety, You were there with me, Diligently working in my heart, Stripping me of all of my pretense, Scourging me of all of my arrogance, Revealing each of my self-serving ways, Which have made my life a wasteland.",0,1,1,1,0,eng,despite my anxiety you were there with me diligently working in my heart stripping me of all of my pretense scourging me of all of my arrogance revealing each of my selfserving ways which have made my life a wasteland
eng_train_track_a_00288,So I decide to just lean against the railing and smoke my cigarette with a stupid look on my face.,0,0,0,0,0,eng,so i decide to just lean against the railing and smoke my cigarette with a stupid look on my face
eng_train_track_a_00289,"So many people from my family have seen someone in the reflection, always in the same place, matching the same description.",0,1,0,0,1,eng,so many people from my family have seen someone in the reflection always in the same place matching the same description
eng_train_track_a_00290,"The two proceeded to grab my body, one at the knees and the other at my shoulders.",0,1,0,0,0,eng,the two proceeded to grab my body one at the knees and the other at my shoulders
eng_train_track_a_00291,My eyes were glassed over.,0,1,0,1,0,eng,my eyes were glassed over
eng_train_track_a_00292,"One day during practice, the question was read, ""Finish, the opening line of the traditional American song which begins, 'I wish I was-'""",0,0,0,0,1,eng,one day during practice the question was read finish the opening line of the traditional american song which begins i wish i was
eng_train_track_a_00293,"I just happened to hold the stresses and frustrations ( that most kids probably have with school, parents, new friends ) in my eyes.",0,1,0,1,0,eng,i just happened to hold the stresses and frustrations that most kids probably have with school parents new friends in my eyes
eng_train_track_a_00294,"To this day, we're still not too sure of where it came from.",0,1,0,0,1,eng,to this day were still not too sure of where it came from
eng_train_track_a_00295,"They fit the intended recipient, but are entirely too big for my feet.",0,0,0,1,0,eng,they fit the intended recipient but are entirely too big for my feet
eng_train_track_a_00296,About 2 weeks ago I thought I pulled a muscle in my calf.,0,1,0,1,0,eng,about 2 weeks ago i thought i pulled a muscle in my calf
eng_train_track_a_00297,"X-rays do not show soft tissue damage, and I knew my bones were fine.",0,0,0,0,0,eng,xrays do not show soft tissue damage and i knew my bones were fine
eng_train_track_a_00298,I remember swinging on the swings one day when I was in elementary school.,0,0,1,0,0,eng,i remember swinging on the swings one day when i was in elementary school
eng_train_track_a_00299,") This event happened after the war, but before the wall went up.",0,0,0,0,1,eng,this event happened after the war but before the wall went up
eng_train_track_a_00300,"Made sense, they removed all identifiable information.",0,0,0,0,1,eng,made sense they removed all identifiable information
eng_train_track_a_00301,"Once we got them all back into the room, one little girl ( the youngest of this group ) roughly pushed a little boy who was standing near me ( I was sitting with my legs blocking the doorway ) into the door jamb in her attempt to get out.",0,1,0,0,1,eng,once we got them all back into the room one little girl the youngest of this group roughly pushed a little boy who was standing near me i was sitting with my legs blocking the doorway into the door jamb in her attempt to get out
eng_train_track_a_00302,They were extremely close.,0,0,1,0,0,eng,they were extremely close
eng_train_track_a_00303,I tried to fight but I received a strong hit on my back of the head and everything around became so dark.,1,1,0,1,1,eng,i tried to fight but i received a strong hit on my back of the head and everything around became so dark
eng_train_track_a_00304,"My eyes are half-closed, heavy from the liquor and not sleepin, but still they're watchful of the tender, who they suspect of fueling the glass every time I leave to piss.",0,1,0,0,0,eng,my eyes are halfclosed heavy from the liquor and not sleepin but still theyre watchful of the tender who they suspect of fueling the glass every time i leave to piss
eng_train_track_a_00305,"My throat felt like I was choking down hot, spiked coals.",0,1,0,1,0,eng,my throat felt like i was choking down hot spiked coals
eng_train_track_a_00306,I also brought my bike to the beach and held it over my head standing in the ocean.,0,0,0,0,0,eng,i also brought my bike to the beach and held it over my head standing in the ocean
eng_train_track_a_00307,"I had no strength to reach for it, although I craved for it-since the hot water stopped flushing my skin, I felt icy needles and blades of cold air attacking my skin.",0,1,0,1,0,eng,i had no strength to reach for it although i craved for itsince the hot water stopped flushing my skin i felt icy needles and blades of cold air attacking my skin
eng_train_track_a_00308,"Still numb.The numbness never left my arm, it was crazy.",0,1,0,1,0,eng,still numbthe numbness never left my arm it was crazy
eng_train_track_a_00309,The line went dead.,0,1,0,1,1,eng,the line went dead
eng_train_track_a_00310,"My limbs wouldn't move properly then, nothingness.",0,1,0,1,0,eng,my limbs wouldnt move properly then nothingness
eng_train_track_a_00311,"We all refer to it as the witch scream, and to this day I have no idea what made it.",0,1,0,0,1,eng,we all refer to it as the witch scream and to this day i have no idea what made it
eng_train_track_a_00312,He ended up skidding down the bark and scraping raw the insides of his thighs.,0,1,0,1,1,eng,he ended up skidding down the bark and scraping raw the insides of his thighs
eng_train_track_a_00313,"The room smells like a rotting corpse, so it's nasty.",1,1,0,1,0,eng,the room smells like a rotting corpse so its nasty
eng_train_track_a_00314,My friends were amazed none the less.,0,0,1,0,1,eng,my friends were amazed none the less
eng_train_track_a_00315,I can't bend or twist my head and no lifting anything over 10 pounds.,0,1,0,1,0,eng,i cant bend or twist my head and no lifting anything over 10 pounds
eng_train_track_a_00316,"I met my best female friend on omegle, she lives 3000 miles away from me and we have never met.",0,1,1,0,1,eng,i met my best female friend on omegle she lives 3000 miles away from me and we have never met
eng_train_track_a_00317,My heart is aching today.,0,1,0,1,0,eng,my heart is aching today
eng_train_track_a_00318,"after the half day practice on wednesday, my arms were literally black and blue!",0,1,0,1,0,eng,after the half day practice on wednesday my arms were literally black and blue
eng_train_track_a_00319,"I tried my best to keep my revulsion hidden, for things like that tend to turn my stomach, especially when the vendors claim that it is art.",0,1,0,1,0,eng,i tried my best to keep my revulsion hidden for things like that tend to turn my stomach especially when the vendors claim that it is art
eng_train_track_a_00320,We never said anything but just continued home.,0,0,0,1,0,eng,we never said anything but just continued home
eng_train_track_a_00321,Standing in court on my 23rd birthday being sentenced was the most ball shattering terrifying moment of my life,0,1,0,1,1,eng,standing in court on my 23rd birthday being sentenced was the most ball shattering terrifying moment of my life
eng_train_track_a_00322,"My ankles were cuffed together, and then pulled over my head and secured to the bottom of the fence as well, catching my heels in the chain link fence.",1,1,0,1,0,eng,my ankles were cuffed together and then pulled over my head and secured to the bottom of the fence as well catching my heels in the chain link fence
eng_train_track_a_00323,Then my heart dropped.,0,1,0,1,0,eng,then my heart dropped
eng_train_track_a_00324,It made me lose my balance and I had to lean against the bar and grab my head.,0,1,0,0,0,eng,it made me lose my balance and i had to lean against the bar and grab my head
eng_train_track_a_00325,"So, I am from a science background and analyze everything skeptically.",0,0,0,0,0,eng,so i am from a science background and analyze everything skeptically
eng_train_track_a_00326,Then it began to snow... hard.,0,1,0,0,1,eng,then it began to snow hard
eng_train_track_a_00327,"I tried to punch him, but my arms were tied behind my back.",1,1,0,0,0,eng,i tried to punch him but my arms were tied behind my back
eng_train_track_a_00328,"Middle school, the entire 8th grade class had to do this thing called a ""cultural fair"" where we research our lineage/cultural roots, and present it after school at night for all families to see.",0,1,1,0,0,eng,middle school the entire 8th grade class had to do this thing called a cultural fair where we research our lineagecultural roots and present it after school at night for all families to see
eng_train_track_a_00329,Actually I remember a couple of little snippets -- at some point my chest hurting really bad and my throat was sore.,0,1,0,1,0,eng,actually i remember a couple of little snippets at some point my chest hurting really bad and my throat was sore
eng_train_track_a_00330,Which means I keep thinking about filing down or knocking off part of my tooth.,0,1,0,0,0,eng,which means i keep thinking about filing down or knocking off part of my tooth
eng_train_track_a_00331,I certainly didn't.,0,0,0,0,0,eng,i certainly didnt
eng_train_track_a_00332,"My skin blossomed in red blisters from the tape and from the places where the sheet was wrinkled against me -- such a Princess and the Pea thing, I know, but fascinating to the medical staff, who declared me to have `` bizarrely soft skin. ''",0,1,0,1,0,eng,my skin blossomed in red blisters from the tape and from the places where the sheet was wrinkled against me such a princess and the pea thing i know but fascinating to the medical staff who declared me to have bizarrely soft skin
eng_train_track_a_00333,I was still naked.,0,1,0,0,1,eng,i was still naked
eng_train_track_a_00334,"Additionally, there was snow on the ground outside, but we found no footprints around the house and no mud or water in the kitchen where the intruder had been walking.",0,1,0,0,1,eng,additionally there was snow on the ground outside but we found no footprints around the house and no mud or water in the kitchen where the intruder had been walking
eng_train_track_a_00335,"Sorry I missed you, call you later.",0,0,1,0,0,eng,sorry i missed you call you later
eng_train_track_a_00336,NEVER saw the kid again.,0,0,0,1,0,eng,never saw the kid again
eng_train_track_a_00337,It was very weird.,0,1,0,0,1,eng,it was very weird
eng_train_track_a_00338,He wrapped his little fingers around mine and my heart melted.,0,0,1,0,0,eng,he wrapped his little fingers around mine and my heart melted
eng_train_track_a_00339,i think its more like i want to write it down so its not trapped inside my head when i die.,0,1,0,1,0,eng,i think its more like i want to write it down so its not trapped inside my head when i die
eng_train_track_a_00340,Twice I got it in my hands but it slipped out and bashed itself into the window again.,1,1,0,0,0,eng,twice i got it in my hands but it slipped out and bashed itself into the window again
eng_train_track_a_00341,"White male, middle aged, male pattern baldness, coke bottle glasses.",0,0,0,0,0,eng,white male middle aged male pattern baldness coke bottle glasses
eng_train_track_a_00342,A flame struck out at my thumb and body and I was taken back by great surprise.,0,1,0,0,1,eng,a flame struck out at my thumb and body and i was taken back by great surprise
eng_train_track_a_00343,Be still my heart.,0,0,1,0,1,eng,be still my heart
eng_train_track_a_00344,This shrapnel bomb shattered the pieces of plastic into my face and legs.,1,1,0,1,1,eng,this shrapnel bomb shattered the pieces of plastic into my face and legs
eng_train_track_a_00345,"I also remember the chandelier campfires, and it was what inspired me for almost a year to tape pieces of mirror under my eyes so I could pretend I was walking on the ceilings ( though I always got a bit freaked out when I walked outside ).",0,1,0,0,0,eng,i also remember the chandelier campfires and it was what inspired me for almost a year to tape pieces of mirror under my eyes so i could pretend i was walking on the ceilings though i always got a bit freaked out when i walked outside
eng_train_track_a_00346,I closed my eyes and more tears glided down my cheeks.,0,0,0,1,0,eng,i closed my eyes and more tears glided down my cheeks
eng_train_track_a_00347,I was walking next to the truck on one of those raised cement curb bumpers when my ankle folded in half.,0,1,0,1,0,eng,i was walking next to the truck on one of those raised cement curb bumpers when my ankle folded in half
eng_train_track_a_00348,That's pretty creepy.,0,1,0,0,1,eng,thats pretty creepy
eng_train_track_a_00349,"Of course, he realizes what she actually said after the fact.",0,0,1,0,1,eng,of course he realizes what she actually said after the fact
eng_train_track_a_00350,"Geez, and I'm having a hard enough time paying for my own wedding!Anyway, I checked flights later in the week only to almost gouge my eyes out when I saw how much flights were now going for.",1,1,0,0,0,eng,geez and im having a hard enough time paying for my own weddinganyway i checked flights later in the week only to almost gouge my eyes out when i saw how much flights were now going for
eng_train_track_a_00351,I'm keeping my fingers and toes crossed for both of them.,0,1,1,0,0,eng,im keeping my fingers and toes crossed for both of them
eng_train_track_a_00352,the blame too easy to place on my shoulders.,1,0,0,1,0,eng,the blame too easy to place on my shoulders
eng_train_track_a_00353,"I also wrote down on a piece of paper ""You are fascinating.",0,0,1,0,0,eng,i also wrote down on a piece of paper you are fascinating
eng_train_track_a_00354,well come to know i slip on the egde of the pool i do this twisting action thing hit my hip or leg on the side of the pool and then fell in with all of my clothes on.,0,1,0,0,1,eng,well come to know i slip on the egde of the pool i do this twisting action thing hit my hip or leg on the side of the pool and then fell in with all of my clothes on
eng_train_track_a_00355,"My shoulder ached but moved all right, and I felt a tightness on my neck.",0,1,0,0,0,eng,my shoulder ached but moved all right and i felt a tightness on my neck
eng_train_track_a_00356,"I keep looking around me, and it seems each time I do, I find more blessings, that have become long lost answers, spread over the forgotten wishes of my heart.",0,0,1,0,0,eng,i keep looking around me and it seems each time i do i find more blessings that have become long lost answers spread over the forgotten wishes of my heart
eng_train_track_a_00357,"Is it too hard to forget someone from the past, i wish i could, but its very hard, I think my heart is too big and i have to much room.",0,0,0,1,0,eng,is it too hard to forget someone from the past i wish i could but its very hard i think my heart is too big and i have to much room
eng_train_track_a_00358,"Fox arose from his limp slumber, And drank cold water From my eyes.",0,0,0,1,0,eng,fox arose from his limp slumber and drank cold water from my eyes
eng_train_track_a_00359,I stop and wait.,0,1,0,0,0,eng,i stop and wait
eng_train_track_a_00360,"I say cool, how did he meet her.",0,0,1,0,1,eng,i say cool how did he meet her
eng_train_track_a_00361,The funeral home has since been shut down.,0,1,0,1,1,eng,the funeral home has since been shut down
eng_train_track_a_00362,"I want to tell him, but I'm not ready to be lectured and have my head chewed off.",1,1,0,0,0,eng,i want to tell him but im not ready to be lectured and have my head chewed off
eng_train_track_a_00363,It leaves both my hands free to be able to type.,0,0,1,0,0,eng,it leaves both my hands free to be able to type
eng_train_track_a_00364,My brain's been cooking up too many ideas that I can't even write out for future references.,0,1,0,0,0,eng,my brains been cooking up too many ideas that i cant even write out for future references
eng_train_track_a_00365,I have never been so embarrassed.,0,1,0,1,0,eng,i have never been so embarrassed
eng_train_track_a_00366,Ill pay you back!,0,0,1,0,0,eng,ill pay you back
eng_train_track_a_00367,"This did not seem to be a malicious spirit, just curious.",0,1,0,0,1,eng,this did not seem to be a malicious spirit just curious
eng_train_track_a_00368,The asphalt was so hot it had burned the balls of my feet to the point of blistering from standing on it.,1,1,0,0,0,eng,the asphalt was so hot it had burned the balls of my feet to the point of blistering from standing on it
eng_train_track_a_00369,"In order to buy food at the festival, you have to go to a tent and buy food tickets.",0,0,0,0,0,eng,in order to buy food at the festival you have to go to a tent and buy food tickets
eng_train_track_a_00370,"Broke up a bit later, pretty sure she was/is bipolar.",1,1,0,1,0,eng,broke up a bit later pretty sure she wasis bipolar
eng_train_track_a_00371,"I remembered how I dragged his box into the bedroom and the way we had fallen asleep together, my arm dangling over the side of the bed to comfort him.",0,0,1,0,0,eng,i remembered how i dragged his box into the bedroom and the way we had fallen asleep together my arm dangling over the side of the bed to comfort him
eng_train_track_a_00372,My friend set me up on a blind date with this woman.,0,1,1,0,1,eng,my friend set me up on a blind date with this woman
eng_train_track_a_00373,"I have a temperature, stomach cramps and a rash all over my chest and trunk.",0,1,0,1,0,eng,i have a temperature stomach cramps and a rash all over my chest and trunk
eng_train_track_a_00374,And probably murder me.,0,1,0,0,0,eng,and probably murder me
eng_train_track_a_00375,"I went up on stage and sang my heart out, and afterwards signed up to sing another song with Becca ( alas we ran out of time ), and though I don't know any dance moves, I got a bit of a rythm, so it was all good!",0,0,1,0,0,eng,i went up on stage and sang my heart out and afterwards signed up to sing another song with becca alas we ran out of time and though i dont know any dance moves i got a bit of a rythm so it was all good
eng_train_track_a_00376,melancholy I got up for work this morning and turned on the news like usual but i heard a story that broke my heart and brought me to tears.,0,1,0,1,0,eng,melancholy i got up for work this morning and turned on the news like usual but i heard a story that broke my heart and brought me to tears
eng_train_track_a_00377,And now my lips are sealed.,0,0,0,0,0,eng,and now my lips are sealed
eng_train_track_a_00378,I could not believe how fast it went considering I had to stay on my back the whole labor.,0,1,0,0,1,eng,i could not believe how fast it went considering i had to stay on my back the whole labor
eng_train_track_a_00379,"I first had weakness in my left hand and gradually lost the use of my hands, arms and legs.",0,1,0,1,0,eng,i first had weakness in my left hand and gradually lost the use of my hands arms and legs
eng_train_track_a_00380,Grief does funny things.,0,1,0,1,1,eng,grief does funny things
eng_train_track_a_00381,"It wasn't easy, I told myself; I was running short of breaths and I believed my face was red and then pale ( or was it the other way round? )",0,1,0,1,0,eng,it wasnt easy i told myself i was running short of breaths and i believed my face was red and then pale or was it the other way round
eng_train_track_a_00382,I put my hands over my face and went back into my room.,0,1,0,1,0,eng,i put my hands over my face and went back into my room
eng_train_track_a_00383,But I really do know it is my heart speaking through me and i am being taken over by the heart and not the mind i feel inspired.,0,0,1,0,0,eng,but i really do know it is my heart speaking through me and i am being taken over by the heart and not the mind i feel inspired
eng_train_track_a_00384,"That was a 16 hour day, 19 for most people, except I pulled a muscle in my back and couldn't move without being in excruciating pain.",0,1,0,1,0,eng,that was a 16 hour day 19 for most people except i pulled a muscle in my back and couldnt move without being in excruciating pain
eng_train_track_a_00385,"I was just determined to do it, got my head down and went ahead with it.",0,0,1,0,0,eng,i was just determined to do it got my head down and went ahead with it
eng_train_track_a_00386,Whatever was stuffing up my head yesterday moved into my chest.,0,1,0,1,0,eng,whatever was stuffing up my head yesterday moved into my chest
eng_train_track_a_00387,"Ah, internet dating, it's a fun world.",0,0,1,0,0,eng,ah internet dating its a fun world
eng_train_track_a_00388,"With this holy oath I set my foot upon the path, the Druid's Way, and I vow to make my dedication plain.",0,0,1,0,0,eng,with this holy oath i set my foot upon the path the druids way and i vow to make my dedication plain
eng_train_track_a_00389,I decide to stay awake and just well sit on my laptop.,0,0,0,0,0,eng,i decide to stay awake and just well sit on my laptop
eng_train_track_a_00390,That was 21 years ago.,0,0,0,1,0,eng,that was 21 years ago
eng_train_track_a_00391,he got pretty fucking scared and started sprinting away from me.,0,1,0,0,1,eng,he got pretty fucking scared and started sprinting away from me
eng_train_track_a_00392,I caught a quite a few rip-able one and was really relishing the new board under my feet.,0,0,1,0,0,eng,i caught a quite a few ripable one and was really relishing the new board under my feet
eng_train_track_a_00393,"Curtain pulled back, I shield my eyes for a moment, glare adjustment then neon colour washes over my face -- slack-jawed, open-mouthed awe $",0,0,1,0,1,eng,curtain pulled back i shield my eyes for a moment glare adjustment then neon colour washes over my face slackjawed openmouthed awe
eng_train_track_a_00394,So I go to the doctor and I tell him about getting the sharp pain in my back and how that hasn't gone away and how my hand is numb.,0,1,0,0,0,eng,so i go to the doctor and i tell him about getting the sharp pain in my back and how that hasnt gone away and how my hand is numb
eng_train_track_a_00395,I go to New York City about once a year to visit family.,0,0,1,0,0,eng,i go to new york city about once a year to visit family
eng_train_track_a_00396,The children felt like they were being told telepathically that there was great danger ahead.,0,1,0,0,1,eng,the children felt like they were being told telepathically that there was great danger ahead
eng_train_track_a_00397,*** It was 11:45 pm when my cell phone buzzed in my pocket and my eyes fluttered open.,0,0,0,0,1,eng,it was 1145 pm when my cell phone buzzed in my pocket and my eyes fluttered open
eng_train_track_a_00398,More news as soon as I can get my head around it.,0,1,0,0,0,eng,more news as soon as i can get my head around it
eng_train_track_a_00399,The next day the drain clogged up.,1,0,0,0,0,eng,the next day the drain clogged up
eng_train_track_a_00400,"And all of the other daily dramas that are taking up the forefront of my mind -- jobs and friends and family and bills and snow and more about the jobs -- all of these things are nothing to my heart, which just keeps on beating, keeps on doing its job.",0,0,0,0,0,eng,and all of the other daily dramas that are taking up the forefront of my mind jobs and friends and family and bills and snow and more about the jobs all of these things are nothing to my heart which just keeps on beating keeps on doing its job
eng_train_track_a_00401,"It was a weird feeling, building up in my chest and my head and then it all switched and I couldn't turn it back!Seriously, try it!First of all, I started off right-brained.",0,1,0,0,1,eng,it was a weird feeling building up in my chest and my head and then it all switched and i couldnt turn it backseriously try itfirst of all i started off rightbrained
eng_train_track_a_00402,"`` Out of my mouth came, `` I didn't see Creepy... `` First of all my brain did not process, that I was trying to even say anything.",0,1,0,0,1,eng,out of my mouth came i didnt see creepy first of all my brain did not process that i was trying to even say anything
eng_train_track_a_00403,The gust grew stronger and stronger till I felt I was about to be lifted from my feet.,0,1,0,0,1,eng,the gust grew stronger and stronger till i felt i was about to be lifted from my feet
eng_train_track_a_00404,I was taken away and never saw him get up.,0,1,0,1,0,eng,i was taken away and never saw him get up
eng_train_track_a_00405,"I take his word for it, and close my eyes.",0,0,0,0,0,eng,i take his word for it and close my eyes
eng_train_track_a_00406,You can tell he puts *a lot* of time into it.,0,0,1,0,0,eng,you can tell he puts a lot of time into it
eng_train_track_a_00407,Her are a few things that went through my head.,0,1,0,0,0,eng,her are a few things that went through my head
eng_train_track_a_00408,Her hair a mess and her words strained.,0,1,0,1,0,eng,her hair a mess and her words strained
eng_train_track_a_00409,more funny than creepy being on this side of the story:,0,1,1,0,1,eng,more funny than creepy being on this side of the story
eng_train_track_a_00410,"Nobody had lived there in a very, very long time.",0,1,0,1,1,eng,nobody had lived there in a very very long time
eng_train_track_a_00411,"Grandma leaned forward, let out a sigh of relief and died.",0,1,0,1,1,eng,grandma leaned forward let out a sigh of relief and died
eng_train_track_a_00412,I have to go deep in myself not to walk down the familiar streets in my head.,0,1,0,1,0,eng,i have to go deep in myself not to walk down the familiar streets in my head
eng_train_track_a_00413,"My eyes scanned the place, looking for Cody and I found him; wrestling on the sand with monkey boy for a volleyball.",0,0,1,0,0,eng,my eyes scanned the place looking for cody and i found him wrestling on the sand with monkey boy for a volleyball
eng_train_track_a_00414,"I can't stand the gelatinous tomato soup bit, or the soggy noodle letters, or the taste.",1,1,0,0,0,eng,i cant stand the gelatinous tomato soup bit or the soggy noodle letters or the taste
eng_train_track_a_00415,I had worked and my hand's still hurt and all kinds of bullshit lazy Cleo reasons for not going out and having fun when I have time.,1,1,0,1,0,eng,i had worked and my hands still hurt and all kinds of bullshit lazy cleo reasons for not going out and having fun when i have time
eng_train_track_a_00416,Both times catastrophically embarrassing for me.,0,1,0,1,0,eng,both times catastrophically embarrassing for me
eng_train_track_a_00417,there are just 2 small parts that stick out in my head and make me so happy.,0,0,1,0,0,eng,there are just 2 small parts that stick out in my head and make me so happy
eng_train_track_a_00418,I could not wipe the smile off my face.,0,0,1,0,0,eng,i could not wipe the smile off my face
eng_train_track_a_00419,I was so eager and excited to leave to the point I had butterflies in my stomach.,0,0,1,0,0,eng,i was so eager and excited to leave to the point i had butterflies in my stomach
eng_train_track_a_00420,"My eyes popped open, and logic dictated that I should let her go.",0,1,0,0,1,eng,my eyes popped open and logic dictated that i should let her go
eng_train_track_a_00421,I was horribly mistaken.,0,1,0,1,1,eng,i was horribly mistaken
eng_train_track_a_00422,He looked completely lost.,0,1,0,1,0,eng,he looked completely lost
eng_train_track_a_00423,"I cleaned naked, I cooked naked, I ate naked, I drove him around naked, I waited in the car naked.",0,1,0,0,1,eng,i cleaned naked i cooked naked i ate naked i drove him around naked i waited in the car naked
eng_train_track_a_00424,"i didn't mind because the track was awesome and i wasn't too tired, i just had a huge blister on my thumb.",0,0,1,0,0,eng,i didnt mind because the track was awesome and i wasnt too tired i just had a huge blister on my thumb
eng_train_track_a_00425,"The wind was in my face, and my nose was cold.",0,1,0,0,0,eng,the wind was in my face and my nose was cold
eng_train_track_a_00426,My grandfather was a keen hunter.,0,0,0,0,0,eng,my grandfather was a keen hunter
eng_train_track_a_00427,"Several bees had managed to penetrate right through the gloves, but I know there must have been more since I think I must have put my hands right into the top of the nest.I tried some vinegar to ease the pain: no luck.",0,1,0,0,0,eng,several bees had managed to penetrate right through the gloves but i know there must have been more since i think i must have put my hands right into the top of the nesti tried some vinegar to ease the pain no luck
eng_train_track_a_00428,Barbell Rows 6 x 4 x 185 # The SSB absolutely tore up my back.,0,0,0,1,0,eng,barbell rows 6 x 4 x 185 the ssb absolutely tore up my back
eng_train_track_a_00429,Totally creeped me out.,0,1,0,0,1,eng,totally creeped me out
eng_train_track_a_00430,There was something about the way it was moving that didn't look or feel right.,0,1,0,0,1,eng,there was something about the way it was moving that didnt look or feel right
eng_train_track_a_00431,"We all decided to calm down, we thought that it was probably something when your phone activates something, thats all.",0,1,0,0,1,eng,we all decided to calm down we thought that it was probably something when your phone activates something thats all
eng_train_track_a_00432,You can move it.,0,0,0,0,0,eng,you can move it
eng_train_track_a_00433,"Sometimes the two colide so well together, my house becomes as much of a mess as my head is and it's emberassing to show.",0,1,0,1,0,eng,sometimes the two colide so well together my house becomes as much of a mess as my head is and its emberassing to show
eng_train_track_a_00434,"Once that whole thing was all over and done with, my nose began to tickle uncontrollably.",0,0,0,0,0,eng,once that whole thing was all over and done with my nose began to tickle uncontrollably
eng_train_track_a_00435,"I was ecstatic, but the joy was fleeting.",0,0,1,1,0,eng,i was ecstatic but the joy was fleeting
eng_train_track_a_00436,"Within a minute my arm had swollen up, it was sore and bruised.",0,1,0,1,0,eng,within a minute my arm had swollen up it was sore and bruised
eng_train_track_a_00437,My hand shook on the trigger as the sight of my rifle fell upon my enemy.,0,1,0,0,0,eng,my hand shook on the trigger as the sight of my rifle fell upon my enemy
eng_train_track_a_00438,"I have lots of acquaintances, and a few people that I hang out with on a regular basis, but I still haven't found a friend that I actually like a whole lot, because after maybe a month or four, everyone that I get semi-close to starts to get on my nerves.",1,1,0,0,0,eng,i have lots of acquaintances and a few people that i hang out with on a regular basis but i still havent found a friend that i actually like a whole lot because after maybe a month or four everyone that i get semiclose to starts to get on my nerves
eng_train_track_a_00439,"Friend is gay, one of his freshman roommates tried to kill him by putting isopropyl alcohol in his vodka.",1,1,0,1,1,eng,friend is gay one of his freshman roommates tried to kill him by putting isopropyl alcohol in his vodka
eng_train_track_a_00440,"*With a screech, the green witch snatched her broom and flew out her window.",0,1,0,0,1,eng,with a screech the green witch snatched her broom and flew out her window
eng_train_track_a_00441,The day was hot and still; the air lay close against my face.,0,0,0,0,0,eng,the day was hot and still the air lay close against my face
eng_train_track_a_00442,"Not a great first impression, but we brush it off.",1,0,1,0,0,eng,not a great first impression but we brush it off
eng_train_track_a_00443,My stomach is ichy and achy.,0,1,0,1,0,eng,my stomach is ichy and achy
eng_train_track_a_00444,He ran outside with it to find this man at the bottom of our driveway.,0,1,0,0,1,eng,he ran outside with it to find this man at the bottom of our driveway
eng_train_track_a_00445,"It will not be my dream job, but it will be okay.",0,0,1,1,0,eng,it will not be my dream job but it will be okay
eng_train_track_a_00446,I couldn't stop crying.,0,1,0,1,0,eng,i couldnt stop crying
eng_train_track_a_00447,By the time we left bloomingdales I could have collapsed but I genuinely think I was numb from the horrific pain in my feet.,0,1,0,1,0,eng,by the time we left bloomingdales i could have collapsed but i genuinely think i was numb from the horrific pain in my feet
eng_train_track_a_00448,my face was gaunt and thin and my eyes sunked in to my head.,0,1,0,1,0,eng,my face was gaunt and thin and my eyes sunked in to my head
eng_train_track_a_00449,"She closed her eyes for a moment, the air stinging them.",0,1,0,0,0,eng,she closed her eyes for a moment the air stinging them
eng_train_track_a_00450,We stop dead in our tracks.,0,1,0,0,1,eng,we stop dead in our tracks
eng_train_track_a_00451,"My knees put an end to that pretty quickly, but not bad for the first time.",0,0,1,0,0,eng,my knees put an end to that pretty quickly but not bad for the first time
eng_train_track_a_00452,We send holiday wishes and we have invitations to dinner if ever in the same city (never taken up)  I could have gotten impatient and angry about the mix ups but a little patience and common courtesy has turned him into a friend.,0,0,1,0,0,eng,we send holiday wishes and we have invitations to dinner if ever in the same city never taken up i could have gotten impatient and angry about the mix ups but a little patience and common courtesy has turned him into a friend
eng_train_track_a_00453,pounding my fists and screaming to a god that is not there; it's sad there had to be a battle sad i had to loose.,1,1,0,1,0,eng,pounding my fists and screaming to a god that is not there its sad there had to be a battle sad i had to loose
eng_train_track_a_00454,"The smell of rain, the feel of the drops against my skin, all were welcome feelings.",0,0,1,0,0,eng,the smell of rain the feel of the drops against my skin all were welcome feelings
eng_train_track_a_00455,By this time the day was heating up and I tied my jacket around my waist.,0,0,0,0,0,eng,by this time the day was heating up and i tied my jacket around my waist
eng_train_track_a_00456,Boy was I wrong.,0,1,0,1,1,eng,boy was i wrong
eng_train_track_a_00457,at first was okay when i let my sleeve down during duty was like so freaking warm inside my hand please.,0,0,1,0,0,eng,at first was okay when i let my sleeve down during duty was like so freaking warm inside my hand please
eng_train_track_a_00458,"Vomit lots, and lots.",0,1,0,0,0,eng,vomit lots and lots
eng_train_track_a_00459,It felt like someone was squeezing my heart.,0,1,0,1,0,eng,it felt like someone was squeezing my heart
eng_train_track_a_00460,What didn't feel great was my throat and lungs.,0,1,0,1,0,eng,what didnt feel great was my throat and lungs
eng_train_track_a_00461,"When she decided it was time to go back to my stall, I didn't want to leave and I pretended I didn't know she was asking me to pick up my head.",0,1,0,1,0,eng,when she decided it was time to go back to my stall i didnt want to leave and i pretended i didnt know she was asking me to pick up my head
eng_train_track_a_00462,"I heard and felt my rib give where it was recently cracked, and I'm pretty certain it cracked again.",0,1,0,1,0,eng,i heard and felt my rib give where it was recently cracked and im pretty certain it cracked again
eng_train_track_a_00463,He was my dad.,0,0,0,1,0,eng,he was my dad
eng_train_track_a_00464,"Lots of lies, deceit, and manipulation.",1,1,0,1,0,eng,lots of lies deceit and manipulation
eng_train_track_a_00465,"The light pierced through my half lidded eyes and I winced, squeezing my eyes shut once more.",0,1,0,0,0,eng,the light pierced through my half lidded eyes and i winced squeezing my eyes shut once more
eng_train_track_a_00466,"He saw blood and said,  ""Mommy!",0,1,0,1,1,eng,he saw blood and said mommy
eng_train_track_a_00467,One time she showed up to my door wearing a long coat and nothing but stockings and heels underneath.,0,1,0,0,1,eng,one time she showed up to my door wearing a long coat and nothing but stockings and heels underneath
eng_train_track_a_00468,"Eventually, the cramps went away, but left my feet feeling sore and uncomfortable.",0,1,0,1,0,eng,eventually the cramps went away but left my feet feeling sore and uncomfortable
eng_train_track_a_00469,They wanted to open the Femoral artery in my right leg and insert a long tube up towards my heart.,0,1,0,0,0,eng,they wanted to open the femoral artery in my right leg and insert a long tube up towards my heart
eng_train_track_a_00470,"My latest conquest, so proud they'd be.",0,0,1,0,0,eng,my latest conquest so proud theyd be
eng_train_track_a_00471,My heart shattered into a million little pieces.,0,0,0,1,0,eng,my heart shattered into a million little pieces
eng_train_track_a_00472,It hurt so much.,0,1,0,1,0,eng,it hurt so much
eng_train_track_a_00473,"My mouth gets dry, I feel like I'm not breathing, my heart is beating too fast, and then my legs start spasming ( shaking just doesn't seem to be the right word ).",0,1,0,0,0,eng,my mouth gets dry i feel like im not breathing my heart is beating too fast and then my legs start spasming shaking just doesnt seem to be the right word
eng_train_track_a_00474,"it ended quickly, amidst lots of petty jealousy.",1,0,0,1,0,eng,it ended quickly amidst lots of petty jealousy
eng_train_track_a_00475,"When they got back I was slumped on the couch with my back to the door, playing on a laptop.",0,0,0,0,0,eng,when they got back i was slumped on the couch with my back to the door playing on a laptop
eng_train_track_a_00476,"I sighed heavily and flipped the blade in my hand, gently pressing the hilt to his forehead.",1,1,0,0,0,eng,i sighed heavily and flipped the blade in my hand gently pressing the hilt to his forehead
eng_train_track_a_00477,the odds are phenomenal.,0,0,1,0,1,eng,the odds are phenomenal
eng_train_track_a_00478,A smile spread across my face.,0,0,1,0,0,eng,a smile spread across my face
eng_train_track_a_00479,"If your family gets sick, please leave your door open.",0,1,0,0,0,eng,if your family gets sick please leave your door open
eng_train_track_a_00480,"I started out the run, and before too long something caught my eye in the snow.",0,0,0,0,1,eng,i started out the run and before too long something caught my eye in the snow
eng_train_track_a_00481,"I walked into the coffee shop, my eyelids straining to get out of my pupils ' way.",0,1,0,0,0,eng,i walked into the coffee shop my eyelids straining to get out of my pupils way
eng_train_track_a_00482,"My stomach felt a bit queasy all day yesterday so it was difficult for me to eat a lot, but I managed to have half a banana and a lot of water immediately after the race.",0,1,0,1,0,eng,my stomach felt a bit queasy all day yesterday so it was difficult for me to eat a lot but i managed to have half a banana and a lot of water immediately after the race
eng_train_track_a_00483,& # x 26; nbsp; The rocks were so slippery and I kept bending my ankle between rocks.,0,1,0,0,0,eng,x 26 nbsp the rocks were so slippery and i kept bending my ankle between rocks
eng_train_track_a_00484,The look of shock on his sugar-infused face will be seared into my memory until the end of time.,0,1,0,0,1,eng,the look of shock on his sugarinfused face will be seared into my memory until the end of time
eng_train_track_a_00485,This said brand canceled their contract with them as well.,0,0,0,1,1,eng,this said brand canceled their contract with them as well
eng_train_track_a_00486,I would then freeze with fear.,0,1,0,0,0,eng,i would then freeze with fear
eng_train_track_a_00487,He didn't swerve.,0,1,0,0,0,eng,he didnt swerve
eng_train_track_a_00488,"No footprints in the snow, no houses, nothing.",0,1,0,1,1,eng,no footprints in the snow no houses nothing
eng_train_track_a_00489,I couldn't put my finger on it.,0,1,0,0,1,eng,i couldnt put my finger on it
eng_train_track_a_00490,He let a raccoon into our house.,1,1,0,0,1,eng,he let a raccoon into our house
eng_train_track_a_00491,This was last year.,0,0,0,0,0,eng,this was last year
eng_train_track_a_00492,Whats a typical possession?,0,0,0,0,1,eng,whats a typical possession
eng_train_track_a_00493,I'm not sure I really even knew what the movie was about by the time it was done because my nerves were completely shot.,0,1,0,0,0,eng,im not sure i really even knew what the movie was about by the time it was done because my nerves were completely shot
eng_train_track_a_00494,"I can see you, I can see you, I can see you.",0,1,0,0,1,eng,i can see you i can see you i can see you
eng_train_track_a_00495,"I squeeze my eyes shut to stop the replaying of frames I've just witnessed, tighten my legs, and point my toes which I always do when I want to come.",0,1,0,0,0,eng,i squeeze my eyes shut to stop the replaying of frames ive just witnessed tighten my legs and point my toes which i always do when i want to come
eng_train_track_a_00496,"I looked down at my feet, and saw that the waves had kicked up some of her trash.",0,0,0,0,0,eng,i looked down at my feet and saw that the waves had kicked up some of her trash
eng_train_track_a_00497,I did most of the skills ok but when I had to remove my mask I paniced and couldnt breathe properly and the instructor had to pinch my nose to help me!,0,1,0,0,0,eng,i did most of the skills ok but when i had to remove my mask i paniced and couldnt breathe properly and the instructor had to pinch my nose to help me
eng_train_track_a_00498,"2 minutes later, I hear sobbing coming from the toilet.",0,1,0,1,0,eng,2 minutes later i hear sobbing coming from the toilet
eng_train_track_a_00499,"The feeling in my stomach, I can not bear.",0,1,0,1,0,eng,the feeling in my stomach i can not bear
eng_train_track_a_00500,I have to admit that when I started reading Terri's raves for the electrolyte supplement called Endurolytes on her Middle of the Pack Girl blog I sorta rolled my eyes.,1,0,0,0,0,eng,i have to admit that when i started reading terris raves for the electrolyte supplement called endurolytes on her middle of the pack girl blog i sorta rolled my eyes
eng_train_track_a_00501,My ankle somehow blew up again ( I had a severe sprain in December as in my ankle literally did a 180 and somehow didn't break.,0,1,0,1,0,eng,my ankle somehow blew up again i had a severe sprain in december as in my ankle literally did a 180 and somehow didnt break
eng_train_track_a_00502,Focusing half my brain on the maniac and the other half on my son and with a police officer in the phone.,0,1,0,0,0,eng,focusing half my brain on the maniac and the other half on my son and with a police officer in the phone
eng_train_track_a_00503,"If something goes wrong, so be it, its life, nobody is perfect.",0,0,1,0,0,eng,if something goes wrong so be it its life nobody is perfect
eng_train_track_a_00504,and we blame it all on faulty wiring.,0,0,0,0,1,eng,and we blame it all on faulty wiring
eng_train_track_a_00505,"Now, we've got a good size-family, so this would mean things like inviting one cousin that she'd met, but not their parents or siblings that lived out of town, etc.",0,0,1,0,0,eng,now weve got a good sizefamily so this would mean things like inviting one cousin that shed met but not their parents or siblings that lived out of town etc
eng_train_track_a_00506,"It felt good in my hands, it felt RIGHT.",0,0,1,0,0,eng,it felt good in my hands it felt right
eng_train_track_a_00507,"But she doesn't know how much I ache whenever she touches me with those hands, those eyes, those lips, that ache that connects my heart, my gut, and my cunt in one fell swoop.",1,0,0,1,0,eng,but she doesnt know how much i ache whenever she touches me with those hands those eyes those lips that ache that connects my heart my gut and my cunt in one fell swoop
eng_train_track_a_00508,I just wanted him to feel how crappy it was to be robbed.,1,1,0,0,0,eng,i just wanted him to feel how crappy it was to be robbed
eng_train_track_a_00509,"I lowered my head so it fell across my face, a good excuse not to look directly at Cody.",0,1,0,0,0,eng,i lowered my head so it fell across my face a good excuse not to look directly at cody
eng_train_track_a_00510,One night I woke up to a strange noise in the corner of my room so I look over and see this huge guy in a trench coat and a hat standing in the corner of my room.,0,1,0,0,1,eng,one night i woke up to a strange noise in the corner of my room so i look over and see this huge guy in a trench coat and a hat standing in the corner of my room
eng_train_track_a_00511,It was drug related.,0,1,0,1,0,eng,it was drug related
eng_train_track_a_00512,I will never forget that night.,0,1,0,1,1,eng,i will never forget that night
eng_train_track_a_00513,"' Then, I focused my eyes and looked at it again and saw $ 24.99 and was a little disappointed.",0,0,0,1,0,eng,then i focused my eyes and looked at it again and saw 2499 and was a little disappointed
eng_train_track_a_00514,I closed my eyes really tight.,0,1,0,0,0,eng,i closed my eyes really tight
eng_train_track_a_00515,"Sadly we lost, but at the end of the game he came up to me, and shook my hand this time.",0,0,1,1,0,eng,sadly we lost but at the end of the game he came up to me and shook my hand this time
eng_train_track_a_00516,"I sensed, and then saw four short (about 3 feet tall), gray-colored 'beings' with large dark eyes next to my side of the bed (on my left).",0,1,0,0,1,eng,i sensed and then saw four short about 3 feet tall graycolored beings with large dark eyes next to my side of the bed on my left
eng_train_track_a_00517,I was wearing 45spf sunscreen and I still got some colour on my forearms.,0,1,0,0,0,eng,i was wearing 45spf sunscreen and i still got some colour on my forearms
eng_train_track_a_00518,My throat hurts!,0,1,0,0,0,eng,my throat hurts
eng_train_track_a_00519,"My knee was bound in an ace bandage and I could walk without limping, but still.",0,1,0,1,0,eng,my knee was bound in an ace bandage and i could walk without limping but still
eng_train_track_a_00520,The doctor had me put my feet in the stirrups and raised the chair and tilted me back.,0,1,0,0,0,eng,the doctor had me put my feet in the stirrups and raised the chair and tilted me back
eng_train_track_a_00521,I raised my eyebrows suspiciously.,0,1,0,0,0,eng,i raised my eyebrows suspiciously
eng_train_track_a_00522,"As I lay in grief, my stomach, a deep bottomless pit, wrestles for food.",0,1,0,1,0,eng,as i lay in grief my stomach a deep bottomless pit wrestles for food
eng_train_track_a_00523,It was the first blog of many that I wrote about having cancer on my nose.,0,1,0,1,0,eng,it was the first blog of many that i wrote about having cancer on my nose
eng_train_track_a_00524,"The lady with the suction thing kept getting it stuck on my tongue so it made this weird duck noise, which made me giggle nervously and delay the entire procedure.",0,1,1,0,1,eng,the lady with the suction thing kept getting it stuck on my tongue so it made this weird duck noise which made me giggle nervously and delay the entire procedure
eng_train_track_a_00525,"It cost us a lot of energy and strength, and my palms still hurt from dragging the damn suitcase, I limp when I walk from all the running and exhaustion $ but I'm home.",0,1,0,1,0,eng,it cost us a lot of energy and strength and my palms still hurt from dragging the damn suitcase i limp when i walk from all the running and exhaustion but im home
eng_train_track_a_00526,"And through all this, she smiled and was positive and still views it as a perfect day.",0,0,1,0,0,eng,and through all this she smiled and was positive and still views it as a perfect day
eng_train_track_a_00527,I rolled my eyes.,1,0,0,0,0,eng,i rolled my eyes
eng_train_track_a_00528,It was just garbled.,0,1,0,0,1,eng,it was just garbled
eng_train_track_a_00529,I tried to understand the thoughts and mixed emotions that were running through my head.,0,1,0,0,0,eng,i tried to understand the thoughts and mixed emotions that were running through my head
eng_train_track_a_00530,I could not believe my eyes.,0,0,0,0,1,eng,i could not believe my eyes
eng_train_track_a_00531,My feet were pretty sore and I was complaining about how I wish I could sit down.,0,1,0,1,0,eng,my feet were pretty sore and i was complaining about how i wish i could sit down
eng_train_track_a_00532,My heart immediately hurt.,0,1,0,1,0,eng,my heart immediately hurt
eng_train_track_a_00533,"I could see the texture of the paint on the wall beside my head, and the texture of the fake wood closet doors, the cradle beneath the window.",0,0,0,0,0,eng,i could see the texture of the paint on the wall beside my head and the texture of the fake wood closet doors the cradle beneath the window
eng_train_track_a_00534,I had a dream one night of a golden-haired child.,0,0,1,0,1,eng,i had a dream one night of a goldenhaired child
eng_train_track_a_00535,"Buried, alone, and sad.",0,1,0,1,0,eng,buried alone and sad
eng_train_track_a_00536,"I was aghast but attempted to help her, so as not to tear the dress or hurt my arms.",0,1,0,0,0,eng,i was aghast but attempted to help her so as not to tear the dress or hurt my arms
eng_train_track_a_00537,She shows up to work the next day with bruises It was too much to handle.,0,1,0,1,1,eng,she shows up to work the next day with bruises it was too much to handle
eng_train_track_a_00538,"My stomach had been upset and was bothering me since I woke up, so I stopped at Sonic and got a Sunrise Smoothie for breakfast before heading to work.",0,1,0,1,0,eng,my stomach had been upset and was bothering me since i woke up so i stopped at sonic and got a sunrise smoothie for breakfast before heading to work
eng_train_track_a_00539,I stopped and picked up handfuls of it and tried to pack it together into a ball but it fell out of my hands like dust.,0,1,0,1,0,eng,i stopped and picked up handfuls of it and tried to pack it together into a ball but it fell out of my hands like dust
eng_train_track_a_00540,my lungs and chest have hurt for 6 days straight.,0,1,0,1,0,eng,my lungs and chest have hurt for 6 days straight
eng_train_track_a_00541,I could feel it running along my neck until it reached my shirt and soaked in.,0,1,0,0,0,eng,i could feel it running along my neck until it reached my shirt and soaked in
eng_train_track_a_00542,"In fact, my early life had so many of these kinds of influences, it's hard to remember them all; various ways and means that taught me to associate the motifs rambling around in my head with eventual written notes on a page.",0,0,0,0,0,eng,in fact my early life had so many of these kinds of influences its hard to remember them all various ways and means that taught me to associate the motifs rambling around in my head with eventual written notes on a page
eng_train_track_a_00543,Grandma died of an massive heart attack before our daughter was born.,0,1,0,1,0,eng,grandma died of an massive heart attack before our daughter was born
eng_train_track_a_00544,"There's all this stuff I got ta do, and all the while there's this constant nagging thought in the back of my head ` should I really be here?",0,1,0,0,0,eng,theres all this stuff i got ta do and all the while theres this constant nagging thought in the back of my head should i really be here
eng_train_track_a_00545,It was psychological torture...,1,1,0,1,0,eng,it was psychological torture
eng_train_track_a_00546,I was wearing khaki pants.,0,0,0,0,0,eng,i was wearing khaki pants
eng_train_track_a_00547,I hollered but nobody came to see it.,1,1,0,1,1,eng,i hollered but nobody came to see it
eng_train_track_a_00548,He also had me march in place and stop to see how my feet naturally align.,0,1,0,0,0,eng,he also had me march in place and stop to see how my feet naturally align
eng_train_track_a_00549,i had dirt all over my face which was different... I guess but it was cool!,0,0,1,0,0,eng,i had dirt all over my face which was different i guess but it was cool
eng_train_track_a_00550,"Exactly a year ago i remember sitting at home on my laptop, talking to adam and whoever else, it wasnt quit as cold as it has been lately and i remember having a huge smile on my face.",0,0,1,1,0,eng,exactly a year ago i remember sitting at home on my laptop talking to adam and whoever else it wasnt quit as cold as it has been lately and i remember having a huge smile on my face
eng_train_track_a_00551,"I think I watched the last 20 laps holding my breath, and the last ten with my hands over my eyes.",0,1,0,0,0,eng,i think i watched the last 20 laps holding my breath and the last ten with my hands over my eyes
eng_train_track_a_00552,"There was years of ""stuff"" in the house.",0,0,0,1,1,eng,there was years of stuff in the house
eng_train_track_a_00553,is in my eyes... see... Heh.,0,0,1,0,0,eng,is in my eyes see heh
eng_train_track_a_00554,"Now I'm awake, the knot is gone but my muscles are sore and I still have to make a conscious effort to relax or the pain comes back a little.",0,1,0,0,0,eng,now im awake the knot is gone but my muscles are sore and i still have to make a conscious effort to relax or the pain comes back a little
eng_train_track_a_00555,"26 January 2011 @ 04:45 pm Boys & Girls 718 Crawled out of bed at a disgraceful hour, was stuffing my face with chocolate cereal... The doorbell rings REALLY violently-you know people can ring the doorbell really commandingly and scairly, yeah like that.",0,1,0,0,0,eng,26 january 2011 0445 pm boys girls 718 crawled out of bed at a disgraceful hour was stuffing my face with chocolate cereal the doorbell rings really violentlyyou know people can ring the doorbell really commandingly and scairly yeah like that
eng_train_track_a_00556,We headed north on a sunny Saturday morning in what has become our standard mode of travel-Todd with the steering wheel in one hand and a cup of coffee in the other; me with my nose buried in a book.,0,0,1,0,0,eng,we headed north on a sunny saturday morning in what has become our standard mode of traveltodd with the steering wheel in one hand and a cup of coffee in the other me with my nose buried in a book
eng_train_track_a_00557,I looked down to find five small white arrows piercing my chest.,0,1,0,1,1,eng,i looked down to find five small white arrows piercing my chest
eng_train_track_a_00558,I've never gone back there.,0,1,0,1,0,eng,ive never gone back there
eng_train_track_a_00559,My heart sank.,0,0,0,1,0,eng,my heart sank
eng_train_track_a_00560,This is pretty tame.,0,0,1,0,0,eng,this is pretty tame
eng_train_track_a_00561,The parallel universe answering machine:,0,0,0,0,1,eng,the parallel universe answering machine
eng_train_track_a_00562,Hoping this isn't too late to post.,0,1,0,1,0,eng,hoping this isnt too late to post
eng_train_track_a_00563,"The file it was supposed to play became completely corrupt, and I had a very strange nightmare.",0,1,0,1,1,eng,the file it was supposed to play became completely corrupt and i had a very strange nightmare
eng_train_track_a_00564,Called it right away.,0,0,0,0,0,eng,called it right away
eng_train_track_a_00565,My legs felt weak.,0,1,0,0,0,eng,my legs felt weak
eng_train_track_a_00566,"Back to my dear old pals at the walk-in clinic to get a prescription for better eyedrops.Oh, and my throat hurts like hell again.",0,1,0,1,0,eng,back to my dear old pals at the walkin clinic to get a prescription for better eyedropsoh and my throat hurts like hell again
eng_train_track_a_00567,"It is a huge property with an 1850's settlement house, large interpretive/nature center, replica native american village, and about 100 acres of old growth oak forrest with hiking trails.",0,0,1,0,1,eng,it is a huge property with an 1850s settlement house large interpretivenature center replica native american village and about 100 acres of old growth oak forrest with hiking trails
eng_train_track_a_00568,I shall now write an abridged version of the second chapter: Chapter 2 I blinked and rubbed my eyes.,0,0,0,0,0,eng,i shall now write an abridged version of the second chapter chapter 2 i blinked and rubbed my eyes
eng_train_track_a_00569,"My knees remained together throughout, but my clitty kept becoming excited.",0,1,0,0,0,eng,my knees remained together throughout but my clitty kept becoming excited
eng_train_track_a_00570,My sleepy head forced me to sleep and my eyelids felt very heavy that I had to surrender and doze off.,0,0,0,0,0,eng,my sleepy head forced me to sleep and my eyelids felt very heavy that i had to surrender and doze off
eng_train_track_a_00571,Mile 20 my feet were starting to get mad.,0,1,0,0,0,eng,mile 20 my feet were starting to get mad
eng_train_track_a_00572,Our hands outstretched for the most amazing high five of my life.,0,0,1,0,1,eng,our hands outstretched for the most amazing high five of my life
eng_train_track_a_00573,"We paid $269 for our standby tickets, and one first-class seat was about $11,000.",1,0,0,0,1,eng,we paid 269 for our standby tickets and one firstclass seat was about 11000
eng_train_track_a_00574,"Then, we issued the first strike.",1,1,0,0,0,eng,then we issued the first strike
eng_train_track_a_00575,"i later figured out from the doctor that even though my arm was broken, i was impailed by something metal off the other drivers car and was told that i wasn't going to make it.",1,1,0,1,1,eng,i later figured out from the doctor that even though my arm was broken i was impailed by something metal off the other drivers car and was told that i wasnt going to make it
eng_train_track_a_00576,Immediately I regretted leaving behind my sunglasses as my eyes switched to squint mode to protect themselves.,0,1,0,0,0,eng,immediately i regretted leaving behind my sunglasses as my eyes switched to squint mode to protect themselves
eng_train_track_a_00577,"Our G-mail accounts are one letter apart, mine having an ""L"" in the middle for my middle initial.",0,0,1,0,1,eng,our gmail accounts are one letter apart mine having an l in the middle for my middle initial
eng_train_track_a_00578,"My face is cold, and my hands are guilty.",0,1,0,1,0,eng,my face is cold and my hands are guilty
eng_train_track_a_00579,"My last sentence was ""I know you're right but still"".",0,0,0,1,0,eng,my last sentence was i know youre right but still
eng_train_track_a_00580,I feel like Ted the Sad Sap.,0,0,0,1,0,eng,i feel like ted the sad sap
eng_train_track_a_00581,"The hand returned, a welcoming gesture, an unwelcome sensation.",1,1,0,1,1,eng,the hand returned a welcoming gesture an unwelcome sensation
eng_train_track_a_00582,My parents took me up there for my 16th birthday.,0,0,1,0,0,eng,my parents took me up there for my 16th birthday
eng_train_track_a_00583,"Nothing there, but the sound was still going on, and sounded like it was right there.",0,1,0,0,1,eng,nothing there but the sound was still going on and sounded like it was right there
eng_train_track_a_00584,What did I see?,0,1,0,0,1,eng,what did i see
eng_train_track_a_00585,My brain is like mush.,0,1,0,1,0,eng,my brain is like mush
eng_train_track_a_00586,"""   best friends ever since",0,0,1,0,0,eng,best friends ever since
eng_train_track_a_00587,In the eastern States right up to my neck of the woods in Canada.,0,0,0,0,0,eng,in the eastern states right up to my neck of the woods in canada
eng_train_track_a_00588,So it's been hanging over my head.,0,1,0,1,1,eng,so its been hanging over my head
eng_train_track_a_00589,I lost my job.,0,1,0,1,0,eng,i lost my job
eng_train_track_a_00590,"Pauly and I went over to the PokerStars party and I downed some pork tenderloin, caesar salad, and tortellini with pesto sauce along with one Bahama Mama ( a tasty pink rum concoction ) to settle my nerves.",0,1,1,0,0,eng,pauly and i went over to the pokerstars party and i downed some pork tenderloin caesar salad and tortellini with pesto sauce along with one bahama mama a tasty pink rum concoction to settle my nerves
eng_train_track_a_00591,"I put em in a bowl anyway, brushed my teeth, chugged a smoothy and went to work.",0,0,0,0,0,eng,i put em in a bowl anyway brushed my teeth chugged a smoothy and went to work
eng_train_track_a_00592,She was an ugly and weird girl.,1,0,0,0,0,eng,she was an ugly and weird girl
eng_train_track_a_00593,I never close my eyes.,0,1,0,1,0,eng,i never close my eyes
eng_train_track_a_00594,"I've never seen my mom drunk before, never since.",0,1,0,1,1,eng,ive never seen my mom drunk before never since
eng_train_track_a_00595,"But for this time, I took my heart with me, to indulge myself into the song after I seen Sarah blogging in her post; I can feel what she is feeling.",0,0,1,0,0,eng,but for this time i took my heart with me to indulge myself into the song after i seen sarah blogging in her post i can feel what she is feeling
eng_train_track_a_00596,""" As much as i urge for the answer no stranger seems to talk about it.",1,1,0,1,1,eng,as much as i urge for the answer no stranger seems to talk about it
eng_train_track_a_00597,"Once, while lying in bed falling asleep, I felt that the zombie apocalypse was beginning at that very moment.",0,1,0,0,1,eng,once while lying in bed falling asleep i felt that the zombie apocalypse was beginning at that very moment
eng_train_track_a_00598,"Needless to say, we were gone that day.",0,1,0,0,1,eng,needless to say we were gone that day
eng_train_track_a_00599,"All on my lonesome, thanks for all the encouragement, it was worth it, I went on Wednesday morning and it still hurts to sit down / raise my arms / move, but especially my triceps.",0,0,0,1,0,eng,all on my lonesome thanks for all the encouragement it was worth it i went on wednesday morning and it still hurts to sit down raise my arms move but especially my triceps
eng_train_track_a_00600,I tried to be a fly on the wall for them.,0,1,0,0,0,eng,i tried to be a fly on the wall for them
eng_train_track_a_00601,"It was absolutely delicious and I enjoyed every bite, trying to push guilty thoughts out of my head, although I couldn't stop thinking all afternoon about how many calories must have been in there!",0,1,1,0,0,eng,it was absolutely delicious and i enjoyed every bite trying to push guilty thoughts out of my head although i couldnt stop thinking all afternoon about how many calories must have been in there
eng_train_track_a_00602,I suffered from severe trauma as a child.,0,1,0,1,0,eng,i suffered from severe trauma as a child
eng_train_track_a_00603,"It was a perfectly clear night, and I mean like we could see the Milky Way.",0,0,1,0,1,eng,it was a perfectly clear night and i mean like we could see the milky way
eng_train_track_a_00604,I've never gone back.,0,1,0,1,0,eng,ive never gone back
eng_train_track_a_00605,"Because neither of us could drive, he also had to go to dinner with the other two beforehand and meet up with me at the show.",0,1,0,0,0,eng,because neither of us could drive he also had to go to dinner with the other two beforehand and meet up with me at the show
eng_train_track_a_00606,"Its like a dream, flying through my head.",0,0,1,0,0,eng,its like a dream flying through my head
eng_train_track_a_00607,"My heart, it was finally home.",0,0,1,0,0,eng,my heart it was finally home
eng_train_track_a_00608,"( my foot, i think, had stopped bleeding for the most part by now. )",0,1,0,0,0,eng,my foot i think had stopped bleeding for the most part by now
eng_train_track_a_00609,"So, for the second time in less than twenty minutes, Ive had my dream crushed and my blood pressure boiling.",1,1,0,1,0,eng,so for the second time in less than twenty minutes ive had my dream crushed and my blood pressure boiling
eng_train_track_a_00610,"but, within seconds i regained myself and pulled off the rings on my fingers and went after the manic destroying all perceptions of herself.",1,0,0,0,0,eng,but within seconds i regained myself and pulled off the rings on my fingers and went after the manic destroying all perceptions of herself
eng_train_track_a_00611,"I suppose I could put a piece of my heart in there, too, since our children are exactly that, aren't they?",0,0,0,0,0,eng,i suppose i could put a piece of my heart in there too since our children are exactly that arent they
eng_train_track_a_00612,On march 25 2008 i broke my first bones i broke my hand and 1 finger so far but after i broke it i still went and played with my friends i never knew i broke it so i plsyed air soft and rode a motor bike it was fun then my mom was cureios so we went to the docters office and i got a thing like a half cast i broke my right hand so i cant write very well and its weird havin a splint thing.,0,1,1,1,0,eng,on march 25 2008 i broke my first bones i broke my hand and 1 finger so far but after i broke it i still went and played with my friends i never knew i broke it so i plsyed air soft and rode a motor bike it was fun then my mom was cureios so we went to the docters office and i got a thing like a half cast i broke my right hand so i cant write very well and its weird havin a splint thing
eng_train_track_a_00613,"My ankle is feeling 100x better, but now my knee is ridiculous swollen.",0,0,1,1,0,eng,my ankle is feeling 100x better but now my knee is ridiculous swollen
eng_train_track_a_00614,""" It was super creepy.",0,1,0,0,1,eng,it was super creepy
eng_train_track_a_00615,"Me: ""Negative, you'll never catch me.",0,1,1,0,1,eng,me negative youll never catch me
eng_train_track_a_00616,"My head throbbed with every word that was spoken and while I had ignored it, it was getting to be too much.",0,1,0,1,0,eng,my head throbbed with every word that was spoken and while i had ignored it it was getting to be too much
eng_train_track_a_00617,"and then i feel my heart join in the fun, crazy racing rabbit shit.",0,0,1,0,0,eng,and then i feel my heart join in the fun crazy racing rabbit shit
eng_train_track_a_00618,Wait around... Getting pissed.,1,1,0,0,0,eng,wait around getting pissed
eng_train_track_a_00619,I try to slow down things.,0,1,0,0,0,eng,i try to slow down things
eng_train_track_a_00620,"I used to play halo semi professionally, I know a ton of ppl on xbox live and have met a good amount of them in person at tournaments but a lot I still haven't.",0,0,1,0,0,eng,i used to play halo semi professionally i know a ton of ppl on xbox live and have met a good amount of them in person at tournaments but a lot i still havent
eng_train_track_a_00621,Open to close person.,0,0,0,0,0,eng,open to close person
eng_train_track_a_00622,"But here I am sitting at my computer at work, when I begin to relive the whole episode over in my head.",0,1,0,1,0,eng,but here i am sitting at my computer at work when i begin to relive the whole episode over in my head
eng_train_track_a_00623,"The sun seems brighter on those mornings, head clearer, mind sharper, expertly spreading happiness with my eyes.",0,0,1,0,0,eng,the sun seems brighter on those mornings head clearer mind sharper expertly spreading happiness with my eyes
eng_train_track_a_00624,"And I said, `` Hey wait a second, one of the songs titles sounds familiar... `` AFTER MONTHS OF WRACKING MY BRAIN, I HAVE THE TITLE AND SONG ITSELF.",0,0,1,0,1,eng,and i said hey wait a second one of the songs titles sounds familiar after months of wracking my brain i have the title and song itself
eng_train_track_a_00625,this person i saw was a shadow and pitch black.,0,1,0,0,1,eng,this person i saw was a shadow and pitch black
eng_train_track_a_00626,"Yesterday my back stared killing me, by 4:30 the pain was unbearable.",0,1,0,1,0,eng,yesterday my back stared killing me by 430 the pain was unbearable
eng_train_track_a_00627,"Warm, salty tears slowly rolled down my face and made my goggles wet.",0,0,0,1,0,eng,warm salty tears slowly rolled down my face and made my goggles wet
eng_train_track_a_00628,"In other news, my hand is killing me.",0,1,0,1,0,eng,in other news my hand is killing me
eng_train_track_a_00629,Shortly after finishing university I had what I think of as my first successful  independent adult relationship.,0,0,1,0,0,eng,shortly after finishing university i had what i think of as my first successful independent adult relationship
eng_train_track_a_00630,"Leaning my head back into the basin, I close my eyes and as the young girl behind me streams hot water through my hair, I feel the jangling tension slowly subsiding inside my body.",0,0,1,0,0,eng,leaning my head back into the basin i close my eyes and as the young girl behind me streams hot water through my hair i feel the jangling tension slowly subsiding inside my body
eng_train_track_a_00631,is fatalistic but explains too many things conveniently in my life for my continued use to repeat in my head.,0,1,0,1,0,eng,is fatalistic but explains too many things conveniently in my life for my continued use to repeat in my head
eng_train_track_a_00632,"Now the sunshine is out and bright against my right side of my face, just like it was after I had my hair done.",0,0,1,0,0,eng,now the sunshine is out and bright against my right side of my face just like it was after i had my hair done
eng_train_track_a_00633,"I saw that, too.",0,0,0,0,1,eng,i saw that too
eng_train_track_a_00634,Talk about nerve-racking.,0,1,0,0,0,eng,talk about nerveracking
eng_train_track_a_00635,This will probably get buried but...,0,1,0,1,0,eng,this will probably get buried but
eng_train_track_a_00636,I had a really nice boss and a kush part-time accounting job during college.,0,0,1,0,0,eng,i had a really nice boss and a kush parttime accounting job during college
eng_train_track_a_00637,"For example, if I'm standing at a bank of elevators, I'll mindlessly choose one, stand in front of it, and it'll be the first one to arrive.",0,0,1,0,1,eng,for example if im standing at a bank of elevators ill mindlessly choose one stand in front of it and itll be the first one to arrive
eng_train_track_a_00638,"Suddenly, this bright white flashing light goes off.",0,1,0,0,1,eng,suddenly this bright white flashing light goes off
eng_train_track_a_00639,"I sat up, turned, and saw two glowing green eyes.",0,1,0,0,1,eng,i sat up turned and saw two glowing green eyes
eng_train_track_a_00640,I used to be a miner.,0,0,0,1,0,eng,i used to be a miner
eng_train_track_a_00641,There was chinchilla poop *everywhere*.,1,1,0,0,1,eng,there was chinchilla poop everywhere
eng_train_track_a_00642,I get extreme anxiety from this.,0,1,0,0,0,eng,i get extreme anxiety from this
eng_train_track_a_00643,After about 30 seconds something in my brain clicked and seemed to indicate to me that my front door does not in fact open by pushing the button repeatedly on my car's key less entry thingie.,0,0,1,0,1,eng,after about 30 seconds something in my brain clicked and seemed to indicate to me that my front door does not in fact open by pushing the button repeatedly on my cars key less entry thingie
eng_train_track_a_00644,Luckily fellow first grade students were awesome and they either felt sorry for me or completely forgot about it the next day.,0,0,1,1,0,eng,luckily fellow first grade students were awesome and they either felt sorry for me or completely forgot about it the next day
eng_train_track_a_00645,That same ragged breath.,0,1,0,1,0,eng,that same ragged breath
eng_train_track_a_00646,He shat himself TERRIBLY and ran home.,0,1,0,0,1,eng,he shat himself terribly and ran home
eng_train_track_a_00647,I guess my eyebrows were missing each other and needed to grow closer... and so they were really trying to get super close.,0,0,1,0,0,eng,i guess my eyebrows were missing each other and needed to grow closer and so they were really trying to get super close
eng_train_track_a_00648,"wishing i had triple a, i stick out my thumb.",0,0,0,0,0,eng,wishing i had triple a i stick out my thumb
eng_train_track_a_00649,I must have been only six years old when this happened.,0,0,0,0,0,eng,i must have been only six years old when this happened
eng_train_track_a_00650,"I have another drink, punch his number into my phone and rest my thumb on the call button.",0,1,0,0,0,eng,i have another drink punch his number into my phone and rest my thumb on the call button
eng_train_track_a_00651,Don't mess with my orange juice.,1,0,0,0,0,eng,dont mess with my orange juice
eng_train_track_a_00652,it was really strange since I braced to hit the wall and ended up falling to the ground.,0,1,0,0,1,eng,it was really strange since i braced to hit the wall and ended up falling to the ground
eng_train_track_a_00653,"Oh well, Bride's Day, Bride's Way!",0,0,1,0,0,eng,oh well brides day brides way
eng_train_track_a_00654,"Shortly, he went to lie on the couch and fell asleep.",0,0,1,0,0,eng,shortly he went to lie on the couch and fell asleep
eng_train_track_a_00655,Least odd bit of these three stories:,0,0,0,0,1,eng,least odd bit of these three stories
eng_train_track_a_00656,I also danced so much that my calves hurt for 3 days.,0,0,1,0,0,eng,i also danced so much that my calves hurt for 3 days
eng_train_track_a_00657,"When I was raised, my parents had a strict religious work ethic.",0,0,0,1,0,eng,when i was raised my parents had a strict religious work ethic
eng_train_track_a_00658,I've been feeling some weird guilt.,0,1,0,1,0,eng,ive been feeling some weird guilt
eng_train_track_a_00659,"' ( today ) So the story of my grandparents ' illness continues... I'm scorching my tongue on coffee, and my head on looking at the screen.",0,1,0,1,0,eng,today so the story of my grandparents illness continues im scorching my tongue on coffee and my head on looking at the screen
eng_train_track_a_00660,Hit it off really well.,0,0,1,0,0,eng,hit it off really well
eng_train_track_a_00661,I had my eye on the fabric for months.,0,0,1,0,0,eng,i had my eye on the fabric for months
eng_train_track_a_00662,I am still getting used to getting my feet in and out of the clips on the spd pedals.,0,1,0,0,0,eng,i am still getting used to getting my feet in and out of the clips on the spd pedals
eng_train_track_a_00663,i brush my teeth at least twice a day.,0,0,0,0,0,eng,i brush my teeth at least twice a day
eng_train_track_a_00664,"i got a labrador puppy for my 4th birthday, greatest present ever.",0,0,1,0,1,eng,i got a labrador puppy for my 4th birthday greatest present ever
eng_train_track_a_00665,"Shadows Falls new CD `` Threads of Life '', in my eyes, can be placed alongside '' The Art of Balance '' and `` The War Within ''.",0,0,1,0,0,eng,shadows falls new cd threads of life in my eyes can be placed alongside the art of balance and the war within
eng_train_track_a_00666,"""Jeff what is that?",0,1,0,0,1,eng,jeff what is that
eng_train_track_a_00667,"Un-luckily, I missed two days of work last week; the day the nurse told me to go home, and Thursday, because my throat was so sore waking up that I couldn't talk.",0,1,0,1,0,eng,unluckily i missed two days of work last week the day the nurse told me to go home and thursday because my throat was so sore waking up that i couldnt talk
eng_train_track_a_00668,I don't need this job and you know it.,1,0,0,0,0,eng,i dont need this job and you know it
eng_train_track_a_00669,"My parents kept yelling while I walked into the living room and started watching tv, knife still protruding from my lung.",1,1,0,1,1,eng,my parents kept yelling while i walked into the living room and started watching tv knife still protruding from my lung
eng_train_track_a_00670,I am so afraid of sleeping on my back that I don't sleep well during the night.,0,1,0,0,0,eng,i am so afraid of sleeping on my back that i dont sleep well during the night
eng_train_track_a_00671,I will probably die never knowing more of him.,0,1,0,1,0,eng,i will probably die never knowing more of him
eng_train_track_a_00672,`` I brought my hand up to my forehead and gave him a salute.,0,0,0,0,0,eng,i brought my hand up to my forehead and gave him a salute
eng_train_track_a_00673,Until then I'm just a ghost in the shadows... A very odd ghost that knows her throwaway,0,1,0,1,1,eng,until then im just a ghost in the shadows a very odd ghost that knows her throwaway
eng_train_track_a_00674,Posted by Melissa at 10:29 AM Atrial Fibrillation Revisit At the end of lunch on Tuesday I felt my heart start racing.,0,1,0,0,0,eng,posted by melissa at 1029 am atrial fibrillation revisit at the end of lunch on tuesday i felt my heart start racing
eng_train_track_a_00675,"She laughs, because she's so very nervous.",0,1,1,0,0,eng,she laughs because shes so very nervous
eng_train_track_a_00676,I look underhand nothing was there.,0,1,0,0,1,eng,i look underhand nothing was there
eng_train_track_a_00677,"some days its like there is a fog sitting on top of my brain, and i can't seem to get rid of it.",0,1,0,1,0,eng,some days its like there is a fog sitting on top of my brain and i cant seem to get rid of it
eng_train_track_a_00678,"So, in order to impress her I put on a brave face and shook my head with a scoff.",0,0,0,0,0,eng,so in order to impress her i put on a brave face and shook my head with a scoff
eng_train_track_a_00679,The person becomes extremely powerful,0,1,0,0,1,eng,the person becomes extremely powerful
eng_train_track_a_00680,"is not an option, by it's me in my natural pajama-clad state with no make-up aside from some optical enhancement that didn't want to wash off, without done-up hair, and with the zit on my forehead that I've been battling for about a week free and red and proud, and that's the spirit of the meme, correct?",0,0,0,1,0,eng,is not an option by its me in my natural pajamaclad state with no makeup aside from some optical enhancement that didnt want to wash off without doneup hair and with the zit on my forehead that ive been battling for about a week free and red and proud and thats the spirit of the meme correct
eng_train_track_a_00681,Or luck out and get a perfectly sane person.,0,1,1,0,0,eng,or luck out and get a perfectly sane person
eng_train_track_a_00682,Never found anything... kind of spooky.,0,1,0,0,1,eng,never found anything kind of spooky
eng_train_track_a_00683,"But I am exhausted-my eyes feel like they are about to pop out of my head-I need some soothing music and images to help my mediate, even for a few minutes, just take me away $ # 365 yoga Monday's Musical Meditation: 0 minutes ago early night-first day of work after mat.",0,1,0,1,0,eng,but i am exhaustedmy eyes feel like they are about to pop out of my headi need some soothing music and images to help my mediate even for a few minutes just take me away 365 yoga mondays musical meditation 0 minutes ago early nightfirst day of work after mat
eng_train_track_a_00684,All the changes get thrown out of the window as I attempt to keep my head above water during this 4-day work week before the July 4th weekend.,0,1,0,0,0,eng,all the changes get thrown out of the window as i attempt to keep my head above water during this 4day work week before the july 4th weekend
eng_train_track_a_00685,another thing that bothers me is that sometimes i stick my neck out for people at work and i do nt even get a thank you.,1,0,0,0,0,eng,another thing that bothers me is that sometimes i stick my neck out for people at work and i do nt even get a thank you
eng_train_track_a_00686,"As I started running I heard him say again ""I'm going to get you!",0,1,0,0,1,eng,as i started running i heard him say again im going to get you
eng_train_track_a_00687,"I felt sick to my stomach with fear, and struggled against every ounce of strength I had when he finally untied me from my chair.",0,1,0,1,0,eng,i felt sick to my stomach with fear and struggled against every ounce of strength i had when he finally untied me from my chair
eng_train_track_a_00688,I really need it for my face as I'm getting a little wind burn.,0,0,0,0,0,eng,i really need it for my face as im getting a little wind burn
eng_train_track_a_00689,We ordered some food at Mcdonalds instead of buying food at the theatre because of the ridiculous prices the theatre has.,1,0,0,0,0,eng,we ordered some food at mcdonalds instead of buying food at the theatre because of the ridiculous prices the theatre has
eng_train_track_a_00690,""" best friends ever since",0,0,1,0,0,eng,best friends ever since
eng_train_track_a_00691,"then this foul stench hits my nose, like someone had taken a shit in a pair of socks and then worn them for a week straight.",1,0,0,0,0,eng,then this foul stench hits my nose like someone had taken a shit in a pair of socks and then worn them for a week straight
eng_train_track_a_00692,"I feela little better, but my ears are popping, and my nose is running so muchthat I'm thinking I need to get stock in Puffs Tissues.",0,1,0,0,0,eng,i feela little better but my ears are popping and my nose is running so muchthat im thinking i need to get stock in puffs tissues
eng_train_track_a_00693,Who loses a sock?,1,0,0,0,1,eng,who loses a sock
eng_train_track_a_00694,"The breeze was fresh and the sky was a soft pink with the sun softly shining over the roof tops... and there was the black woman walking down the road near me and she was singing and it was quite soothing... and it all made me think and smile... but then, It made me start to question things and my head got really tangled in its `` happiness '' and... now I feel quite tender and sensitive over nothing.",0,1,1,1,1,eng,the breeze was fresh and the sky was a soft pink with the sun softly shining over the roof tops and there was the black woman walking down the road near me and she was singing and it was quite soothing and it all made me think and smile but then it made me start to question things and my head got really tangled in its happiness and now i feel quite tender and sensitive over nothing
eng_train_track_a_00695,and it constantly feels like thoughts are racing through my head.,0,1,0,1,0,eng,and it constantly feels like thoughts are racing through my head
eng_train_track_a_00696,Sadly we have yet to act on this brilliant plan.,0,0,0,1,0,eng,sadly we have yet to act on this brilliant plan
eng_train_track_a_00697,I even wrote on my hand so I could remember it the next morning.,0,0,0,0,0,eng,i even wrote on my hand so i could remember it the next morning
eng_train_track_a_00698,"As a person diagnosed with Bipolar Disorder, I was the crazy ex-girlfriend.",0,1,0,1,0,eng,as a person diagnosed with bipolar disorder i was the crazy exgirlfriend
eng_train_track_a_00699,"I cried, every time.",0,0,0,1,0,eng,i cried every time
eng_train_track_a_00700,My brother noticed my face was really red.,0,0,0,0,0,eng,my brother noticed my face was really red
eng_train_track_a_00701,I honestly didnt know how to handle this.,0,1,0,1,0,eng,i honestly didnt know how to handle this
eng_train_track_a_00702,"The cold air brushed against my face as I sat on the swing in our backyard, I wasn't swinging, I only sat there watching, waiting.",0,0,0,1,0,eng,the cold air brushed against my face as i sat on the swing in our backyard i wasnt swinging i only sat there watching waiting
eng_train_track_a_00703,I mean I know you like her and everything but I beat you to it man!,0,0,1,0,0,eng,i mean i know you like her and everything but i beat you to it man
eng_train_track_a_00704,"Ok so here I am trying to just sit down and write some of the really neat things that floated through my head today at work, and as soon as I get to a point when I don't have someone staring at me, all that beautiful crap flies right out of my ear and goes away... I think I left the AC on again.",0,0,0,0,0,eng,ok so here i am trying to just sit down and write some of the really neat things that floated through my head today at work and as soon as i get to a point when i dont have someone staring at me all that beautiful crap flies right out of my ear and goes away i think i left the ac on again
eng_train_track_a_00705,"blank I had a dull throbbing pain in my arm yesterday which i took painkillers for, but ended up waking up at 4:00 am this morning with it still in pain.",0,1,0,1,0,eng,blank i had a dull throbbing pain in my arm yesterday which i took painkillers for but ended up waking up at 400 am this morning with it still in pain
eng_train_track_a_00706,He acted confused about the whole incident.,0,1,0,0,1,eng,he acted confused about the whole incident
eng_train_track_a_00707,"When I was 10, we had to paint birds for art, I was pretty good at art but a girl copied my exact one, even though we had to do different ones and I was not pleased.",1,0,0,0,1,eng,when i was 10 we had to paint birds for art i was pretty good at art but a girl copied my exact one even though we had to do different ones and i was not pleased
eng_train_track_a_00708,You are the demon.,1,1,0,0,1,eng,you are the demon
eng_train_track_a_00709,it splatterd HOT cleaning product everywhere and that burnt my arm and left a mark...,1,1,0,1,0,eng,it splatterd hot cleaning product everywhere and that burnt my arm and left a mark
eng_train_track_a_00710,I guess those 3 beers I drank down at 6 went straight to my head.,0,0,1,0,0,eng,i guess those 3 beers i drank down at 6 went straight to my head
eng_train_track_a_00711,I was less sad about missing my birthday though and more sad about missing her.,0,0,0,1,0,eng,i was less sad about missing my birthday though and more sad about missing her
eng_train_track_a_00712,It was deleted without any human interaction.,1,0,0,0,1,eng,it was deleted without any human interaction
eng_train_track_a_00713,Luckily the security guard is cool with me and let me stay.,0,0,1,0,0,eng,luckily the security guard is cool with me and let me stay
eng_train_track_a_00714,I thought maybe the warmth of my skin could coax the color back into existence.,0,0,0,0,0,eng,i thought maybe the warmth of my skin could coax the color back into existence
eng_train_track_a_00715,"Brushing myself off, I ate one of the apples I had It wasn't until I felt cold that a hand touched my shoulder and caused me to jump.",0,1,0,0,1,eng,brushing myself off i ate one of the apples i had it wasnt until i felt cold that a hand touched my shoulder and caused me to jump
eng_train_track_a_00716,"I now wore a 36B bra, and my waist was down to 25 inches, but she insisted.",0,0,0,0,0,eng,i now wore a 36b bra and my waist was down to 25 inches but she insisted
eng_train_track_a_00717,Then she told me it might be due to the new birth control pills she started soon after I left.,0,1,0,1,1,eng,then she told me it might be due to the new birth control pills she started soon after i left
eng_train_track_a_00718,My Spanish language skills were fairly basic.,0,1,0,0,0,eng,my spanish language skills were fairly basic
eng_train_track_a_00719,"I woke with a start, a sudden chill that spread to the tip of my nose, and found a small note resting delicately on my sheets beside my hand.",0,1,0,0,1,eng,i woke with a start a sudden chill that spread to the tip of my nose and found a small note resting delicately on my sheets beside my hand
eng_train_track_a_00720,"My dad was, and is, an avid cyclist.",0,0,1,0,0,eng,my dad was and is an avid cyclist
eng_train_track_a_00721,"Just Women I occasionally went out with, but, never anything serious.",0,0,0,1,0,eng,just women i occasionally went out with but never anything serious
eng_train_track_a_00722,It became second nature to just put my toys up against eachother so they could protect me as I slept.,0,1,0,1,0,eng,it became second nature to just put my toys up against eachother so they could protect me as i slept
eng_train_track_a_00723,We had recently transferred G to his own bedroom and crib from a cradle that was still in the master bedroom.,0,0,1,0,0,eng,we had recently transferred g to his own bedroom and crib from a cradle that was still in the master bedroom
eng_train_track_a_00724,The treatment for my original complaint consisted of some chiropractic manipulation of my hip and pressure onto certain nerves ( which was painful but better afterwards ) and then a marvellous half an hour of lying still with aromatic herbs massaged into my lower back and an assortment of needles inserted at strategic points.,0,0,1,0,0,eng,the treatment for my original complaint consisted of some chiropractic manipulation of my hip and pressure onto certain nerves which was painful but better afterwards and then a marvellous half an hour of lying still with aromatic herbs massaged into my lower back and an assortment of needles inserted at strategic points
eng_train_track_a_00725,My dad was a trucker for most of my life.,0,0,0,0,0,eng,my dad was a trucker for most of my life
eng_train_track_a_00726,"As I put my foot on the floortiles, and started moving towards my computer, in the darkness of the room, a dark small rodent figure ran from under the computer to the other corner of the room-hiding behind some drawers.At this point everybody were awake and I had my boost of adrenaline-like the ancient cavemen heading for a hunt.",0,1,0,0,1,eng,as i put my foot on the floortiles and started moving towards my computer in the darkness of the room a dark small rodent figure ran from under the computer to the other corner of the roomhiding behind some drawersat this point everybody were awake and i had my boost of adrenalinelike the ancient cavemen heading for a hunt
eng_train_track_a_00727,"But when i see, what i'm missing I just can't take it SO here i sit miserably all alone... Its your eyes and your smile that puts the beat in my heart And to know I can't have this just tears me apart....",0,1,0,1,0,eng,but when i see what im missing i just cant take it so here i sit miserably all alone its your eyes and your smile that puts the beat in my heart and to know i cant have this just tears me apart
eng_train_track_a_00728,I looked down at my hands.,0,0,0,0,0,eng,i looked down at my hands
eng_train_track_a_00729,"Today, I got my hands dirty with the boys shoveling dirt, tossing rocks, and gathering up bits of rotten wood, all of which the excavator dug up yesterday and left in a big, unsightly pile.",0,0,1,0,0,eng,today i got my hands dirty with the boys shoveling dirt tossing rocks and gathering up bits of rotten wood all of which the excavator dug up yesterday and left in a big unsightly pile
eng_train_track_a_00730,Then things get weird.,0,1,0,0,1,eng,then things get weird
eng_train_track_a_00731,"Anyway, she tried her best to ignore the noise and hours later, fell asleep despite being so freaked out.",0,1,0,0,0,eng,anyway she tried her best to ignore the noise and hours later fell asleep despite being so freaked out
eng_train_track_a_00732,Nevertheless I pulled my hand away.,0,1,0,0,0,eng,nevertheless i pulled my hand away
eng_train_track_a_00733,""" and told me ""Spook"" was racist.",1,1,0,0,1,eng,and told me spook was racist
eng_train_track_a_00734,"Nothing, so if i can illuminate the flying object, then i will have a rough estimate about its height.",0,1,0,0,1,eng,nothing so if i can illuminate the flying object then i will have a rough estimate about its height
eng_train_track_a_00735,& # x 26; nbsp; Walking back in the sun was not fun for my feet.,0,1,0,0,0,eng,x 26 nbsp walking back in the sun was not fun for my feet
eng_train_track_a_00736,"I could have gone inside, explored more, done so much more but I wasn't accustom to this laid back run down place yet, a part of me still watched every car that drove by and looked over my shoulder every few seconds.",0,1,0,1,0,eng,i could have gone inside explored more done so much more but i wasnt accustom to this laid back run down place yet a part of me still watched every car that drove by and looked over my shoulder every few seconds
eng_train_track_a_00737,"Can't beat OP, but my life is the epitome of awkward.",0,1,1,1,0,eng,cant beat op but my life is the epitome of awkward
eng_train_track_a_00738,"I thought it was beautiful, but I was pretty sure it was extensions since it was extraordinarily long.",0,0,1,0,1,eng,i thought it was beautiful but i was pretty sure it was extensions since it was extraordinarily long
eng_train_track_a_00739,I learned a lot about my teeth during my visit today.,0,0,1,0,0,eng,i learned a lot about my teeth during my visit today
eng_train_track_a_00740,I fuckin tear up whenever I think about this.,0,1,0,1,0,eng,i fuckin tear up whenever i think about this
eng_train_track_a_00741,but my eyes didn't seem to shut.,0,1,0,1,0,eng,but my eyes didnt seem to shut
eng_train_track_a_00742,I can even lift my arms above my head.,0,0,1,0,0,eng,i can even lift my arms above my head
eng_train_track_a_00743,I want to do more with my brain and experience more of what it is capable of.,0,0,1,0,0,eng,i want to do more with my brain and experience more of what it is capable of
eng_train_track_a_00744,"She had a fish tank with two fish, a bottom feeder and an angel fish.",0,0,1,0,0,eng,she had a fish tank with two fish a bottom feeder and an angel fish
eng_train_track_a_00745,This was the worse night of my life.,0,1,0,1,0,eng,this was the worse night of my life
eng_train_track_a_00746,WTF do you do?,1,1,0,0,1,eng,wtf do you do
eng_train_track_a_00747,Met a lot of random canadians that night.,0,0,1,0,1,eng,met a lot of random canadians that night
eng_train_track_a_00748,"My heart feels like someone tore it out, stomped the shit out of it, spit on it and jammed it back into my chest.",1,1,0,1,0,eng,my heart feels like someone tore it out stomped the shit out of it spit on it and jammed it back into my chest
eng_train_track_a_00749,"I thought we were going to go into a different lane about 10 different times, and once I ended up going backwards down the hill on my stomach.",0,1,0,0,1,eng,i thought we were going to go into a different lane about 10 different times and once i ended up going backwards down the hill on my stomach
eng_train_track_a_00750,"Bella, I'm so happy that you're home. I smiled as tears slid down my cheeks.",0,0,1,0,0,eng,bella im so happy that youre home i smiled as tears slid down my cheeks
eng_train_track_a_00751,"Without a sensible thought in my head, I got out of the car.",0,1,0,0,0,eng,without a sensible thought in my head i got out of the car
eng_train_track_a_00752,I'm going to write now that my fingers are numb from typing this all.,0,1,0,0,0,eng,im going to write now that my fingers are numb from typing this all
eng_train_track_a_00753,"That boy, who was probably very mentally ill,  had just been stabbed god knows how many times.",1,1,0,1,1,eng,that boy who was probably very mentally ill had just been stabbed god knows how many times
eng_train_track_a_00754,my neck is reversed.,0,1,0,0,0,eng,my neck is reversed
eng_train_track_a_00755,Do we just leave?,0,1,0,0,1,eng,do we just leave
eng_train_track_a_00756,"After like two seconds of that, we start *flying* forward and *smash through the parking barrier*, stopping *right by* the edge of the street.",0,1,1,0,1,eng,after like two seconds of that we start flying forward and smash through the parking barrier stopping right by the edge of the street
eng_train_track_a_00757,She said she wasn't going to be at school for at least a week.,0,1,0,0,1,eng,she said she wasnt going to be at school for at least a week
eng_train_track_a_00758,I was eating at an Ethiopian cafe the other day.,0,0,1,0,0,eng,i was eating at an ethiopian cafe the other day
eng_train_track_a_00759,After having a couple different catheters in my chest for the last two years.,0,1,0,1,0,eng,after having a couple different catheters in my chest for the last two years
eng_train_track_a_00760,That was poop on her Croc.,0,0,0,0,1,eng,that was poop on her croc
eng_train_track_a_00761,"She said she agree with me but didn't know how to leave... To that, I shrugged my shoulders, shit I know how, pack your shit and leave... I mean, you know?",1,0,0,0,0,eng,she said she agree with me but didnt know how to leave to that i shrugged my shoulders shit i know how pack your shit and leave i mean you know
eng_train_track_a_00762,"So when I caught this song-Kahin tho Hogi-last evening driving back home, it brought a smile to my face.",0,0,1,0,0,eng,so when i caught this songkahin tho hogilast evening driving back home it brought a smile to my face
eng_train_track_a_00763,I immediately pulled over and tried to grab him but he ran past me.,1,1,0,0,1,eng,i immediately pulled over and tried to grab him but he ran past me
eng_train_track_a_00764,This idea has been crashing around in my head so I had no choice but to finally write something.,0,1,0,0,0,eng,this idea has been crashing around in my head so i had no choice but to finally write something
eng_train_track_a_00765,I believe he was just going to scare me and not anything worse.,0,1,0,0,1,eng,i believe he was just going to scare me and not anything worse
eng_train_track_a_00766,Well Yesterday went to the Hospital to have my brain poked at ( Im guessing some kind of treasure hunt thing looking for it ).,0,1,0,0,1,eng,well yesterday went to the hospital to have my brain poked at im guessing some kind of treasure hunt thing looking for it
eng_train_track_a_00767,"sleepless nights are so evident on my face, even a cake of foundation and concealer can not hide = ( massive eyebags and bad tired skin.",0,0,0,1,0,eng,sleepless nights are so evident on my face even a cake of foundation and concealer can not hide massive eyebags and bad tired skin
eng_train_track_a_00768,"only one hour of sleep, then 9 hours on my feet.",0,1,0,0,0,eng,only one hour of sleep then 9 hours on my feet
eng_train_track_a_00769,My sister made us leave quickly and go to our neighbors house.,0,1,0,0,0,eng,my sister made us leave quickly and go to our neighbors house
eng_train_track_a_00770,I stuck out my legs to try and land the fall but one let got stuck on the side of the bike and the other got flipped underneath me and I landed on my right knee then skidded for about 8 feet.,1,1,0,1,1,eng,i stuck out my legs to try and land the fall but one let got stuck on the side of the bike and the other got flipped underneath me and i landed on my right knee then skidded for about 8 feet
eng_train_track_a_00771,Did I get home?,0,1,0,0,1,eng,did i get home
eng_train_track_a_00772,"The cat sits there, paralyzed and in agony.",0,1,0,1,0,eng,the cat sits there paralyzed and in agony
eng_train_track_a_00773,"None of us had... And then, years later my brain had changed, quite immensely.",0,0,0,0,0,eng,none of us had and then years later my brain had changed quite immensely
eng_train_track_a_00774,But then it got so hot I opened it and welcomed the cold spray on my face.,0,0,1,0,1,eng,but then it got so hot i opened it and welcomed the cold spray on my face
eng_train_track_a_00775,I was going up to see my Avs play the Red Wings.,0,0,1,0,0,eng,i was going up to see my avs play the red wings
eng_train_track_a_00776,"I cocked my head like the RCA Victrola Dog, and sure enough -- key in door sounds.",0,0,1,0,0,eng,i cocked my head like the rca victrola dog and sure enough key in door sounds
eng_train_track_a_00777,BUT OH GOD MY NAILS ARE BLACK CALL A PRIEST.,0,1,0,0,1,eng,but oh god my nails are black call a priest
eng_train_track_a_00778,I'm lost in my own little world.,0,1,0,1,0,eng,im lost in my own little world
eng_train_track_a_00779,"my head aches, my stomach isn't too happy, my whole body hurts.",0,1,0,1,0,eng,my head aches my stomach isnt too happy my whole body hurts
eng_train_track_a_00780,"He fully woke up, sat up and said ""Turn on the light, it's here watching us.",0,1,0,0,1,eng,he fully woke up sat up and said turn on the light its here watching us
eng_train_track_a_00781,"My hands are cramping, my legs ache and I can't find a comfortable position in my chair ( which is broken and is going out the door tomorrow ).",0,1,0,1,0,eng,my hands are cramping my legs ache and i cant find a comfortable position in my chair which is broken and is going out the door tomorrow
eng_train_track_a_00782,A very similar story happened to my grandmother.,0,0,0,0,1,eng,a very similar story happened to my grandmother
eng_train_track_a_00783,One season they were really nasty and management seemed to not care when we brought it to their attention.,1,0,0,1,0,eng,one season they were really nasty and management seemed to not care when we brought it to their attention
eng_train_track_a_00784,"Well, since everyone is giving their lovely stories...",0,0,1,0,0,eng,well since everyone is giving their lovely stories
eng_train_track_a_00785,It was friggin' delicious.,0,0,1,0,0,eng,it was friggin delicious
eng_train_track_a_00786,The chupacabra legend is pretty big here and in Mexico.,0,1,0,0,1,eng,the chupacabra legend is pretty big here and in mexico
eng_train_track_a_00787,Not normal light but a spot of light.,0,1,0,0,1,eng,not normal light but a spot of light
eng_train_track_a_00788,"After those few seconds, I waved one hand at it in a friendly manner, it then changed light pattern and hovered away behind my house.",0,1,1,0,1,eng,after those few seconds i waved one hand at it in a friendly manner it then changed light pattern and hovered away behind my house
eng_train_track_a_00789,"`` Mr. Jackson just called me, and he told me to call you, and told me to ask you so he didn't have to call you, and that's why I 'M calling you for him -- '' I broke out giggling and rushed to cover my mouth, stealing an embarrassed glance at all the nurses watching me in complete awe.",0,0,1,0,1,eng,mr jackson just called me and he told me to call you and told me to ask you so he didnt have to call you and thats why i m calling you for him i broke out giggling and rushed to cover my mouth stealing an embarrassed glance at all the nurses watching me in complete awe
eng_train_track_a_00790,A clip board was forced into my hands as I stood lost in a dark abyss unaware of the reality going on around me.,0,1,0,1,1,eng,a clip board was forced into my hands as i stood lost in a dark abyss unaware of the reality going on around me
eng_train_track_a_00791,Ugh I know for sure I'm a do my eyebrows.,0,0,1,0,0,eng,ugh i know for sure im a do my eyebrows
eng_train_track_a_00792,That's when tears streak down my cheeks.,0,1,0,1,0,eng,thats when tears streak down my cheeks
eng_train_track_a_00793,My aunt and I are kind of doing the remedial training together and I can't wait to get on his back.,0,0,0,0,0,eng,my aunt and i are kind of doing the remedial training together and i cant wait to get on his back
eng_train_track_a_00794,My brain decided to start trying to do the Kempo workout from last night again which is not conducive to sleep.,0,1,0,0,0,eng,my brain decided to start trying to do the kempo workout from last night again which is not conducive to sleep
eng_train_track_a_00795,"When my back hit the far wall, and the shovel against the wall fell on the dirt, I screamed.",0,1,0,1,1,eng,when my back hit the far wall and the shovel against the wall fell on the dirt i screamed
eng_train_track_a_00796,"Sometimes, the journey there is just as important.",0,0,1,0,0,eng,sometimes the journey there is just as important
eng_train_track_a_00797,I come downstairs and see grandma at the dining room table.,0,0,1,0,0,eng,i come downstairs and see grandma at the dining room table
eng_train_track_a_00798,"I'm still sick, my nose is sore from blowing it all day, and it's wicked hot in the apartment.",0,1,0,1,0,eng,im still sick my nose is sore from blowing it all day and its wicked hot in the apartment
eng_train_track_a_00799,And that concludes this post of random news from my neck of the woods!,0,0,0,0,0,eng,and that concludes this post of random news from my neck of the woods
eng_train_track_a_00800,"This operation removed the interlocking tibial nail from within my right tibia, a long titanium rod which had done a marvellous job of holding my leg together after that awful accident but which was now superfluous, and also the prime suspect in my ongoing pain issues.",0,1,0,1,0,eng,this operation removed the interlocking tibial nail from within my right tibia a long titanium rod which had done a marvellous job of holding my leg together after that awful accident but which was now superfluous and also the prime suspect in my ongoing pain issues
eng_train_track_a_00801,"I showed the bouncer my face, the preferred method to keeping my exclusiveness intact since the tiny club's capacity was at its limit of 87: Once you were inside, you were given in-and-out privilege.",0,0,0,0,0,eng,i showed the bouncer my face the preferred method to keeping my exclusiveness intact since the tiny clubs capacity was at its limit of 87 once you were inside you were given inandout privilege
eng_train_track_a_00802,I was writing away.,0,0,1,0,0,eng,i was writing away
eng_train_track_a_00803,"I know in my brain I need to get it back, but I have to find a way to make it real again.",0,1,0,0,0,eng,i know in my brain i need to get it back but i have to find a way to make it real again
eng_train_track_a_00804,"Signet Ring No. 1: I was about 13-14, stupidly shaking my hand, and it flew off, into the gutter outside Forsbergs ' house on Glover Rd..",0,1,0,1,1,eng,signet ring no 1 i was about 1314 stupidly shaking my hand and it flew off into the gutter outside forsbergs house on glover rd
eng_train_track_a_00805,I was pretty disgusted.,1,1,0,0,0,eng,i was pretty disgusted
eng_train_track_a_00806,The top of the mattress comes up a little above my waist!,0,0,1,0,0,eng,the top of the mattress comes up a little above my waist
eng_train_track_a_00807,"But alas the humidity ruined it for us both after only 2 songs > > sigh < < Still I basically had one obvious wet spot the entire shift, which I didn't bother to do anything about other than flash to the entire club from stage by doing the splits on my back about 10 times over the course of the day.",0,0,1,1,0,eng,but alas the humidity ruined it for us both after only 2 songs sigh still i basically had one obvious wet spot the entire shift which i didnt bother to do anything about other than flash to the entire club from stage by doing the splits on my back about 10 times over the course of the day
eng_train_track_a_00808,"Later, the police find the child naked and bleeding on the floor.",1,1,0,1,1,eng,later the police find the child naked and bleeding on the floor
eng_train_track_a_00809,I did not live in a building with an apartment 3H.,0,0,0,0,1,eng,i did not live in a building with an apartment 3h
eng_train_track_a_00810,"But thank you for your offer A sudden tugging at his side made him spin, having to fight the instinct to let his hand fly out.",1,1,0,0,1,eng,but thank you for your offer a sudden tugging at his side made him spin having to fight the instinct to let his hand fly out
eng_train_track_a_00811,I grinned looking at the saddened Ceres from the corner of my eye.,0,0,1,0,0,eng,i grinned looking at the saddened ceres from the corner of my eye
eng_train_track_a_00812,An obvious answer jumps to mind as my eyes jump across skyscrapers.,0,0,0,0,0,eng,an obvious answer jumps to mind as my eyes jump across skyscrapers
eng_train_track_a_00813,I accidentally time travelled.,0,1,1,0,1,eng,i accidentally time travelled
eng_train_track_a_00814,It's not even a conscious thing.,0,0,0,0,1,eng,its not even a conscious thing
eng_train_track_a_00815,Nothing was touching it.,0,1,0,0,1,eng,nothing was touching it
eng_train_track_a_00816,i need to let what im feeling right now out before the hole in my chest is getting deeper.,0,1,0,1,0,eng,i need to let what im feeling right now out before the hole in my chest is getting deeper
eng_train_track_a_00817,"I freaked out and, eyes still closed, went back to bed.",0,1,0,0,1,eng,i freaked out and eyes still closed went back to bed
eng_train_track_a_00818,"My eyebrows raise as I smile, ` Ready for the second shot?",0,0,1,0,0,eng,my eyebrows raise as i smile ready for the second shot
eng_train_track_a_00819,"My knuckle still doesn't look good, and it hurts like hell when I make a fist.",0,1,0,1,0,eng,my knuckle still doesnt look good and it hurts like hell when i make a fist
eng_train_track_a_00820,My cheeks burned with fever.,0,1,0,0,0,eng,my cheeks burned with fever
eng_train_track_a_00821,Please feel free to comment any questions,0,0,1,0,0,eng,please feel free to comment any questions
eng_train_track_a_00822,I held him for a bit when he woke up in recovery and he fell right back asleep in my arms.,0,0,1,0,0,eng,i held him for a bit when he woke up in recovery and he fell right back asleep in my arms
eng_train_track_a_00823,"Went to my favorite bar, I'd told everyone I was going to be there during the week before and no-one turned up.",1,0,0,1,1,eng,went to my favorite bar id told everyone i was going to be there during the week before and noone turned up
eng_train_track_a_00824,I have a friend whose husband died last year.,0,0,0,1,0,eng,i have a friend whose husband died last year
eng_train_track_a_00825,I don't know... messages.,0,1,0,0,0,eng,i dont know messages
eng_train_track_a_00826,My arms shook.,0,1,0,0,0,eng,my arms shook
eng_train_track_a_00827,So we went to City Island where i was having my nails done.,0,0,1,0,0,eng,so we went to city island where i was having my nails done
eng_train_track_a_00828,"The only flicks I remember off my head were the bad ones, But I'm sure there were classics mixed in there, too.",0,0,0,1,0,eng,the only flicks i remember off my head were the bad ones but im sure there were classics mixed in there too
eng_train_track_a_00829,"I spent most of the day asleep in bed, and my throat hurts so much, it nearly killed me!",0,1,0,1,0,eng,i spent most of the day asleep in bed and my throat hurts so much it nearly killed me
eng_train_track_a_00830,she started hallucinating and thrashing around in the bathroom stall at one point.,0,1,0,1,1,eng,she started hallucinating and thrashing around in the bathroom stall at one point
eng_train_track_a_00831,and left my eyes to cry.,0,0,0,1,0,eng,and left my eyes to cry
eng_train_track_a_00832,They did the same thing come Mother's Day but guess what?,1,0,0,0,1,eng,they did the same thing come mothers day but guess what
eng_train_track_a_00833,We walk out to the dance floor and find two reasonably attractive girls and we each choose one to dance with.,0,0,1,0,0,eng,we walk out to the dance floor and find two reasonably attractive girls and we each choose one to dance with
eng_train_track_a_00834,"My shoulder, neck and wrist have started aching all the time.",0,1,0,1,0,eng,my shoulder neck and wrist have started aching all the time
eng_train_track_a_00835,We were going to blow that record away.,0,0,1,0,0,eng,we were going to blow that record away
eng_train_track_a_00836,my knee's are the only weight left keeping me up to abroad.,0,1,0,1,0,eng,my knees are the only weight left keeping me up to abroad
eng_train_track_a_00837,"Laughing about it, we went back up the beach to go home, when we heard a huge bang and saw a bright white flash up by where the houses were.",0,1,1,0,1,eng,laughing about it we went back up the beach to go home when we heard a huge bang and saw a bright white flash up by where the houses were
eng_train_track_a_00838,"Hawaiian is my first language, so not too bad considering.",0,0,1,0,0,eng,hawaiian is my first language so not too bad considering
eng_train_track_a_00839,"After getting all warm, I went and got my nails done.",0,0,1,0,0,eng,after getting all warm i went and got my nails done
eng_train_track_a_00840,"Long story short, we probably saw incoming meteorites with very steep angles of attack.",0,1,0,0,1,eng,long story short we probably saw incoming meteorites with very steep angles of attack
eng_train_track_a_00841,I had to keep my eyes closed for that time.,0,1,0,0,0,eng,i had to keep my eyes closed for that time
eng_train_track_a_00842,"""a woman is going to get an abortion.",0,1,0,1,1,eng,a woman is going to get an abortion
eng_train_track_a_00843,"My head was spinning as the smoke I gladly inhaled made its way to my lungs and on its way out, the rings easily dissipating into the cold air made me wonder about him for the tenth time on that night.",0,1,0,0,0,eng,my head was spinning as the smoke i gladly inhaled made its way to my lungs and on its way out the rings easily dissipating into the cold air made me wonder about him for the tenth time on that night
eng_train_track_a_00844,It won't close.,1,1,0,0,0,eng,it wont close
eng_train_track_a_00845,"The tears are prickling behind my eyes as I pull my jeans on and race downstairs.I find a pen and paper in the kitchen and in a hasty scrawl, I write out, `` Like I said, I can't do this.Sorry.See you at work.",0,1,0,1,0,eng,the tears are prickling behind my eyes as i pull my jeans on and race downstairsi find a pen and paper in the kitchen and in a hasty scrawl i write out like i said i cant do thissorrysee you at work
eng_train_track_a_00846,It's choking me and burning my eyes.,0,1,0,1,0,eng,its choking me and burning my eyes
eng_train_track_a_00847,"This was my rest week and my legs, and everything else were closed for the day.",0,0,1,0,0,eng,this was my rest week and my legs and everything else were closed for the day
eng_train_track_a_00848,"`` Yes, '' I said, the old mask of indifference placed on my face.",0,0,0,0,0,eng,yes i said the old mask of indifference placed on my face
eng_train_track_a_00849,"Pooi Kit was driving recklessly and almost caused a major fatal accident, I can still remember the tailgate lights of the truck passing in front of my eyes and screeching sounds of the brakes.",1,1,0,0,1,eng,pooi kit was driving recklessly and almost caused a major fatal accident i can still remember the tailgate lights of the truck passing in front of my eyes and screeching sounds of the brakes
eng_train_track_a_00850,trying to put some gel on my head.,0,0,0,0,0,eng,trying to put some gel on my head
eng_train_track_a_00851,We were powerless against what happened that night.,0,1,0,1,1,eng,we were powerless against what happened that night
eng_train_track_a_00852,He senses my fear he feels some power he brings up his had I cry and I cower He's out of control I let out a screech he strikes again like lightening tears stream down my cheek there's a flash in his eyes what I beg him to quit bruised swollen cheeks a fracture in my hip.,1,1,0,1,0,eng,he senses my fear he feels some power he brings up his had i cry and i cower hes out of control i let out a screech he strikes again like lightening tears stream down my cheek theres a flash in his eyes what i beg him to quit bruised swollen cheeks a fracture in my hip
eng_train_track_a_00853,My finger is an asshole.,1,0,0,0,0,eng,my finger is an asshole
eng_train_track_a_00854,My ex and I were both crazy.,0,0,0,0,0,eng,my ex and i were both crazy
eng_train_track_a_00855,Levi and I arrived in an eye-capturing city that really blew me off my feet.,0,0,1,0,1,eng,levi and i arrived in an eyecapturing city that really blew me off my feet
eng_train_track_a_00856,"Of course, in the end I had a better essay to hand in ( can't remember how this impacted the grade ) but I didn't feel like the work I was turning in was mine.So when I'm editing Jenn's work a shiver runs down my spine that my father is also standing above my shoulder editing my edits.",0,1,0,0,0,eng,of course in the end i had a better essay to hand in cant remember how this impacted the grade but i didnt feel like the work i was turning in was mineso when im editing jenns work a shiver runs down my spine that my father is also standing above my shoulder editing my edits
eng_train_track_a_00857,"So, with my sporting boyfriend, we went for a few hours of under the sun getting splash in my eyes with water.",0,0,1,0,0,eng,so with my sporting boyfriend we went for a few hours of under the sun getting splash in my eyes with water
eng_train_track_a_00858,It never came up.,0,0,0,0,1,eng,it never came up
eng_train_track_a_00859,I shut my eyes and let the tears take over.,0,0,0,1,0,eng,i shut my eyes and let the tears take over
eng_train_track_a_00860,"When it was my turn to play, I was mortified to find out I had to move my hand up and down in a sawing motion.",0,1,0,0,0,eng,when it was my turn to play i was mortified to find out i had to move my hand up and down in a sawing motion
eng_train_track_a_00861,"But, to his dismay, the toilet won't flush.",1,1,0,0,1,eng,but to his dismay the toilet wont flush
eng_train_track_a_00862,( Notice my toes have nail polish on-that was New Year's resolution # 21 $ ) Then Esm decorated the body tracing.,0,0,1,0,0,eng,notice my toes have nail polish onthat was new years resolution 21 then esm decorated the body tracing
eng_train_track_a_00863,"Edward, I can't put my arms down.",0,1,0,0,0,eng,edward i cant put my arms down
eng_train_track_a_00864,"Overall it was a pleasant night, with three standout incidents.",0,0,1,0,0,eng,overall it was a pleasant night with three standout incidents
eng_train_track_a_00865,"i just cracked my head into a glass door.A delivery person, instead of calling me and saying `` I've got a package. ''",1,1,0,0,0,eng,i just cracked my head into a glass doora delivery person instead of calling me and saying ive got a package
eng_train_track_a_00866,I remember bringing it to my kindergarten class once to watch on a movie day.,0,0,1,0,0,eng,i remember bringing it to my kindergarten class once to watch on a movie day
eng_train_track_a_00867,When I was little I distinctly remember being able to see with my eyes closed.,0,1,1,0,1,eng,when i was little i distinctly remember being able to see with my eyes closed
eng_train_track_a_00868,"However, deep inside my heart, I really want to go back to my hometown.",0,0,0,1,0,eng,however deep inside my heart i really want to go back to my hometown
eng_train_track_a_00869,I still can't figure it out.,0,1,0,1,1,eng,i still cant figure it out
eng_train_track_a_00870,"this probably doesn't actually make much sense at the moment, but my head hurts.",0,1,0,0,0,eng,this probably doesnt actually make much sense at the moment but my head hurts
eng_train_track_a_00871,I know you run a successful store and I really admire that.,0,0,1,0,0,eng,i know you run a successful store and i really admire that
eng_train_track_a_00872,This was right before sunset when we got in bed and I instantly fell asleep.,0,0,1,0,0,eng,this was right before sunset when we got in bed and i instantly fell asleep
eng_train_track_a_00873,I yell but I can't help but feel a sharp stave in my chest.,0,1,0,1,0,eng,i yell but i cant help but feel a sharp stave in my chest
eng_train_track_a_00874,I need no throwaway.,0,0,0,0,0,eng,i need no throwaway
eng_train_track_a_00875,"And here in Edinburgh, through this journey of mine, it has been right at my side, in my hand.",0,0,1,0,0,eng,and here in edinburgh through this journey of mine it has been right at my side in my hand
eng_train_track_a_00876,"Got ready for junior year to end June School ended, I dyed my hair purple lol... I sprained my ankle on the way to the riverfront festival.",0,1,0,1,0,eng,got ready for junior year to end june school ended i dyed my hair purple lol i sprained my ankle on the way to the riverfront festival
eng_train_track_a_00877,Probably going to get buried.,0,1,0,1,0,eng,probably going to get buried
eng_train_track_a_00878,A nice way to get some items off my chest.,0,0,1,0,0,eng,a nice way to get some items off my chest
eng_train_track_a_00879,"Amber, on the other hand, was missing a boyfriend.",0,0,0,1,0,eng,amber on the other hand was missing a boyfriend
eng_train_track_a_00880,"I spent all day at home, sick.",0,1,0,1,0,eng,i spent all day at home sick
eng_train_track_a_00881,still cant get my head around the fact that this time 2 weeks ill be home.,0,1,0,0,0,eng,still cant get my head around the fact that this time 2 weeks ill be home
eng_train_track_a_00882,I pull my arm away and purchase a ticket for a mystery movie and enter through the back entrance only to realize that the whole theater was crowded.,0,1,0,0,1,eng,i pull my arm away and purchase a ticket for a mystery movie and enter through the back entrance only to realize that the whole theater was crowded
eng_train_track_a_00883,Got caught with a shitload of mary jane.,1,1,0,1,1,eng,got caught with a shitload of mary jane
eng_train_track_a_00884,I had to relax my muscles and clear my mind in order to do that.,0,1,0,0,0,eng,i had to relax my muscles and clear my mind in order to do that
eng_train_track_a_00885,"Prior to, we got some humongous popsicles which turned my tongue an amazing shade of blue, and we visited the children's A&S display.",0,0,1,0,0,eng,prior to we got some humongous popsicles which turned my tongue an amazing shade of blue and we visited the childrens as display
eng_train_track_a_00886,"`` I zip up the tote back quickly, throw it onto my shoulder and grab up the other, larger bag.",0,0,1,0,0,eng,i zip up the tote back quickly throw it onto my shoulder and grab up the other larger bag
eng_train_track_a_00887,"I ask her to tell me hers first, and she starts telling me how she dreamed the Sears Tower was falling down...",0,1,0,0,1,eng,i ask her to tell me hers first and she starts telling me how she dreamed the sears tower was falling down
eng_train_track_a_00888,He had a large going away party.,0,0,1,0,0,eng,he had a large going away party
eng_train_track_a_00889,"`` Yeah, im good now, my back has stopped bleeding $.",0,1,0,0,0,eng,yeah im good now my back has stopped bleeding
eng_train_track_a_00890,"My mother announced our names into the intercom; I folded my hands prayer-like: calm down, calm down, calm down.",0,1,0,0,0,eng,my mother announced our names into the intercom i folded my hands prayerlike calm down calm down calm down
eng_train_track_a_00891,Eight inches here Nine inches there My feet in the snow.,0,1,0,0,0,eng,eight inches here nine inches there my feet in the snow
eng_train_track_a_00892,Just going in circles.,1,1,0,1,0,eng,just going in circles
eng_train_track_a_00893,Thoughts of the movie Phantasm were swirling through my head.,0,1,0,0,0,eng,thoughts of the movie phantasm were swirling through my head
eng_train_track_a_00894,After reading the top comment about the person's mom and her friend... maybe she isn't telling me something.,0,1,0,0,1,eng,after reading the top comment about the persons mom and her friend maybe she isnt telling me something
eng_train_track_a_00895,"Standing at the edge of my heart, I'm gazing, I'm listening Like seeing an ocean in a cold winter night Such a fear, I'm falling, breaking into pieces.",0,1,0,1,0,eng,standing at the edge of my heart im gazing im listening like seeing an ocean in a cold winter night such a fear im falling breaking into pieces
eng_train_track_a_00896,I liked spending all my nights at home hula hooping and listening to pop music and laughing at jokes inside my head.,0,0,1,0,0,eng,i liked spending all my nights at home hula hooping and listening to pop music and laughing at jokes inside my head
eng_train_track_a_00897,"I stumbled out of bed, probably 4 in a morning in a most-asleep daze and went to the bathroom.",0,1,0,0,0,eng,i stumbled out of bed probably 4 in a morning in a mostasleep daze and went to the bathroom
eng_train_track_a_00898,"Shivering caused me to tense up, which caused my hips to keep cramping in charlie horse fashion.",0,1,0,1,0,eng,shivering caused me to tense up which caused my hips to keep cramping in charlie horse fashion
eng_train_track_a_00899,Her excuse to being late?,1,0,0,0,1,eng,her excuse to being late
eng_train_track_a_00900,"It was a sad, strange experience.",0,1,0,1,1,eng,it was a sad strange experience
eng_train_track_a_00901,"So, again, I tried to eat my lunch, my stomach in knots, an unseen hand gripping my heart.",0,1,0,1,0,eng,so again i tried to eat my lunch my stomach in knots an unseen hand gripping my heart
eng_train_track_a_00902,Like I found a way to escape gravity and moved about my bedroom as though I was on the ISS or something; thrilling at my new found ability.,0,0,1,0,1,eng,like i found a way to escape gravity and moved about my bedroom as though i was on the iss or something thrilling at my new found ability
eng_train_track_a_00903,40 minutes of genuinely thinking it's quite possible I may never leave those woods.,0,1,0,1,0,eng,40 minutes of genuinely thinking its quite possible i may never leave those woods
eng_train_track_a_00904,My blood turned to icewater in my veins.,0,1,0,0,0,eng,my blood turned to icewater in my veins
eng_train_track_a_00905,My arms start getting numb and achy and no way to lie makes them stop.,0,1,0,1,0,eng,my arms start getting numb and achy and no way to lie makes them stop
eng_train_track_a_00906,After an evening there we were driving back because we had no money for a hotel.,0,1,0,1,0,eng,after an evening there we were driving back because we had no money for a hotel
eng_train_track_a_00907,The bus is gone.,0,1,0,1,1,eng,the bus is gone
eng_train_track_a_00908,And they probably knew exactly what your dad saw.,0,1,0,0,1,eng,and they probably knew exactly what your dad saw
eng_train_track_a_00909,I hope your baby fucking dies.,1,0,0,0,0,eng,i hope your baby fucking dies
eng_train_track_a_00910,"My eyes were open, but I couldn't see in any colors.",0,1,0,1,0,eng,my eyes were open but i couldnt see in any colors
eng_train_track_a_00911,"But I get beyond that tired stage, and can't close my eyes later.",0,1,0,1,0,eng,but i get beyond that tired stage and cant close my eyes later
eng_train_track_a_00912,"As I turned to walk out of the alley, a pair of brass knuckles crushed into the side of my face.",1,1,0,0,1,eng,as i turned to walk out of the alley a pair of brass knuckles crushed into the side of my face
eng_train_track_a_00913,"One day, I ask Jane for her cell number.",0,1,1,0,0,eng,one day i ask jane for her cell number
eng_train_track_a_00914,Lots of profanity and screaming.,1,1,0,0,0,eng,lots of profanity and screaming
eng_train_track_a_00915,So anyways it's late at night and I was down in my living room sleeping on my couch.,0,0,0,0,0,eng,so anyways its late at night and i was down in my living room sleeping on my couch
eng_train_track_a_00916,His front end was completely smashed in.,0,1,0,1,1,eng,his front end was completely smashed in
eng_train_track_a_00917,", my stomach turned into a pile of dogshit and I nearly puked.",0,1,0,0,0,eng,my stomach turned into a pile of dogshit and i nearly puked
eng_train_track_a_00918,At times I was actually having difficulty breathing because the water was in my nose.,0,1,0,0,0,eng,at times i was actually having difficulty breathing because the water was in my nose
eng_train_track_a_00919,"It worked, I was scared shitless for the rest of the visit.",0,1,0,0,0,eng,it worked i was scared shitless for the rest of the visit
eng_train_track_a_00920,So my leg is shaking at a million miles an hour and I turn into the target parking lot as she sort of continues to follow me.,0,1,0,0,0,eng,so my leg is shaking at a million miles an hour and i turn into the target parking lot as she sort of continues to follow me
eng_train_track_a_00921,A highly intoxicated roommate and a black girl going at it.,1,1,0,0,1,eng,a highly intoxicated roommate and a black girl going at it
eng_train_track_a_00922,"blah I want my head to stop hurting, and my eyes to start tearing up but I do nt see any of these things happening soon.",0,1,0,1,0,eng,blah i want my head to stop hurting and my eyes to start tearing up but i do nt see any of these things happening soon
eng_train_track_a_00923,was always the tank... i ended up spending a month on my back before unemployment kicked in.,0,1,0,1,0,eng,was always the tank i ended up spending a month on my back before unemployment kicked in
eng_train_track_a_00924,My hands were very cold.,0,1,0,0,0,eng,my hands were very cold
eng_train_track_a_00925,and then i accidently dropped the tag because my hand was shaking so much.,0,1,0,0,0,eng,and then i accidently dropped the tag because my hand was shaking so much
eng_train_track_a_00926,i've got the tug happening in my chest.,0,1,0,0,0,eng,ive got the tug happening in my chest
eng_train_track_a_00927,"checked weather report, checked space station schedule, etc etc... nothing that made sense.",0,1,0,1,1,eng,checked weather report checked space station schedule etc etc nothing that made sense
eng_train_track_a_00928,Prior to the opening of the hunting season in the autumn (when the whole hunting collective/club goes to hunt together) we go hunting alone.,0,1,0,0,0,eng,prior to the opening of the hunting season in the autumn when the whole hunting collectiveclub goes to hunt together we go hunting alone
eng_train_track_a_00929,But anyway this house.,0,0,0,0,0,eng,but anyway this house
eng_train_track_a_00930,"So I went ahead and finished it, but it fits my head without quite covering my ears, so even though I started out knitting it for you, it didn't end up working.",0,0,0,0,0,eng,so i went ahead and finished it but it fits my head without quite covering my ears so even though i started out knitting it for you it didnt end up working
eng_train_track_a_00931,"The dog barked more, whimpered and whined.",0,1,0,1,0,eng,the dog barked more whimpered and whined
eng_train_track_a_00932,"So they decided to throw me a ""90s McDonalds"" Birthday party.",0,0,1,0,1,eng,so they decided to throw me a 90s mcdonalds birthday party
eng_train_track_a_00933,"It never freaked me out, because it happened enough as i was small and I got used to it.",0,1,0,0,0,eng,it never freaked me out because it happened enough as i was small and i got used to it
eng_train_track_a_00934,I've never had my cheeks hurt so much from laughing and / or smiling.,0,0,1,0,0,eng,ive never had my cheeks hurt so much from laughing and or smiling
eng_train_track_a_00935,"Police got called, guy gets taken away.",0,1,0,0,1,eng,police got called guy gets taken away
eng_train_track_a_00936,"`` I had to think about that for a second, and do the math in my head.",0,1,0,0,0,eng,i had to think about that for a second and do the math in my head
eng_train_track_a_00937,"She hit Katahdin, and celebrated.",1,0,1,0,0,eng,she hit katahdin and celebrated
eng_train_track_a_00938,"I know this will get buried, but whatever.",0,0,0,1,0,eng,i know this will get buried but whatever
eng_train_track_a_00939,He also told me I would be his wife one day.,0,0,1,0,1,eng,he also told me i would be his wife one day
eng_train_track_a_00940,We shared about a minute of spaz-dancing and off-key singing before we went our seperate ways.,0,0,1,0,0,eng,we shared about a minute of spazdancing and offkey singing before we went our seperate ways
eng_train_track_a_00941,I go to her pictures and see the image of what was in my head right there in front of me...,0,0,1,0,1,eng,i go to her pictures and see the image of what was in my head right there in front of me
eng_train_track_a_00942,They buy energy from 'energy generators' and sell it to you the customer.,0,0,0,0,0,eng,they buy energy from energy generators and sell it to you the customer
eng_train_track_a_00943,I struggle to make out the images my eyes begin to pick up.,0,1,0,0,0,eng,i struggle to make out the images my eyes begin to pick up
eng_train_track_a_00944,"I jumped out wrapped a towel around me, dried off my hand and face and answered it.",0,0,0,0,0,eng,i jumped out wrapped a towel around me dried off my hand and face and answered it
eng_train_track_a_00945,"and i seriously felt tat my chest HURTS... for the next few months, i really need to give up: 1 ) SHOPPING2 ) MANICURE & PEDICURE3 ) KTV SESSION4 ) CLUBBINGCOS I SIMPLY DUN HAVE BUDGET FOR THE ABOVE!!",0,1,0,1,0,eng,and i seriously felt tat my chest hurts for the next few months i really need to give up 1 shopping2 manicure pedicure3 ktv session4 clubbingcos i simply dun have budget for the above
eng_train_track_a_00946,I closed my eyes and felt the elements around me.,0,0,1,0,0,eng,i closed my eyes and felt the elements around me
eng_train_track_a_00947,She finally decided to go to the doctor.,0,1,1,0,0,eng,she finally decided to go to the doctor
eng_train_track_a_00948,"The assault ended abruptly, the pistol dropped from my hands and hit the soggy grass with a heavy thump.",1,1,0,1,1,eng,the assault ended abruptly the pistol dropped from my hands and hit the soggy grass with a heavy thump
eng_train_track_a_00949,I felt like Batman that day.,0,0,1,0,0,eng,i felt like batman that day
eng_train_track_a_00950,i closed my eyes and heard something hit the ground.,0,1,0,0,1,eng,i closed my eyes and heard something hit the ground
eng_train_track_a_00951,Right behind the log.,0,1,0,0,0,eng,right behind the log
eng_train_track_a_00952,W-WORST HABIT: Not washing my face before I go to bed.,0,0,0,0,0,eng,wworst habit not washing my face before i go to bed
eng_train_track_a_00953,"Arms back, chin down.",0,1,0,0,0,eng,arms back chin down
eng_train_track_a_00954,"I was sitting in the van trying to stay warm, and going over the following day's logistics in my head.",0,1,0,0,0,eng,i was sitting in the van trying to stay warm and going over the following days logistics in my head
eng_train_track_a_00955,No one else in the class did.,0,0,0,1,1,eng,no one else in the class did
eng_train_track_a_00956,"Fast forward-I was 21, and living in my first apartment.",0,0,1,0,0,eng,fast forwardi was 21 and living in my first apartment
eng_train_track_a_00957,My Heart was just... beautiful.,0,0,1,0,0,eng,my heart was just beautiful
eng_train_track_a_00958,Decide to be roommates.,0,0,1,0,0,eng,decide to be roommates
eng_train_track_a_00959,and my hair was straight and nice already so i pull a sweater over my head and jump into some jeans run to the bathroom brush my teeth while combing my hair with my fingers grab my purse and im out the door with sunglasses on cuz i got no makeup on... so i get to the bus stop and realize... I forgot to put out the bottles and a check for the waterman who comes at 9 AM!,0,1,0,0,0,eng,and my hair was straight and nice already so i pull a sweater over my head and jump into some jeans run to the bathroom brush my teeth while combing my hair with my fingers grab my purse and im out the door with sunglasses on cuz i got no makeup on so i get to the bus stop and realize i forgot to put out the bottles and a check for the waterman who comes at 9 am
eng_train_track_a_00960,Then a few days later i told her Jenny wanted me to come to the basement to play with her.,0,1,0,0,1,eng,then a few days later i told her jenny wanted me to come to the basement to play with her
eng_train_track_a_00961,Or like when the one of the 4-year-olds I substitute taught at church asked why I was wearing a belt around my waist.,0,0,0,0,1,eng,or like when the one of the 4yearolds i substitute taught at church asked why i was wearing a belt around my waist
eng_train_track_a_00962,The FUNNIEST Thing I've Seen In AGES Last Chance to See on TVO and ended up with tears streaming down my cheeks because I was laughing so hard.,0,0,1,0,0,eng,the funniest thing ive seen in ages last chance to see on tvo and ended up with tears streaming down my cheeks because i was laughing so hard
eng_train_track_a_00963,"Amanda and I carried the washer up with no problems but as we sat it down in the street, my back gave out.",0,1,0,1,0,eng,amanda and i carried the washer up with no problems but as we sat it down in the street my back gave out
eng_train_track_a_00964,"My hand was indeed gone, but new fingers, stubby and underformed, were sprouting from the stub.",0,1,0,1,1,eng,my hand was indeed gone but new fingers stubby and underformed were sprouting from the stub
eng_train_track_a_00965,A few years ago I worked for an apartment rental agency in a customer service role.,0,0,0,0,0,eng,a few years ago i worked for an apartment rental agency in a customer service role
eng_train_track_a_00966,"A strangely calming breeze crosses my face and shoulders, mysteriously skipping right over my legs.",0,0,1,0,0,eng,a strangely calming breeze crosses my face and shoulders mysteriously skipping right over my legs
eng_train_track_a_00967,I'll never forget the bitch-death-glare she shot me.,1,1,0,0,0,eng,ill never forget the bitchdeathglare she shot me
eng_train_track_a_00968,He was admiring the tattoo on my forearm.,0,0,0,0,0,eng,he was admiring the tattoo on my forearm
eng_train_track_a_00969,We did this like 3 times before we just decided to leave it in the closet.,0,0,0,0,0,eng,we did this like 3 times before we just decided to leave it in the closet
eng_train_track_a_00970,Today I must do the dreaded studying: ( Blarg.I did a bit last night ( some review ) and it is amazing how quickly this shit leaves my brain after taking 1.5 days off from it.,1,1,0,1,0,eng,today i must do the dreaded studying blargi did a bit last night some review and it is amazing how quickly this shit leaves my brain after taking 15 days off from it
eng_train_track_a_00971,""" I figure she probably spent all night hiding in a corner.",0,1,0,1,0,eng,i figure she probably spent all night hiding in a corner
eng_train_track_a_00972,I could see them all.,0,0,1,0,1,eng,i could see them all
eng_train_track_a_00973,I love telling this story.,0,0,1,0,0,eng,i love telling this story
eng_train_track_a_00974,"determined well, i've been going to the gym a little over three weeks now, and i've lost eight pounds, and roughly twelve inches total-about three from my waist, two and a half from my hips, a half inch from each thigh, and four total from my... um... upper torso area... anyway, it feels awesome.",0,0,1,0,0,eng,determined well ive been going to the gym a little over three weeks now and ive lost eight pounds and roughly twelve inches totalabout three from my waist two and a half from my hips a half inch from each thigh and four total from my um upper torso area anyway it feels awesome
eng_train_track_a_00975,"He looks over and I realise how obvious I am with a huge grin on my face, looking suspicious.",0,1,1,0,0,eng,he looks over and i realise how obvious i am with a huge grin on my face looking suspicious
eng_train_track_a_00976,"My heart still flutters when I think about it, it was just amazing.",0,0,1,0,0,eng,my heart still flutters when i think about it it was just amazing
eng_train_track_a_00977,"Not too scary, right?",0,1,1,0,1,eng,not too scary right
eng_train_track_a_00978,in a rather large company.,0,0,0,0,0,eng,in a rather large company
eng_train_track_a_00979,Pain-I have injured my knee somehow.,0,1,0,1,0,eng,paini have injured my knee somehow
eng_train_track_a_00980,"My eyes scanned quickly into every room, every corner as I passed by $ and more than once my fist met the peeling paint of a closed door.",1,1,0,0,0,eng,my eyes scanned quickly into every room every corner as i passed by and more than once my fist met the peeling paint of a closed door
eng_train_track_a_00981,"Not the most unnerving feeling, but the most prominent event in my mind is as follows:",0,1,0,0,1,eng,not the most unnerving feeling but the most prominent event in my mind is as follows
eng_train_track_a_00982,He was convinced that his grandpa was still alive or whatever.,0,1,0,1,1,eng,he was convinced that his grandpa was still alive or whatever
eng_train_track_a_00983,"But, it fits my head.",0,0,1,0,0,eng,but it fits my head
eng_train_track_a_00984,"It constantly snarled in the fine hairs on the back of my neck and left red marks on my temples when it snapped, sending the steel tips of the rubber band into my face.",1,1,0,0,1,eng,it constantly snarled in the fine hairs on the back of my neck and left red marks on my temples when it snapped sending the steel tips of the rubber band into my face
eng_train_track_a_00985,skudai * < 3 > i can closed my heart and my mind.,0,0,0,0,0,eng,skudai 3 i can closed my heart and my mind
eng_train_track_a_00986,"All I know, is I need to get my head on straight before the tears begin to slowly pool over the corner of my eye once again.",0,1,0,1,0,eng,all i know is i need to get my head on straight before the tears begin to slowly pool over the corner of my eye once again
eng_train_track_a_00987,The tree starts shrinking.,0,1,0,0,1,eng,the tree starts shrinking
eng_train_track_a_00988,Needless to say I was kind of scared.,0,1,0,0,0,eng,needless to say i was kind of scared
eng_train_track_a_00989,When she woke up the next morning she decided to figure out what the hell had happened.,0,1,0,0,1,eng,when she woke up the next morning she decided to figure out what the hell had happened
eng_train_track_a_00990,My horror unfurls as it whispers my name $ It eyeballs me and holds my gaze; dread rips through my heart as it screams out.,0,1,0,0,0,eng,my horror unfurls as it whispers my name it eyeballs me and holds my gaze dread rips through my heart as it screams out
eng_train_track_a_00991,"During my first season, I was playing a game on my birthday.",0,0,1,0,0,eng,during my first season i was playing a game on my birthday
eng_train_track_a_00992,My parents were confused.,0,1,0,1,1,eng,my parents were confused
eng_train_track_a_00993,A song started to loop inside my head.,0,1,1,0,0,eng,a song started to loop inside my head
eng_train_track_a_00994,"Less hours, means they are making less money.",0,1,0,1,0,eng,less hours means they are making less money
eng_train_track_a_00995,Yea I'm with you there man.,0,0,1,0,0,eng,yea im with you there man
eng_train_track_a_00996,It was freaking awesome,0,0,1,0,0,eng,it was freaking awesome
eng_train_track_a_00997,"I even tried to sleep sitting up for a bit, that ended when I nearly gave myself whiplash when my head dropped.",0,1,0,0,0,eng,i even tried to sleep sitting up for a bit that ended when i nearly gave myself whiplash when my head dropped
eng_train_track_a_00998,"My room is structured so there are two doors, one to the bathroom, which feeds through to another door in the hallway, and the main door to my room from the same hallway.",0,0,0,0,0,eng,my room is structured so there are two doors one to the bathroom which feeds through to another door in the hallway and the main door to my room from the same hallway
eng_train_track_a_00999,i can just imagine how many bugs have been snacking on my legs as ive sat here for the last couple hours.,0,1,0,0,0,eng,i can just imagine how many bugs have been snacking on my legs as ive sat here for the last couple hours
eng_train_track_a_01000,Almost at the instant that the first drop of sweat popped out on my head I had the weirdest experience.,0,1,0,0,1,eng,almost at the instant that the first drop of sweat popped out on my head i had the weirdest experience
eng_train_track_a_01001,The later guests were all drunk - really drunk - but they were all close friends of me.,0,0,1,0,0,eng,the later guests were all drunk really drunk but they were all close friends of me
eng_train_track_a_01002,"After we were done, I could barely even move my fingers and I think I am going to be sick in a few days.",0,1,0,1,0,eng,after we were done i could barely even move my fingers and i think i am going to be sick in a few days
eng_train_track_a_01003,Dove brought me a nice glass of ice water and the bottle of the pain pills and an ice pack for my hand.,0,1,0,0,0,eng,dove brought me a nice glass of ice water and the bottle of the pain pills and an ice pack for my hand
eng_train_track_a_01004,"Originally Posted September 18th, 2007 I walked down the driveway, pushing back the stinging pain that kept trying to force a few tears out of my eyes.",0,1,0,1,0,eng,originally posted september 18th 2007 i walked down the driveway pushing back the stinging pain that kept trying to force a few tears out of my eyes
eng_train_track_a_01005,The scream quickly turned into full-blown four-alarm sobbing as I flailed evasively to rid myself of this alien being bearing a dark and nightmarish message.,0,1,0,1,1,eng,the scream quickly turned into fullblown fouralarm sobbing as i flailed evasively to rid myself of this alien being bearing a dark and nightmarish message
eng_train_track_a_01006,In retrospect this implied extreme circumstances.,0,1,0,0,1,eng,in retrospect this implied extreme circumstances
eng_train_track_a_01007,It was hairless and covered in gray skin.,0,1,0,0,1,eng,it was hairless and covered in gray skin
eng_train_track_a_01008,it got so bad that in the car on the way home i had to put the air on full blast and put my head down in the car to try to keep it cool so it didn't ich so much.,0,1,0,1,0,eng,it got so bad that in the car on the way home i had to put the air on full blast and put my head down in the car to try to keep it cool so it didnt ich so much
eng_train_track_a_01009,"I sharted undigested bubble gum, you guys.",0,1,1,0,1,eng,i sharted undigested bubble gum you guys
eng_train_track_a_01010,Some children came out and cheered me on offering water and slapping my back.,0,0,1,0,0,eng,some children came out and cheered me on offering water and slapping my back
eng_train_track_a_01011,"There was nothing else of mine in her belongings, and I stood up and dusted my hands off.",0,0,1,0,0,eng,there was nothing else of mine in her belongings and i stood up and dusted my hands off
eng_train_track_a_01012,"""I don't know I don't know I don't know...""",0,1,0,1,0,eng,i dont know i dont know i dont know
eng_train_track_a_01013,took the skin off my knuckles an my hand bleeding like hell but i felt kinda better.,0,1,0,1,0,eng,took the skin off my knuckles an my hand bleeding like hell but i felt kinda better
eng_train_track_a_01014,She sat at her Papa's recliner sofa only to move next to me and start clinging to my arms.,0,0,0,0,0,eng,she sat at her papas recliner sofa only to move next to me and start clinging to my arms
eng_train_track_a_01015,"Apparently I like to impale my face into my pillow and curl my hands into the blankets so I can tug them over my neck, up to my mouth-which was closed.",0,1,0,1,0,eng,apparently i like to impale my face into my pillow and curl my hands into the blankets so i can tug them over my neck up to my mouthwhich was closed
eng_train_track_a_01016,Never saw them again...,0,0,0,1,0,eng,never saw them again
eng_train_track_a_01017,I farted and a little nugget fell out onto the floor.,0,0,1,0,1,eng,i farted and a little nugget fell out onto the floor
eng_train_track_a_01018,"I wrapped a Tshirt around my head for warmth, and settled in for a cold night.",0,1,0,1,0,eng,i wrapped a tshirt around my head for warmth and settled in for a cold night
eng_train_track_a_01019,One time in high school my friends and I had a dance party in someones basement.,0,0,1,0,0,eng,one time in high school my friends and i had a dance party in someones basement
eng_train_track_a_01020,"I managed to shoehorn myself into the seat but my knees were jammed under the dash, I could barely use the pedals, I couldn't get any proper lock on the steering wheel, my head was poking out of the rollcage and I had no idea of what the rev limits or gears were.",0,1,0,0,0,eng,i managed to shoehorn myself into the seat but my knees were jammed under the dash i could barely use the pedals i couldnt get any proper lock on the steering wheel my head was poking out of the rollcage and i had no idea of what the rev limits or gears were
eng_train_track_a_01021,So it goes on like this for awhile.,0,0,0,0,0,eng,so it goes on like this for awhile
eng_train_track_a_01022,"I know it is true, for my own glasses have been gone for over 16 years, and I know what TO do and what NOT TO DO in order to have my eyesight relax, my vision stay sharp, and my eyes happy.",0,0,1,0,0,eng,i know it is true for my own glasses have been gone for over 16 years and i know what to do and what not to do in order to have my eyesight relax my vision stay sharp and my eyes happy
eng_train_track_a_01023,"As stiff as a board, I didn't move an inch except to dart my eyes to my sleeping sister in the bed ten feet away.",0,1,0,0,0,eng,as stiff as a board i didnt move an inch except to dart my eyes to my sleeping sister in the bed ten feet away
eng_train_track_a_01024,Second story (equally creepy):,0,1,0,0,1,eng,second story equally creepy
eng_train_track_a_01025,And made worse by her crying because of the embarrassment.,0,1,0,1,0,eng,and made worse by her crying because of the embarrassment
eng_train_track_a_01026,"My whole body was painful today, especially my arms.",0,1,0,1,0,eng,my whole body was painful today especially my arms
eng_train_track_a_01027,So I put my hand up and started to walk away.,0,0,0,0,0,eng,so i put my hand up and started to walk away
eng_train_track_a_01028,Then my hand that had the red figure opened of it's own accord and shot out a red ball of light.,0,0,0,0,1,eng,then my hand that had the red figure opened of its own accord and shot out a red ball of light
eng_train_track_a_01029,"I found a relatively bugless spot, went through the short version of my routine, pounded my hip with my fist a few dozen times, then got back on the road.",0,0,0,0,0,eng,i found a relatively bugless spot went through the short version of my routine pounded my hip with my fist a few dozen times then got back on the road
eng_train_track_a_01030,My stomach felt like it had a hole in it.,0,1,0,1,0,eng,my stomach felt like it had a hole in it
eng_train_track_a_01031,6 hour old post?,0,0,0,0,1,eng,6 hour old post
eng_train_track_a_01032,"But, my stomach... oh... my stomach... This bike has been from Taiwan to Vietnam, Cambodia, and Thailand... and several places in Vietnam, not to mention all but the southern tip of Taiwan... Heading north.",0,1,0,0,0,eng,but my stomach oh my stomach this bike has been from taiwan to vietnam cambodia and thailand and several places in vietnam not to mention all but the southern tip of taiwan heading north
eng_train_track_a_01033,"I swing my foot back, then proceed to apply a good, strong kick to the underside of the table.",1,0,0,0,0,eng,i swing my foot back then proceed to apply a good strong kick to the underside of the table
eng_train_track_a_01034,I found an old sweatshirt on the floor and tied it tightly around my leg.,0,1,0,0,0,eng,i found an old sweatshirt on the floor and tied it tightly around my leg
eng_train_track_a_01035,It also hurts to turn my neck in any direction.,0,1,0,1,0,eng,it also hurts to turn my neck in any direction
eng_train_track_a_01036,oh ok actually chop on hand also can lah... * gives weird expression while stamping chop on my hand * adeline: eh!,0,0,1,0,1,eng,oh ok actually chop on hand also can lah gives weird expression while stamping chop on my hand adeline eh
eng_train_track_a_01037,"I have major slip ups, like, letting the wrong person close to my heart and getting burned.",0,1,0,1,0,eng,i have major slip ups like letting the wrong person close to my heart and getting burned
eng_train_track_a_01038,Finally found out that I have bad whip lash and strained the tendons in my neck.,0,1,0,1,0,eng,finally found out that i have bad whip lash and strained the tendons in my neck
eng_train_track_a_01039,I had never been so scared.,0,1,0,0,0,eng,i had never been so scared
eng_train_track_a_01040,I pushed those thoughts out of my head and told myself I was being paranoid.,0,1,0,0,0,eng,i pushed those thoughts out of my head and told myself i was being paranoid
eng_train_track_a_01041,House almost burned down the weekend they were out of town.,0,1,0,1,1,eng,house almost burned down the weekend they were out of town
eng_train_track_a_01042,The stranger crosses the finish line first; the crowd goes wild!,0,0,1,0,1,eng,the stranger crosses the finish line first the crowd goes wild
eng_train_track_a_01043,His stepdad is practically his real dad.,0,0,1,0,0,eng,his stepdad is practically his real dad
eng_train_track_a_01044,"Hahaha but can't blame me, my nose was blocked i can't breathe properly la.",0,1,0,0,0,eng,hahaha but cant blame me my nose was blocked i cant breathe properly la
eng_train_track_a_01045,Naturally we freaked out.,0,1,0,0,1,eng,naturally we freaked out
eng_train_track_a_01046,And found myself giggling that every day at the same time (3:15) Jesus would sign into the guest register.,0,0,1,0,1,eng,and found myself giggling that every day at the same time 315 jesus would sign into the guest register
eng_train_track_a_01047,"Earth Base Delta stopped responding to our calls, and we were left alone in the vast emptiness of space.",0,1,0,1,1,eng,earth base delta stopped responding to our calls and we were left alone in the vast emptiness of space
eng_train_track_a_01048,"My teeth were marred by braces, and I hated the sight of them.",0,0,0,1,0,eng,my teeth were marred by braces and i hated the sight of them
eng_train_track_a_01049,"Still, a creepy happening.",0,1,0,0,1,eng,still a creepy happening
eng_train_track_a_01050,I need to ice my calf often and try to stay off it... except to occasionally stretch it.,0,1,0,0,0,eng,i need to ice my calf often and try to stay off it except to occasionally stretch it
eng_train_track_a_01051,I have to be a complete part of his life and his heart.,0,0,0,0,0,eng,i have to be a complete part of his life and his heart
eng_train_track_a_01052,"14 years later, we're still best friends.",0,0,1,0,0,eng,14 years later were still best friends
eng_train_track_a_01053,""" I thought she was going to throw her coffee at me.",1,1,0,0,1,eng,i thought she was going to throw her coffee at me
eng_train_track_a_01054,I brought my head up to the edge of the grass and peered towards the road.,0,0,0,0,0,eng,i brought my head up to the edge of the grass and peered towards the road
eng_train_track_a_01055,But not very happy.,0,0,1,1,0,eng,but not very happy
eng_train_track_a_01056,"We get to the porch and my dog starts *growling*, like a big boy growl, like shits going down growl.",0,1,0,0,1,eng,we get to the porch and my dog starts growling like a big boy growl like shits going down growl
eng_train_track_a_01057,I fought back the tears coming to my eyes.,0,1,0,1,0,eng,i fought back the tears coming to my eyes
eng_train_track_a_01058,"People are starting to chant ""Fight, fight fight"" while some say ""Bro, it ain't worth it"".",1,1,0,0,1,eng,people are starting to chant fight fight fight while some say bro it aint worth it
eng_train_track_a_01059,"My mouth started buzzing, then fingers, arms and legs.",0,1,0,0,0,eng,my mouth started buzzing then fingers arms and legs
eng_train_track_a_01060,Mildly inconvenient but so weird.,0,1,1,0,1,eng,mildly inconvenient but so weird
eng_train_track_a_01061,I know with all my heart that taking this job was the right thing to do.,0,0,1,0,0,eng,i know with all my heart that taking this job was the right thing to do
eng_train_track_a_01062,This guy started out OK but quickly became a fucking heroin addict.,1,1,0,1,1,eng,this guy started out ok but quickly became a fucking heroin addict
eng_train_track_a_01063,"`` Then a doctor walked around the corner, and my mouth fell open.",0,0,0,0,1,eng,then a doctor walked around the corner and my mouth fell open
eng_train_track_a_01064,"the new apples of my eye, as promised.",0,0,1,0,0,eng,the new apples of my eye as promised
eng_train_track_a_01065,Not exactly an objection but very close.,1,1,0,0,1,eng,not exactly an objection but very close
eng_train_track_a_01066,The silent one looked increasingly nervous.,0,1,0,0,0,eng,the silent one looked increasingly nervous
eng_train_track_a_01067,"Either way, he had threaten to burn my new place down, and miraculously it did.",1,1,0,1,1,eng,either way he had threaten to burn my new place down and miraculously it did
eng_train_track_a_01068,"It's also on the front of my upper legs, the back of my lower legs, and the tops of my feet.",0,0,0,0,0,eng,its also on the front of my upper legs the back of my lower legs and the tops of my feet
eng_train_track_a_01069,"I approach him start to speak... `` Excuse me... what where Annie's last... '', and before I could get ` working hours ' out of my mouth, a celeberty young artist of 24 stalks in, her name is Silvery White.",0,0,0,0,1,eng,i approach him start to speak excuse me what where annies last and before i could get working hours out of my mouth a celeberty young artist of 24 stalks in her name is silvery white
eng_train_track_a_01070,"Needless to say, none of us slept.",0,1,0,1,0,eng,needless to say none of us slept
eng_train_track_a_01071,* fuzzy stuff here * Someone was plucking my eyebrows in one of the dressing rooms and I was so upset because they were too thin.,1,0,0,1,0,eng,fuzzy stuff here someone was plucking my eyebrows in one of the dressing rooms and i was so upset because they were too thin
eng_train_track_a_01072,The Dyatlov Pass Incident.,0,1,0,0,1,eng,the dyatlov pass incident
eng_train_track_a_01073,"Was a routine trip, 11 miles to RWC motoring and into a southerly wind, more wind than we saw during race time and with the sun straight in my eyes most of the way down.",0,1,0,0,0,eng,was a routine trip 11 miles to rwc motoring and into a southerly wind more wind than we saw during race time and with the sun straight in my eyes most of the way down
eng_train_track_a_01074,Still freaks me out to remember it.,0,1,0,0,1,eng,still freaks me out to remember it
eng_train_track_a_01075,"All-in-all I had a great time, my back didn't kill me, and I felt great after the game was over.",0,0,1,0,0,eng,allinall i had a great time my back didnt kill me and i felt great after the game was over
eng_train_track_a_01076,My fingers are toes are still tingly.,0,1,0,0,0,eng,my fingers are toes are still tingly
eng_train_track_a_01077,My jaw hit the floor and i ran out and bought 4 tickets for the closest show in Philidelphia PA. ( the only non-NY / CA show ) Me and 3 friends pile into a car and leave at 9 am the day of the show for a projected 8 hour drive.,0,0,1,0,1,eng,my jaw hit the floor and i ran out and bought 4 tickets for the closest show in philidelphia pa the only nonny ca show me and 3 friends pile into a car and leave at 9 am the day of the show for a projected 8 hour drive
eng_train_track_a_01078,"i turn on newburg and because im running behind schedule, my foot starts to get heavy and my speed increases.",0,0,0,0,0,eng,i turn on newburg and because im running behind schedule my foot starts to get heavy and my speed increases
eng_train_track_a_01079,"half of my heart, pulled out of my chest and sat in front of me, stretched out to a thin quiet man with a buzz cut and old black sweater that smells like clean dirt and cheap beer.",0,0,0,1,0,eng,half of my heart pulled out of my chest and sat in front of me stretched out to a thin quiet man with a buzz cut and old black sweater that smells like clean dirt and cheap beer
eng_train_track_a_01080,I wan na get my hands on that series.I took a nap at the booth cuz there wasn't anything else to do.,0,0,1,0,0,eng,i wan na get my hands on that seriesi took a nap at the booth cuz there wasnt anything else to do
eng_train_track_a_01081,Now this was even more precious to my heart.,0,0,1,0,0,eng,now this was even more precious to my heart
eng_train_track_a_01082,That is all in my head I know.,0,1,0,0,0,eng,that is all in my head i know
eng_train_track_a_01083,"' By now, a small intense knot of hatred swelling in my stomach.",1,0,0,0,0,eng,by now a small intense knot of hatred swelling in my stomach
eng_train_track_a_01084,Someone is in danger.,0,1,0,1,1,eng,someone is in danger
eng_train_track_a_01085,"My chest was lighter, my entire body was lighter.",0,0,1,0,0,eng,my chest was lighter my entire body was lighter
eng_train_track_a_01086,"I felt for it, but ended up having to open my eyes to actually find it.",0,1,0,0,1,eng,i felt for it but ended up having to open my eyes to actually find it
eng_train_track_a_01087,I know why I got one I have constant allergy symptoms and my head was wet with constant snot.,0,1,0,1,0,eng,i know why i got one i have constant allergy symptoms and my head was wet with constant snot
eng_train_track_a_01088,So we get there and order some drinks.,0,0,1,0,0,eng,so we get there and order some drinks
eng_train_track_a_01089,"The first one was far enough ahead that it didn't startle me so much.Anyway, for the gruesomely curious, here are some pics of my injuries: My elbow got the worst of it.",1,1,0,1,0,eng,the first one was far enough ahead that it didnt startle me so muchanyway for the gruesomely curious here are some pics of my injuries my elbow got the worst of it
eng_train_track_a_01090,These dogs jump on me and scratch my legs and when I get out of the car they try to jump inside.,1,1,0,0,0,eng,these dogs jump on me and scratch my legs and when i get out of the car they try to jump inside
eng_train_track_a_01091,Please excuse the spelling:~),0,0,1,0,0,eng,please excuse the spelling
eng_train_track_a_01092,We're also thieves.,0,1,0,0,1,eng,were also thieves
eng_train_track_a_01093,"With my buddy convinced, our cop decoy is revealed...my 1977 black Pontiac Trans Am.",0,0,1,0,1,eng,with my buddy convinced our cop decoy is revealedmy 1977 black pontiac trans am
eng_train_track_a_01094,"Being a `` part-time vampire '', hanging by my toes during the morning hours during vacation, I spent a few hours that early morning loading stuff.",0,0,1,0,0,eng,being a parttime vampire hanging by my toes during the morning hours during vacation i spent a few hours that early morning loading stuff
eng_train_track_a_01095,"I'm trying to bribe them, keep them happy, and keep the steam from coming out of my ears, since i don't really know how to photoshop steam out.",1,1,0,0,0,eng,im trying to bribe them keep them happy and keep the steam from coming out of my ears since i dont really know how to photoshop steam out
eng_train_track_a_01096,"I would wake up sometime later shaking, perhaps trying to rid myself of the sleep paralysis.",0,1,0,1,0,eng,i would wake up sometime later shaking perhaps trying to rid myself of the sleep paralysis
eng_train_track_a_01097,First: I WANT TO KNOW ABOUT *YOUR* DAY!,0,0,1,0,0,eng,first i want to know about your day
eng_train_track_a_01098,I was staying at a supposedly haunted hotel with some friends.,0,1,0,0,1,eng,i was staying at a supposedly haunted hotel with some friends
eng_train_track_a_01099,I remember sitting on the curb putting it to my ear and listening to the music.,0,0,1,0,0,eng,i remember sitting on the curb putting it to my ear and listening to the music
eng_train_track_a_01100,"I smashed my face with the box I was carrying, busted my lip and got blood all over my face, broke my glasses ( again! )",1,1,0,1,1,eng,i smashed my face with the box i was carrying busted my lip and got blood all over my face broke my glasses again
eng_train_track_a_01101,This one has haunted me for years...,0,1,0,1,1,eng,this one has haunted me for years
eng_train_track_a_01102,"It was pretty scary; I had to breathe into a funny-looking thing and the worst part was that I had to have not one, but TWO shots in my legs!",0,1,0,0,0,eng,it was pretty scary i had to breathe into a funnylooking thing and the worst part was that i had to have not one but two shots in my legs
eng_train_track_a_01103,At this point my cousin notices that his house is decorated entirely with circus clowns.,0,1,0,0,1,eng,at this point my cousin notices that his house is decorated entirely with circus clowns
eng_train_track_a_01104,She refused to go to the doctor.,0,1,0,1,0,eng,she refused to go to the doctor
eng_train_track_a_01105,"My hand seemed to tremble more as I took the frail hand offered to me, feeling the protruding veins under my thumb.",0,1,0,1,0,eng,my hand seemed to tremble more as i took the frail hand offered to me feeling the protruding veins under my thumb
eng_train_track_a_01106,"I moved my arms, stretching the muscles, watching ribbons of flesh dance around skin and bone.",0,0,1,0,0,eng,i moved my arms stretching the muscles watching ribbons of flesh dance around skin and bone
eng_train_track_a_01107,"I could feel it on my back; cold, wet and aged.",0,1,0,1,0,eng,i could feel it on my back cold wet and aged
eng_train_track_a_01108,"So when I am quiet, crying, angry... or my attitude just seems... different, let me close my eyes... and let me dream...",1,1,0,1,0,eng,so when i am quiet crying angry or my attitude just seems different let me close my eyes and let me dream
eng_train_track_a_01109,"&lt;3 Hopefully we'll meet in person eventually, but we live 9000 miles apart and neither of us have much money.",0,1,1,1,0,eng,lt3 hopefully well meet in person eventually but we live 9000 miles apart and neither of us have much money
eng_train_track_a_01110,"In my brain, I knew it's nothing serious, but my eyes darted away while my hands looked for something to occupy automatically.",0,1,0,0,0,eng,in my brain i knew its nothing serious but my eyes darted away while my hands looked for something to occupy automatically
eng_train_track_a_01111,"This will probably get buried, but here goes:",0,1,0,0,1,eng,this will probably get buried but here goes
eng_train_track_a_01112,The bride floated down the aisle like a pageant queen.,0,0,1,0,1,eng,the bride floated down the aisle like a pageant queen
eng_train_track_a_01113,Instinctively I turned my head to see who was coming in.,0,1,0,0,0,eng,instinctively i turned my head to see who was coming in
eng_train_track_a_01114,Anyway we've been married almost nine years.,0,0,1,0,0,eng,anyway weve been married almost nine years
eng_train_track_a_01115,I did as little as possible with my right hand on Sunday and took a long nap with my hand in an elevated and comfortable position Sunday afternoon.,0,0,0,0,0,eng,i did as little as possible with my right hand on sunday and took a long nap with my hand in an elevated and comfortable position sunday afternoon
eng_train_track_a_01116,"The hike was pleasant enough at first, walking on a slight incline, enjoying the scenery and the multitude of grasshoppers ( sweet jaysis, some of them were soooo big I'm sure they had skeletons ) almost flying into my face every step or so, I thought `` Ah!",0,1,1,0,1,eng,the hike was pleasant enough at first walking on a slight incline enjoying the scenery and the multitude of grasshoppers sweet jaysis some of them were soooo big im sure they had skeletons almost flying into my face every step or so i thought ah
eng_train_track_a_01117,"My elbow has some roadrash, once again through the jacket.",0,1,0,0,0,eng,my elbow has some roadrash once again through the jacket
eng_train_track_a_01118,"This is what I recall... There was a sheet draped across my belly, vertically, so I couldn't see what was going on.",0,1,0,0,0,eng,this is what i recall there was a sheet draped across my belly vertically so i couldnt see what was going on
eng_train_track_a_01119,The black panther is here!.,0,1,0,0,1,eng,the black panther is here
eng_train_track_a_01120,I have many memories of him sitting across from me and sucking on a pig's foot while I wrinkled my nose in disgust.,0,0,0,0,0,eng,i have many memories of him sitting across from me and sucking on a pigs foot while i wrinkled my nose in disgust
eng_train_track_a_01121,"As my friend Steve called for better directions and as he was getting them, I fell again thinking I could break and quickly put my foot on the curb.",0,1,0,1,0,eng,as my friend steve called for better directions and as he was getting them i fell again thinking i could break and quickly put my foot on the curb
eng_train_track_a_01122,So far in this class my eyes have been opened to the power of writing and the enjoyment it can bring to me.,0,0,1,0,0,eng,so far in this class my eyes have been opened to the power of writing and the enjoyment it can bring to me
eng_train_track_a_01123,Then Bodybag was on my case and was ordering a cell search and people were shoving the `` uppers '' into my hands to which I was there trying to hide them in my pockets and such.,1,1,0,0,0,eng,then bodybag was on my case and was ordering a cell search and people were shoving the uppers into my hands to which i was there trying to hide them in my pockets and such
eng_train_track_a_01124,"The front page caught my eye; on it was a lengthy list of medical conditions, some five hundred or so altogether.",0,1,0,0,1,eng,the front page caught my eye on it was a lengthy list of medical conditions some five hundred or so altogether
eng_train_track_a_01125,It was up-hill to get to school.....and up-hill again walking back home.,0,1,0,1,0,eng,it was uphill to get to schooland uphill again walking back home
eng_train_track_a_01126,"` Captain, ' Ianto said timidly, poking his head around the door.",0,1,0,0,0,eng,captain ianto said timidly poking his head around the door
eng_train_track_a_01127,"(yikes, no pun intended--on either count)",0,1,1,0,1,eng,yikes no pun intendedon either count
eng_train_track_a_01128,strange that happened to me once long ago.,0,1,0,0,1,eng,strange that happened to me once long ago
eng_train_track_a_01129,Talked with a lady online and we decided to meet.,0,1,1,0,0,eng,talked with a lady online and we decided to meet
eng_train_track_a_01130,The trap door was wide open.,0,1,0,0,1,eng,the trap door was wide open
eng_train_track_a_01131,"But, when I feel the sand under my feet, hear the roar of the waves and the strength of the gulf winds pushing and pulling the water in a sacred motion, all else is gone.",0,0,1,0,0,eng,but when i feel the sand under my feet hear the roar of the waves and the strength of the gulf winds pushing and pulling the water in a sacred motion all else is gone
eng_train_track_a_01132,"bummed Well, I have survived the colonoscopy and the scope down my throat.",0,1,0,1,0,eng,bummed well i have survived the colonoscopy and the scope down my throat
eng_train_track_a_01133,I was like wtf.,1,0,0,0,1,eng,i was like wtf
eng_train_track_a_01134,By the time Tuesday afternoon came my brain was gone.,0,1,0,1,0,eng,by the time tuesday afternoon came my brain was gone
eng_train_track_a_01135,here's the problem; i itch so bad i want to rip off my skin.,0,1,0,0,0,eng,heres the problem i itch so bad i want to rip off my skin
eng_train_track_a_01136,and my entire right leg up to my hip was still sleeping.,0,0,0,0,0,eng,and my entire right leg up to my hip was still sleeping
eng_train_track_a_01137,"I whirl around, of course, and see nothing.",0,1,0,0,1,eng,i whirl around of course and see nothing
eng_train_track_a_01138,"Suddenly another plane was involved, heading for Washington and my heart stopped beating for a few seconds as the implications of what was happening took me to my knees.",0,1,0,1,1,eng,suddenly another plane was involved heading for washington and my heart stopped beating for a few seconds as the implications of what was happening took me to my knees
eng_train_track_a_01139,"Images of him dominating in all ways filled my head, haunting my dreams and fueling my fantasies.",0,1,0,1,0,eng,images of him dominating in all ways filled my head haunting my dreams and fueling my fantasies
eng_train_track_a_01140,"I land off-kilter and go crashing into the drum set and take a Hi-Hat to the center of my spine, severing my nerves and leaving me paralyzed.",1,1,0,1,1,eng,i land offkilter and go crashing into the drum set and take a hihat to the center of my spine severing my nerves and leaving me paralyzed
eng_train_track_a_01141,I'm so sorry.,0,0,0,1,0,eng,im so sorry
eng_train_track_a_01142,The whole bathroom was very elegant and nicely decorated.,0,0,1,0,0,eng,the whole bathroom was very elegant and nicely decorated
eng_train_track_a_01143,Either way I was scared for my life that day...,0,1,0,0,0,eng,either way i was scared for my life that day
eng_train_track_a_01144,"she is so intrusive in my life, I have issues at work.",1,1,0,1,0,eng,she is so intrusive in my life i have issues at work
eng_train_track_a_01145,There is so much going threw my head right now it's,0,1,0,0,0,eng,there is so much going threw my head right now its
eng_train_track_a_01146,"I went to an off broadway show, which was a wedding.",0,0,1,0,1,eng,i went to an off broadway show which was a wedding
eng_train_track_a_01147,"The brace however squeezes my leg flesh out the top and bottom of the brace, and makes my knee cap look like a brain when I straighten my leg, but whatever.",0,0,0,0,0,eng,the brace however squeezes my leg flesh out the top and bottom of the brace and makes my knee cap look like a brain when i straighten my leg but whatever
eng_train_track_a_01148,I politely decline and went home.,0,0,0,0,0,eng,i politely decline and went home
eng_train_track_a_01149,Then I got to a parking lot and got a funny idea in my head to toss it at a car.,0,0,1,0,0,eng,then i got to a parking lot and got a funny idea in my head to toss it at a car
eng_train_track_a_01150,My venomous snake story is less awesome but the end result is the same:,0,1,0,0,0,eng,my venomous snake story is less awesome but the end result is the same
eng_train_track_a_01151,What demon likes peas?,0,0,0,0,1,eng,what demon likes peas
eng_train_track_a_01152,"The ocean wind is cold and howling in my face, easing a sharp stream of tears out of the left eye.",0,1,0,1,0,eng,the ocean wind is cold and howling in my face easing a sharp stream of tears out of the left eye
eng_train_track_a_01153,"It was a good part time job, with flexible hours and great people to work with.",0,0,1,0,0,eng,it was a good part time job with flexible hours and great people to work with
eng_train_track_a_01154,I closed my eyes and took a deep breath.,0,1,1,0,0,eng,i closed my eyes and took a deep breath
eng_train_track_a_01155,I turned around so I could see my back.,0,0,0,0,1,eng,i turned around so i could see my back
eng_train_track_a_01156,"She is a nice religious girl, exactly like the one he wanted to be with.",0,0,1,0,0,eng,she is a nice religious girl exactly like the one he wanted to be with
eng_train_track_a_01157,"My heart is broke, There's nothing to steal.",0,0,0,1,0,eng,my heart is broke theres nothing to steal
eng_train_track_a_01158,"""How the hell did you get her down?!",1,1,0,0,1,eng,how the hell did you get her down
eng_train_track_a_01159,"Ok, I'll tell you something which is both very creepy and very, very real.",0,1,0,0,1,eng,ok ill tell you something which is both very creepy and very very real
eng_train_track_a_01160,The next day I got a tetanus shot.,0,1,0,0,0,eng,the next day i got a tetanus shot
eng_train_track_a_01161,Got tired roaming' and bumming' around,0,0,0,1,0,eng,got tired roaming and bumming around
eng_train_track_a_01162,They kept me at the hospital for 24 hours-and suggested I try to stay off my feet as much as possible.,0,1,0,1,0,eng,they kept me at the hospital for 24 hoursand suggested i try to stay off my feet as much as possible
eng_train_track_a_01163,"This leads to the neeed to suffle around and makes my legs fall asleep after not too long, which obviously isn't advisable.",0,1,0,0,0,eng,this leads to the neeed to suffle around and makes my legs fall asleep after not too long which obviously isnt advisable
eng_train_track_a_01164,"this lake... that my feet are now standing in... is not only the lake that Jesus calmed in mark 4, but it is also the very water that Jesus walked on!",0,0,1,0,1,eng,this lake that my feet are now standing in is not only the lake that jesus calmed in mark 4 but it is also the very water that jesus walked on
eng_train_track_a_01165,"Just got x-rays, and at least my knee does not appear to be broken ( although they are sending the x-rays to a specialist to be sure ).",0,1,1,0,0,eng,just got xrays and at least my knee does not appear to be broken although they are sending the xrays to a specialist to be sure
eng_train_track_a_01166,"My dad was in the car, my mom was signing medical consents, and my sister was holding my hand and telling me to breath to keep me calm.",0,1,0,1,0,eng,my dad was in the car my mom was signing medical consents and my sister was holding my hand and telling me to breath to keep me calm
eng_train_track_a_01167,"Needless to say, the plant died from her residual evil.",1,0,0,0,1,eng,needless to say the plant died from her residual evil
eng_train_track_a_01168,"Everyone was rather distraught, as he was widely liked and respected.",0,1,0,1,0,eng,everyone was rather distraught as he was widely liked and respected
eng_train_track_a_01169,"The room was small but brightly lit and I sat on a two-seater couch facing the counselor across the room, as opposed to lounging on my back while staring at the ceiling with the lights dimmed.So what did I learn?",0,0,0,0,0,eng,the room was small but brightly lit and i sat on a twoseater couch facing the counselor across the room as opposed to lounging on my back while staring at the ceiling with the lights dimmedso what did i learn
eng_train_track_a_01170,"Well, I was being nice and throwing our trash away at Sonic... he started to back up, so I slammed my hands on the front of the car, so he started to pull forward... I laughed, finding it funny, and then I slowly realized that the car was against my shins and my feet were under the bumper of the car.......",0,1,0,0,1,eng,well i was being nice and throwing our trash away at sonic he started to back up so i slammed my hands on the front of the car so he started to pull forward i laughed finding it funny and then i slowly realized that the car was against my shins and my feet were under the bumper of the car
eng_train_track_a_01171,"We pressed play, and some Rap song came on.",0,0,1,0,1,eng,we pressed play and some rap song came on
eng_train_track_a_01172,I smoke weed alone I have a tendency to become hungry.,0,0,1,0,0,eng,i smoke weed alone i have a tendency to become hungry
eng_train_track_a_01173,"""I forget, but I never forgive!",1,0,0,0,0,eng,i forget but i never forgive
eng_train_track_a_01174,We cleaned up another 15-20 litres of wine and finished up by the boys lifting the flagon to my mouth while I sculled the last litre or so.,0,0,1,0,0,eng,we cleaned up another 1520 litres of wine and finished up by the boys lifting the flagon to my mouth while i sculled the last litre or so
eng_train_track_a_01175,I wish there was some way to know which dreams were going to come true.,0,1,0,1,1,eng,i wish there was some way to know which dreams were going to come true
eng_train_track_a_01176,my knees are banged to shit tho.,0,0,0,1,0,eng,my knees are banged to shit tho
eng_train_track_a_01177,"My prep nurse Deborah ( went by Debbie ( Which I thought was great because I really wanted my mom with me, but it wasn't possible with a C-Section ) ) Held my hand and told me to sit very still.",0,1,0,0,0,eng,my prep nurse deborah went by debbie which i thought was great because i really wanted my mom with me but it wasnt possible with a csection held my hand and told me to sit very still
eng_train_track_a_01178,"It was a call from the company whose offer i had accepted, saying that on the medical check up ( i signed the contract before i went on med.check ); my lungs doesn't seem well.",0,1,0,1,0,eng,it was a call from the company whose offer i had accepted saying that on the medical check up i signed the contract before i went on medcheck my lungs doesnt seem well
eng_train_track_a_01179,"hopeful Six months ago, I stood in a strange new place, my strange new home, in front of a fountain with a shiny penny in my hand.",0,0,1,0,0,eng,hopeful six months ago i stood in a strange new place my strange new home in front of a fountain with a shiny penny in my hand
eng_train_track_a_01180,"The priest must have taken pity on me because of the rain, because my hands were otherwise engaged, and apparently because he thought I looked smokin ' hot.",0,0,1,0,0,eng,the priest must have taken pity on me because of the rain because my hands were otherwise engaged and apparently because he thought i looked smokin hot
eng_train_track_a_01181,Sure enough - same car.,0,0,0,0,1,eng,sure enough same car
eng_train_track_a_01182,p / s: iloveyou guys from the bottom until the top of my heart.,0,0,1,0,0,eng,p s iloveyou guys from the bottom until the top of my heart
eng_train_track_a_01183,"Man, I was wrong.",0,0,0,1,1,eng,man i was wrong
eng_train_track_a_01184,"Scariest part is when I couldn't move my body, with my conscious aware of everything and not being able to breathe.",0,1,0,1,1,eng,scariest part is when i couldnt move my body with my conscious aware of everything and not being able to breathe
eng_train_track_a_01185,I cringe because I have a morbid fear of STDs.,0,1,0,0,0,eng,i cringe because i have a morbid fear of stds
eng_train_track_a_01186,"The monster was right in front of me and gripped my arms tightly, giving me no chance to escape.",0,1,0,0,0,eng,the monster was right in front of me and gripped my arms tightly giving me no chance to escape
eng_train_track_a_01187,She sat me in the chair and spent a total of 30 seconds looking in my mouth.,0,0,0,0,0,eng,she sat me in the chair and spent a total of 30 seconds looking in my mouth
eng_train_track_a_01188,"Being insensitive and ignorant like that is completely uncalled for and that just made me sick.Even more, there are a couple people that get under my skin a bit.",1,0,0,1,0,eng,being insensitive and ignorant like that is completely uncalled for and that just made me sickeven more there are a couple people that get under my skin a bit
eng_train_track_a_01189,"He happened to be wearing two leather jackets at the time, so the machete only cut halfway through his arm right below the elbow.",0,1,0,1,1,eng,he happened to be wearing two leather jackets at the time so the machete only cut halfway through his arm right below the elbow
eng_train_track_a_01190,"There isn't a lot left, so I'm going to summarize from this point on.",0,0,1,0,0,eng,there isnt a lot left so im going to summarize from this point on
eng_train_track_a_01191,"We went out for pizza, everything was grand -- great conversation, no awkwardness -- until a friend of hers came up and started chatting, and then congratulated her on her new boyfriend, etc.",0,1,1,1,1,eng,we went out for pizza everything was grand great conversation no awkwardness until a friend of hers came up and started chatting and then congratulated her on her new boyfriend etc
eng_train_track_a_01192,Instead I have to go down there to find them all drinking.,1,0,0,0,0,eng,instead i have to go down there to find them all drinking
eng_train_track_a_01193,"""Well I have loads, you can share mine"".",0,0,1,0,0,eng,well i have loads you can share mine
eng_train_track_a_01194,My foot was tingling for sometime afterwards but the pain was mostly gone and there was no more grinding sensation.,0,1,0,0,0,eng,my foot was tingling for sometime afterwards but the pain was mostly gone and there was no more grinding sensation
eng_train_track_a_01195,"I was eating and drinking well, my legs felt fresh, and other than a twinge in my achilles tendon, I felt on the ball.",0,0,1,0,0,eng,i was eating and drinking well my legs felt fresh and other than a twinge in my achilles tendon i felt on the ball
eng_train_track_a_01196,I pulled a shard of bone out of my mouth.,0,1,0,0,0,eng,i pulled a shard of bone out of my mouth
eng_train_track_a_01197,"By Sharlyn Guthrie From the sea fate called to me, harmless ` round my ankles danced.",0,0,1,0,0,eng,by sharlyn guthrie from the sea fate called to me harmless round my ankles danced
eng_train_track_a_01198,Best/worst physics class of my life.,0,1,1,1,1,eng,bestworst physics class of my life
eng_train_track_a_01199,"He went and cried, literally cried, to the guidance counselor.",0,0,0,1,1,eng,he went and cried literally cried to the guidance counselor
eng_train_track_a_01200,"Bitch daniel splashed fish water @ my face, lmfao.",1,0,0,0,0,eng,bitch daniel splashed fish water my face lmfao
eng_train_track_a_01201,The grip on my wrist tightened and my arm throbbed from the pressure.,1,1,0,0,0,eng,the grip on my wrist tightened and my arm throbbed from the pressure
eng_train_track_a_01202,That is how you single-handedly stop a zombie apocalypse.,0,0,1,0,1,eng,that is how you singlehandedly stop a zombie apocalypse
eng_train_track_a_01203,"When I pulled her back in, her hand went to the perfect spot on my chest.",0,0,1,0,0,eng,when i pulled her back in her hand went to the perfect spot on my chest
eng_train_track_a_01204,"When I poked my head in the box to see how they were doing, the other one just let out a single peep!",0,0,1,0,1,eng,when i poked my head in the box to see how they were doing the other one just let out a single peep
eng_train_track_a_01205,"I could still feel glass showering down and now the cut on my head was bleeding pretty badly, I could taste the blood as it ran down my face and mixed with my sweat and hit my lips.",0,1,0,1,0,eng,i could still feel glass showering down and now the cut on my head was bleeding pretty badly i could taste the blood as it ran down my face and mixed with my sweat and hit my lips
eng_train_track_a_01206,We broke up twice.,1,1,0,1,0,eng,we broke up twice
eng_train_track_a_01207,"The whole class turned to look at me and i felt my cheeks flame up a wonderul crimson colour as I tried to bury my head back into my book, i wanted to look back up take one more glimpse at her but I daren't.",0,1,0,1,0,eng,the whole class turned to look at me and i felt my cheeks flame up a wonderul crimson colour as i tried to bury my head back into my book i wanted to look back up take one more glimpse at her but i darent
eng_train_track_a_01208,I was on a date with this woman.,0,0,1,0,0,eng,i was on a date with this woman
eng_train_track_a_01209,My parents blame me.,1,1,0,1,0,eng,my parents blame me
eng_train_track_a_01210,"The interesting part is, i hear nothing.",0,1,0,0,1,eng,the interesting part is i hear nothing
eng_train_track_a_01211,"I dropped her at her house, assumed she thought it went as badly as I did, and thought nothing more of it.",0,0,0,1,0,eng,i dropped her at her house assumed she thought it went as badly as i did and thought nothing more of it
eng_train_track_a_01212,mmm... my mouth is watering just thinking about it!,0,0,1,0,0,eng,mmm my mouth is watering just thinking about it
eng_train_track_a_01213,"She staggered backwards, hit her head hard enough on the wall to leave a dent, and slumped down.",0,1,0,1,1,eng,she staggered backwards hit her head hard enough on the wall to leave a dent and slumped down
eng_train_track_a_01214,It was a mess.,1,1,0,1,0,eng,it was a mess
eng_train_track_a_01215,"They were filled with garbage, dirty clothes, and empty tampon containers.",1,1,0,1,1,eng,they were filled with garbage dirty clothes and empty tampon containers
eng_train_track_a_01216,"and sometimes an elbow to your side makes you realize that you better get moving too!time waits for no man, tom waites makes my spine tremble, and thyme makes a good spice.",0,1,0,0,0,eng,and sometimes an elbow to your side makes you realize that you better get moving tootime waits for no man tom waites makes my spine tremble and thyme makes a good spice
eng_train_track_a_01217,So I got my hand on the Healthy wear powder foundation in creamy beige for $ 3.45.,0,0,1,0,0,eng,so i got my hand on the healthy wear powder foundation in creamy beige for 345
eng_train_track_a_01218,"There was the tiniest pause in my head for a moment, as I looked round at her.",0,1,0,0,0,eng,there was the tiniest pause in my head for a moment as i looked round at her
eng_train_track_a_01219,for puttin my heart into it n come out cryin n sad.,0,0,0,1,0,eng,for puttin my heart into it n come out cryin n sad
eng_train_track_a_01220,His life was hell.,0,1,0,1,0,eng,his life was hell
eng_train_track_a_01221,The waiter obliged though and did box the salad.,0,0,1,0,0,eng,the waiter obliged though and did box the salad
eng_train_track_a_01222,And soon well need more cabbage and potatoes.,0,0,0,0,0,eng,and soon well need more cabbage and potatoes
eng_train_track_a_01223,"It was probably about 21:00, either way it had already gone very dark (was possibly winter time).",0,1,0,0,0,eng,it was probably about 2100 either way it had already gone very dark was possibly winter time
eng_train_track_a_01224,"While we were swimming, I went out where it was almost to my shoulders.",0,1,1,0,0,eng,while we were swimming i went out where it was almost to my shoulders
eng_train_track_a_01225,I still have a blank stare on my face.,0,0,0,0,0,eng,i still have a blank stare on my face
eng_train_track_a_01226,"At one point, I got pissed at Bryce for holding my hands back while my cell phone rang.",1,0,0,0,0,eng,at one point i got pissed at bryce for holding my hands back while my cell phone rang
eng_train_track_a_01227,That thing was there.,0,1,0,0,1,eng,that thing was there
eng_train_track_a_01228,"There, I was just inches away from him and for some reason, I felt the beating of my heart jump out from within me.",0,1,0,0,1,eng,there i was just inches away from him and for some reason i felt the beating of my heart jump out from within me
eng_train_track_a_01229,it's currently snowing big flakes outside and i'm crossing my fingers and hoping for a snow day.,0,1,1,0,0,eng,its currently snowing big flakes outside and im crossing my fingers and hoping for a snow day
eng_train_track_a_01230,Nothing but the dark.,0,1,0,1,0,eng,nothing but the dark
eng_train_track_a_01231,She never went through general anesthesia again.,0,1,0,1,0,eng,she never went through general anesthesia again
eng_train_track_a_01232,`` So this is what is going through my head today while I try to tackle an immense amount of work.,0,1,0,0,0,eng,so this is what is going through my head today while i try to tackle an immense amount of work
eng_train_track_a_01233,My face was just not meant to smile.,1,0,0,1,0,eng,my face was just not meant to smile
eng_train_track_a_01234,The best I could offer was a small keloid scar on the meaty part of my palm from busting a glass while washing dishes.,0,0,0,0,0,eng,the best i could offer was a small keloid scar on the meaty part of my palm from busting a glass while washing dishes
eng_train_track_a_01235,A penny hit me square in the face.,1,1,0,0,1,eng,a penny hit me square in the face
eng_train_track_a_01236,At this point I am confident that my neck could actually heal completely which is unlike how I felt about it previously.,0,0,1,0,0,eng,at this point i am confident that my neck could actually heal completely which is unlike how i felt about it previously
eng_train_track_a_01237,Got me so far?,0,0,0,0,0,eng,got me so far
eng_train_track_a_01238,Thoight it was weird.,0,1,0,0,1,eng,thoight it was weird
eng_train_track_a_01239,I was just crying so hard that the tears dripped off my chin and into the sink ).,0,1,0,1,0,eng,i was just crying so hard that the tears dripped off my chin and into the sink
eng_train_track_a_01240,Idk what to believe..,0,1,0,1,1,eng,idk what to believe
eng_train_track_a_01241,' So I held it up to my face and waved at it before swallowing it.We got home around 8:30 AM.,0,0,0,0,1,eng,so i held it up to my face and waved at it before swallowing itwe got home around 830 am
eng_train_track_a_01242,"Makeing a sorta clam shell, or like someone praying but sideways., around my clentched fist.",0,1,0,0,0,eng,makeing a sorta clam shell or like someone praying but sideways around my clentched fist
eng_train_track_a_01243,"A voice from below begged, pleaded to be unburied.",0,1,0,1,1,eng,a voice from below begged pleaded to be unburied
eng_train_track_a_01244,I woke up around 10:30 with a million thoughts rolling through my head.,0,1,0,0,0,eng,i woke up around 1030 with a million thoughts rolling through my head
eng_train_track_a_01245,I caught a co-worker stealing my prescription migraine medicine.,1,1,0,0,1,eng,i caught a coworker stealing my prescription migraine medicine
eng_train_track_a_01246,Another seventeen were sent to the hospital.,0,1,0,1,1,eng,another seventeen were sent to the hospital
eng_train_track_a_01247,We've never met.,0,0,0,0,1,eng,weve never met
eng_train_track_a_01248,"Shitty situation, dont protect yourself with guns unless shots have already been fired.",1,1,0,0,0,eng,shitty situation dont protect yourself with guns unless shots have already been fired
eng_train_track_a_01249,I looked down only to see a flashing red light buried in the dirt under my feet.,0,1,0,0,1,eng,i looked down only to see a flashing red light buried in the dirt under my feet
eng_train_track_a_01250,"I'm tired of fighting against you Life, I'm tired of getting up and going into work day after day even when I'm sick to my stomach and my head's throbbing.",1,1,0,1,0,eng,im tired of fighting against you life im tired of getting up and going into work day after day even when im sick to my stomach and my heads throbbing
eng_train_track_a_01251,"Oh, this thread is perfect.",0,0,1,0,0,eng,oh this thread is perfect
eng_train_track_a_01252,Tears streaming down my face I say '' let this end be because of my own making. '',0,1,0,1,0,eng,tears streaming down my face i say let this end be because of my own making
eng_train_track_a_01253,Every september I used to get a wicked case due to fluid in my ears caused by allergies.,0,1,0,1,0,eng,every september i used to get a wicked case due to fluid in my ears caused by allergies
eng_train_track_a_01254,i can see him staring from the corner of my eye i take a small glance and ask myself `` why? '',0,1,0,0,1,eng,i can see him staring from the corner of my eye i take a small glance and ask myself why
eng_train_track_a_01255,""" We don't have anything that they want, so they told me.",0,1,0,1,1,eng,we dont have anything that they want so they told me
eng_train_track_a_01256,She lived in the boonies &amp; one night she was getting ready for bed when she glanced out the window &amp; saw a red flicker.,0,1,0,0,1,eng,she lived in the boonies amp one night she was getting ready for bed when she glanced out the window amp saw a red flicker
eng_train_track_a_01257,"Crazy.Anyway, my feet & knees still hurt this morning.",0,1,0,0,0,eng,crazyanyway my feet knees still hurt this morning
eng_train_track_a_01258,"I then started to cry again, with a doll in my arms.",0,0,0,1,0,eng,i then started to cry again with a doll in my arms
eng_train_track_a_01259,My head smashed into the roof of it hard enough to drive every thought from my head.,1,1,0,0,0,eng,my head smashed into the roof of it hard enough to drive every thought from my head
eng_train_track_a_01260,I was sweating and panicked.,0,1,0,0,0,eng,i was sweating and panicked
eng_train_track_a_01261,Meaningless at the time.,0,0,0,1,0,eng,meaningless at the time
eng_train_track_a_01262,"It was dark but I could see my door was slightly open, and on the other side was from what I could tell a giant eye.",0,1,0,0,1,eng,it was dark but i could see my door was slightly open and on the other side was from what i could tell a giant eye
eng_train_track_a_01263,In college we had a lot of foreign students at school.,0,0,1,0,0,eng,in college we had a lot of foreign students at school
eng_train_track_a_01264,It was really beautiful but being half asleep I didn't want to wake up anymore and so I kept dozing in and out of sleep watching the sunrise for a few moments before closing my eyes again and drifting off to sleep.,0,0,1,0,0,eng,it was really beautiful but being half asleep i didnt want to wake up anymore and so i kept dozing in and out of sleep watching the sunrise for a few moments before closing my eyes again and drifting off to sleep
eng_train_track_a_01265,Now I am resting and I have to do my ear drops again.,0,1,0,0,0,eng,now i am resting and i have to do my ear drops again
eng_train_track_a_01266,I can see it in my head.,0,0,0,0,0,eng,i can see it in my head
eng_train_track_a_01267,"It was a joyously frightening ride and as I went to get off the bike, I burned my leg on the exhaust.",0,1,1,0,0,eng,it was a joyously frightening ride and as i went to get off the bike i burned my leg on the exhaust
eng_train_track_a_01268,"""That's were those people went missing"".",0,1,0,1,1,eng,thats were those people went missing
eng_train_track_a_01269,It was so fucking weird.,0,1,0,0,1,eng,it was so fucking weird
eng_train_track_a_01270,"Jamming the finger in my mouth to suck on, I open my stinging eyes and look over to my nightstand.",0,1,0,1,0,eng,jamming the finger in my mouth to suck on i open my stinging eyes and look over to my nightstand
eng_train_track_a_01271,"), and I've imagined an entire life for him, his family, and his friends.",0,0,1,0,0,eng,and ive imagined an entire life for him his family and his friends
eng_train_track_a_01272,I remember Pirate Percy.,0,0,1,1,0,eng,i remember pirate percy
eng_train_track_a_01273,"I don't mind conditioning, but with my hip?",0,1,0,0,0,eng,i dont mind conditioning but with my hip
eng_train_track_a_01274,I shook my head.,0,0,0,0,0,eng,i shook my head
eng_train_track_a_01275,"He looked over my face, my chest, and slowly down, one hand pulling open the tie on my robe.",0,0,0,0,0,eng,he looked over my face my chest and slowly down one hand pulling open the tie on my robe
eng_train_track_a_01276,"Nothing in his bed, not on his pillow, not on the bed, not on any doorhandles...nothing.",0,1,0,1,1,eng,nothing in his bed not on his pillow not on the bed not on any doorhandlesnothing
eng_train_track_a_01277,"As soon as I came out of the loo to wash my hands, a girl stepped out of the loo next to mine, followed by an horrendous smell.",0,1,0,0,0,eng,as soon as i came out of the loo to wash my hands a girl stepped out of the loo next to mine followed by an horrendous smell
eng_train_track_a_01278,What happened to my heart when it broke into pieces?,0,0,0,1,0,eng,what happened to my heart when it broke into pieces
eng_train_track_a_01279,"I never saw that thing again, because evidently it was ""stolen"".",1,1,0,0,1,eng,i never saw that thing again because evidently it was stolen
eng_train_track_a_01280,"I've spent tons of time in the desert, in the forest, camping, hiking.",0,0,1,0,0,eng,ive spent tons of time in the desert in the forest camping hiking
eng_train_track_a_01281,"So the money is ""taken"" from the employees.",1,0,0,0,0,eng,so the money is taken from the employees
eng_train_track_a_01282,"Not too long after my family left, a guy came in to hook me up to yet another machine briefly to check my breathing which proved to be labored but not dangerously slow ( a nurse came in later a gave me a little toy thing to exercise my lungs which helped a bit ) and another couple guys came in to take an x-ray of my lungs.",0,1,0,0,0,eng,not too long after my family left a guy came in to hook me up to yet another machine briefly to check my breathing which proved to be labored but not dangerously slow a nurse came in later a gave me a little toy thing to exercise my lungs which helped a bit and another couple guys came in to take an xray of my lungs
eng_train_track_a_01283,The pain was incredible.,0,1,0,1,0,eng,the pain was incredible
eng_train_track_a_01284,"The manager was at the till beside the front door, and the rest of us were mopping upstairs, cleaning tables and giving the staff toilet and stock room the once over.",0,0,0,0,0,eng,the manager was at the till beside the front door and the rest of us were mopping upstairs cleaning tables and giving the staff toilet and stock room the once over
eng_train_track_a_01285,I started smoking there.,0,0,0,0,0,eng,i started smoking there
eng_train_track_a_01286,They have nothing to fear.,0,0,1,0,0,eng,they have nothing to fear
eng_train_track_a_01287,"I pushed her away, looked at the other pups, played, and did all the little `` tests '' but, every time someone turned loose of that the little female pup, she simplly walked over, and crawled in my lap, licked my hand.",0,0,1,0,0,eng,i pushed her away looked at the other pups played and did all the little tests but every time someone turned loose of that the little female pup she simplly walked over and crawled in my lap licked my hand
eng_train_track_a_01288,I used to work for a UK energy company and through asking the right people the right questions I learned about the distribution gap.,0,0,1,0,0,eng,i used to work for a uk energy company and through asking the right people the right questions i learned about the distribution gap
eng_train_track_a_01289,"During the long and high vocals at the end, hair stood up on the back of my neck.",0,1,0,0,1,eng,during the long and high vocals at the end hair stood up on the back of my neck
eng_train_track_a_01290,I think my eyes shut immediately after my head hit that pillow.,0,0,1,0,0,eng,i think my eyes shut immediately after my head hit that pillow
eng_train_track_a_01291,My pencil is in my hand.,0,0,0,0,0,eng,my pencil is in my hand
eng_train_track_a_01292,"Then while it was still on my heart, I opened it into a V with my index and middle finger.",0,0,1,0,0,eng,then while it was still on my heart i opened it into a v with my index and middle finger
eng_train_track_a_01293,where my feet couldn't get warm enough while i slept and i had to wear booties while sleeping.,0,1,0,0,0,eng,where my feet couldnt get warm enough while i slept and i had to wear booties while sleeping
eng_train_track_a_01294,It buoyed up my heart.,0,0,1,0,0,eng,it buoyed up my heart
eng_train_track_a_01295,A former boxing coach for the Soviet Union.,0,0,0,0,1,eng,a former boxing coach for the soviet union
eng_train_track_a_01296,My heart sinks.,0,1,0,1,0,eng,my heart sinks
eng_train_track_a_01297,"""Liutenant, we see the black patch.",0,1,0,0,1,eng,liutenant we see the black patch
eng_train_track_a_01298,My hands were full.,0,0,0,0,0,eng,my hands were full
eng_train_track_a_01299,"I stirred the surface of the water with my hand; my face wiped away, only to reform when the mirror settled down again.",0,1,0,0,1,eng,i stirred the surface of the water with my hand my face wiped away only to reform when the mirror settled down again
eng_train_track_a_01300,"I throw my hands up in the air sometimes Sayin ' ay-oh, got ta let go I wan na celebrate and live my life Sayin ' ay-oh, baby let's go 'Cause we gon ' rock this club We gon ' go all night We gon ' light it up Like it's dynamite 'Cause I told you once Now I told you twice We gon ' light it up Like it's dynamite God, I wish I could.",0,0,1,0,0,eng,i throw my hands up in the air sometimes sayin ayoh got ta let go i wan na celebrate and live my life sayin ayoh baby lets go cause we gon rock this club we gon go all night we gon light it up like its dynamite cause i told you once now i told you twice we gon light it up like its dynamite god i wish i could
eng_train_track_a_01301,""" I explain the promotion to them and he is quick to decide he wants three.",0,0,1,0,1,eng,i explain the promotion to them and he is quick to decide he wants three
eng_train_track_a_01302,"I fell to my knees, my body shaking with the sorrow I held in me since I woke up.",0,0,0,1,0,eng,i fell to my knees my body shaking with the sorrow i held in me since i woke up
eng_train_track_a_01303,For many months I learned to shower keeping my elbows close to prevent water from hosing off the ends and totally drenching the place.,0,1,0,0,0,eng,for many months i learned to shower keeping my elbows close to prevent water from hosing off the ends and totally drenching the place
eng_train_track_a_01304,&lt;/crazy-nutter&gt;,0,1,0,0,1,eng,ltcrazynuttergt
eng_train_track_a_01305,Maybe I should try to get my hands on some.,0,0,0,0,0,eng,maybe i should try to get my hands on some
eng_train_track_a_01306,"Warmth, acrossed my cheek from golden rays.",0,0,1,0,0,eng,warmth acrossed my cheek from golden rays
eng_train_track_a_01307,"As I walked in the door she came around the corner, squealing with delight and ran into my arms!",0,0,1,0,1,eng,as i walked in the door she came around the corner squealing with delight and ran into my arms
eng_train_track_a_01308,I go in and sit down at my usual seat.,0,0,0,0,0,eng,i go in and sit down at my usual seat
eng_train_track_a_01309,"`` Well then, by all means, curl my toes. ''",0,0,0,0,0,eng,well then by all means curl my toes
eng_train_track_a_01310,"Ah, to close my eyes and let time fly by, Because there's so much to gain By forgetting these dreams driving me insane.",0,1,0,1,0,eng,ah to close my eyes and let time fly by because theres so much to gain by forgetting these dreams driving me insane
eng_train_track_a_01311,It started out like a small ache but as the day progressed it turned into this sharp jabbing pain in my ear.,0,1,0,0,0,eng,it started out like a small ache but as the day progressed it turned into this sharp jabbing pain in my ear
eng_train_track_a_01312,I most certainly had change.,0,0,0,0,0,eng,i most certainly had change
eng_train_track_a_01313,"I think, just a week or so until I have my Nala kitty back in my arms.",0,0,1,0,0,eng,i think just a week or so until i have my nala kitty back in my arms
eng_train_track_a_01314,Quite the opposite-total sloth/stoner/drunk.,0,0,0,0,1,eng,quite the oppositetotal slothstonerdrunk
eng_train_track_a_01315,We haven't talked about it since.,0,0,0,1,0,eng,we havent talked about it since
eng_train_track_a_01316,"My arms reached forward, and I grabbed on to his leg.",0,0,0,0,0,eng,my arms reached forward and i grabbed on to his leg
eng_train_track_a_01317,"i kind of bawled my eyes out at the end; i warn you, it is highly depressing!",0,0,0,1,0,eng,i kind of bawled my eyes out at the end i warn you it is highly depressing
eng_train_track_a_01318,"Now, we just gotta get it home.",0,0,1,0,0,eng,now we just gotta get it home
eng_train_track_a_01319,=D but i took the ones written on my hands one!,0,0,1,0,0,eng,d but i took the ones written on my hands one
eng_train_track_a_01320,I went walking the other day and froze my lungs out.,0,1,0,0,0,eng,i went walking the other day and froze my lungs out
eng_train_track_a_01321,Thankfully it was witnessed by the counselor in full detail.,0,1,1,0,0,eng,thankfully it was witnessed by the counselor in full detail
eng_train_track_a_01322,"The other was terrible, horrible, no good, very bad.",1,0,0,1,0,eng,the other was terrible horrible no good very bad
eng_train_track_a_01323,"With an infant, stroller and backup, I had my hands full and I needed time to do things.",0,1,0,0,0,eng,with an infant stroller and backup i had my hands full and i needed time to do things
eng_train_track_a_01324,I get close enough to see the empty bottle and it starts moving a little.,0,1,0,0,1,eng,i get close enough to see the empty bottle and it starts moving a little
eng_train_track_a_01325,What was the aftermath?,0,1,0,0,1,eng,what was the aftermath
eng_train_track_a_01326,"At this point I am starting to have an anxiety attack, but I keep listening.",0,1,0,0,0,eng,at this point i am starting to have an anxiety attack but i keep listening
eng_train_track_a_01327,"Today, I ventured to swim class where Reese spent the entire 10 ( to maybe 12 ) minutes we were in the pool softly crying, almost whimpering and licking my shoulder.",0,1,0,1,0,eng,today i ventured to swim class where reese spent the entire 10 to maybe 12 minutes we were in the pool softly crying almost whimpering and licking my shoulder
eng_train_track_a_01328,It used its claws to tear my living room couch to shreds.,1,1,0,1,1,eng,it used its claws to tear my living room couch to shreds
eng_train_track_a_01329,"So I tried to make things as simple as possible, even though it was a pretty fancy wedding (my mom's standards).",0,0,1,0,0,eng,so i tried to make things as simple as possible even though it was a pretty fancy wedding my moms standards
eng_train_track_a_01330,"The Tooth Fairy paid for my teeth in quarters, equivalent to my age in years.",0,0,1,0,0,eng,the tooth fairy paid for my teeth in quarters equivalent to my age in years
eng_train_track_a_01331,i oblige and he says something about how i have fluid in my lungs and i need to cough it all out.,0,1,0,0,0,eng,i oblige and he says something about how i have fluid in my lungs and i need to cough it all out
eng_train_track_a_01332,My nose is so stuffed up right now.,0,1,0,1,0,eng,my nose is so stuffed up right now
eng_train_track_a_01333,Sometimes I have difficulty feeling my feet-I much prefer the clouds.,0,1,0,0,0,eng,sometimes i have difficulty feeling my feeti much prefer the clouds
eng_train_track_a_01334,By that point I felt like someone was stabbing my head with a sharp object.,0,1,0,0,0,eng,by that point i felt like someone was stabbing my head with a sharp object
eng_train_track_a_01335,"I can only knit for so long till my hands start to hurt, and I haven't been in a video gaming mood lately, so I needed something.",0,0,0,0,0,eng,i can only knit for so long till my hands start to hurt and i havent been in a video gaming mood lately so i needed something
eng_train_track_a_01336,I felt like I had been paddling for all I was worth for the last year and could not seem to get my head above water.,0,1,0,1,0,eng,i felt like i had been paddling for all i was worth for the last year and could not seem to get my head above water
eng_train_track_a_01337,My car door was still open so running into the street after it like a moron i tried getting into the car and winded up missing and getting stuck half in the car and half out getting drug across the street and finally ending up in someones yard when the car came to a stop after rolling over my foot with the tire.,1,1,0,1,1,eng,my car door was still open so running into the street after it like a moron i tried getting into the car and winded up missing and getting stuck half in the car and half out getting drug across the street and finally ending up in someones yard when the car came to a stop after rolling over my foot with the tire
eng_train_track_a_01338,"I snapped my phone shut, clenching my fist around it tightly.",1,0,0,0,0,eng,i snapped my phone shut clenching my fist around it tightly
eng_train_track_a_01339,"No noise at all, no lights, it wasn't pitch black either.",0,1,0,0,1,eng,no noise at all no lights it wasnt pitch black either
eng_train_track_a_01340,At least not right away.,0,0,0,0,1,eng,at least not right away
eng_train_track_a_01341,Guys are trying to get in your pants.,1,1,0,0,0,eng,guys are trying to get in your pants
eng_train_track_a_01342,"I stopped laughing, clearing my throat and looking down again.",0,0,0,0,0,eng,i stopped laughing clearing my throat and looking down again
eng_train_track_a_01343,"I witnessed as the age old rock tradition of holding up lighters spread across the 28,000 person deep crowd... lighting up the entire audience... the hair on my arms started to raise until I noticed that....",0,1,1,0,0,eng,i witnessed as the age old rock tradition of holding up lighters spread across the 28000 person deep crowd lighting up the entire audience the hair on my arms started to raise until i noticed that
eng_train_track_a_01344,"The promptly beat me.In my defense, I was only armed with the evil camera, my mouth and some water balloons.",0,1,0,0,0,eng,the promptly beat mein my defense i was only armed with the evil camera my mouth and some water balloons
eng_train_track_a_01345,"Stretching until my toes were caught by the sheets and my fingertips brushed the headboard, I opened my eyes.",0,0,1,0,0,eng,stretching until my toes were caught by the sheets and my fingertips brushed the headboard i opened my eyes
eng_train_track_a_01346,It hadn't been plugged in and cell phones keep time automatically.,0,0,0,0,1,eng,it hadnt been plugged in and cell phones keep time automatically
eng_train_track_a_01347,"light and noise, they make my brain pound against my skull.",0,1,0,0,0,eng,light and noise they make my brain pound against my skull
eng_train_track_a_01348,"It started storming outside, light at first but it got heavy, quick.",0,1,0,0,1,eng,it started storming outside light at first but it got heavy quick
eng_train_track_a_01349,Freaked all 3 of us out.,0,1,0,0,1,eng,freaked all 3 of us out
eng_train_track_a_01350,Just the thought is bring tears to my eyes again.,0,0,0,1,0,eng,just the thought is bring tears to my eyes again
eng_train_track_a_01351,"I always had my nose in a book when I was younger, and when I moved up here I lost interest.",0,0,0,1,0,eng,i always had my nose in a book when i was younger and when i moved up here i lost interest
eng_train_track_a_01352,She just saw red.,1,0,0,0,0,eng,she just saw red
eng_train_track_a_01353,"At this point, everything goes quiet.",0,1,0,0,1,eng,at this point everything goes quiet
eng_train_track_a_01354,You've clearly been to hell and back.,0,1,0,1,0,eng,youve clearly been to hell and back
eng_train_track_a_01355,I said sure thing.,0,0,1,0,0,eng,i said sure thing
eng_train_track_a_01356,eventually i fell asleep on the floor of her closet.,0,1,0,1,0,eng,eventually i fell asleep on the floor of her closet
eng_train_track_a_01357,The afterimage lit up green and orange against my eyelids.,0,0,0,0,1,eng,the afterimage lit up green and orange against my eyelids
eng_train_track_a_01358,Then it hit me.,0,1,0,0,1,eng,then it hit me
eng_train_track_a_01359,You don't understand.,1,1,0,0,0,eng,you dont understand
eng_train_track_a_01360,We went on rehearsing.,0,0,1,0,0,eng,we went on rehearsing
eng_train_track_a_01361,"""Yes Johnson"" ARcH replied.",0,0,0,0,1,eng,yes johnson arch replied
eng_train_track_a_01362,The computer screen is really bright and it hurts my eyes.,0,1,0,0,0,eng,the computer screen is really bright and it hurts my eyes
eng_train_track_a_01363,Let's go back to the gym.,0,0,1,0,0,eng,lets go back to the gym
eng_train_track_a_01364,"`` That $ smell, '' I said softly, closing my eyes and feeling it rush over me as Xavier smiled down at me and shook his head slightly.",0,0,1,0,0,eng,that smell i said softly closing my eyes and feeling it rush over me as xavier smiled down at me and shook his head slightly
eng_train_track_a_01365,"-one roommate never showered, end of the year garbage bags of trash were taken out from her suite.",1,0,0,0,1,eng,one roommate never showered end of the year garbage bags of trash were taken out from her suite
eng_train_track_a_01366,I never got any waffles either.,1,0,0,1,0,eng,i never got any waffles either
eng_train_track_a_01367,This is my creepiest real story.,0,1,0,0,1,eng,this is my creepiest real story
eng_train_track_a_01368,Silence echoed in my head.,0,1,0,1,0,eng,silence echoed in my head
eng_train_track_a_01369,"My eyes followed, noting that there was just the two of us.",0,0,0,0,0,eng,my eyes followed noting that there was just the two of us
eng_train_track_a_01370,"Clearly, I need to get back on some technical trails and regain my footing there: ) My ankles have been spoiled on the easy pavement this winter!",0,0,1,0,0,eng,clearly i need to get back on some technical trails and regain my footing there my ankles have been spoiled on the easy pavement this winter
eng_train_track_a_01371,"And this charming, gorgeous, blonde struck up a conversation with me.",0,0,1,0,1,eng,and this charming gorgeous blonde struck up a conversation with me
eng_train_track_a_01372,It would be her first great grandchild.,0,0,1,0,1,eng,it would be her first great grandchild
eng_train_track_a_01373,I just sat there panting and wiping tears and mucus off my face.,0,1,0,1,0,eng,i just sat there panting and wiping tears and mucus off my face
eng_train_track_a_01374,"Now with my brain the way it is ( read: fried ), I had quite a difficult time coming up with one for this week.",0,1,0,1,0,eng,now with my brain the way it is read fried i had quite a difficult time coming up with one for this week
eng_train_track_a_01375,I turned to take a good look at the pictures and my jaw almost bounced off the kitchen floor.,0,1,1,0,1,eng,i turned to take a good look at the pictures and my jaw almost bounced off the kitchen floor
eng_train_track_a_01376,"Bless his heart $ < 3 Warnings: smoking, swearing, ridiculous spacing ( apologies ) I leaned thoughtfully against the brick wall outside of the studio, feeling the cold, rugged material of the stone press against my back through the black military blazer I wore, as I took a drag from my cigarette.",0,0,0,0,0,eng,bless his heart 3 warnings smoking swearing ridiculous spacing apologies i leaned thoughtfully against the brick wall outside of the studio feeling the cold rugged material of the stone press against my back through the black military blazer i wore as i took a drag from my cigarette
eng_train_track_a_01377,"A pink blob thing on a corveyor belt, it was really close, and slowly went away from me ( because it was on a corveyor belt ) I heard some background noise and knew I wasnt hallucinating it, someone was walking around in the kitchen so i took the ping pong balls off my eyes to not look crazy.",0,1,0,0,1,eng,a pink blob thing on a corveyor belt it was really close and slowly went away from me because it was on a corveyor belt i heard some background noise and knew i wasnt hallucinating it someone was walking around in the kitchen so i took the ping pong balls off my eyes to not look crazy
eng_train_track_a_01378,"The park is a small field, the only way out is at one end with a small fence with a gate, otherwise it's closed off.",0,1,0,0,0,eng,the park is a small field the only way out is at one end with a small fence with a gate otherwise its closed off
eng_train_track_a_01379,"""Do you believe in our lord and savior?",0,1,0,0,0,eng,do you believe in our lord and savior
eng_train_track_a_01380,"To top it all off, my back started to sieze up, possibly due to compensation habits and stress worrying about the issue.",0,1,0,1,0,eng,to top it all off my back started to sieze up possibly due to compensation habits and stress worrying about the issue
eng_train_track_a_01381,My brain screams at me as I force myself to sit on the toilet lid.,1,1,0,1,0,eng,my brain screams at me as i force myself to sit on the toilet lid
eng_train_track_a_01382,"the winner was announced & i slunk outta there briskly striding the two-point-five blocks home, inhaled vapour medication which is also miraculous, and brushed my teeth.",0,1,0,0,1,eng,the winner was announced i slunk outta there briskly striding the twopointfive blocks home inhaled vapour medication which is also miraculous and brushed my teeth
eng_train_track_a_01383,I sit there with my shotgun and wait.,0,1,0,0,0,eng,i sit there with my shotgun and wait
eng_train_track_a_01384,He had 4 inches and 40 pounds on me and I still won.,0,0,1,0,1,eng,he had 4 inches and 40 pounds on me and i still won
eng_train_track_a_01385,I was kind of scared of them.So my new knife sharpener came home with me last night and I sharpened all the knives I could lay my hands on.,0,1,0,0,0,eng,i was kind of scared of themso my new knife sharpener came home with me last night and i sharpened all the knives i could lay my hands on
eng_train_track_a_01386,$2K+ gone right there.,1,1,0,1,1,eng,2k gone right there
eng_train_track_a_01387,He immeditely broke down in tears from it.,0,0,0,1,0,eng,he immeditely broke down in tears from it
eng_train_track_a_01388,Why does my heart beat so fast when I see this one person?,0,1,0,0,0,eng,why does my heart beat so fast when i see this one person
eng_train_track_a_01389,I get the shivers to this day.,0,1,0,1,0,eng,i get the shivers to this day
eng_train_track_a_01390,This morning after a cup of coffee I went upstairs to get dressed to go running with Scout when something caught my eye on the armrest of my rocking chair.,0,0,0,0,1,eng,this morning after a cup of coffee i went upstairs to get dressed to go running with scout when something caught my eye on the armrest of my rocking chair
eng_train_track_a_01391,Unfortunately this one did not end the same way ours ended.,0,0,0,1,1,eng,unfortunately this one did not end the same way ours ended
eng_train_track_a_01392,"In my head, I was like... this is shit!",1,1,0,0,0,eng,in my head i was like this is shit
eng_train_track_a_01393,We hit off immediately and became friends.,0,0,1,0,0,eng,we hit off immediately and became friends
eng_train_track_a_01394,"It is a relief to be able to write about the things that go on in my head, as well as the things that go on in my life on a daily basis.",0,0,1,0,0,eng,it is a relief to be able to write about the things that go on in my head as well as the things that go on in my life on a daily basis
eng_train_track_a_01395,She was unhappily employed stripping at the time.,1,1,0,1,0,eng,she was unhappily employed stripping at the time
eng_train_track_a_01396,"The spark leaped through his body into mine, and then out my hand to the cart.",0,1,0,0,1,eng,the spark leaped through his body into mine and then out my hand to the cart
eng_train_track_a_01397,"(Also, excuse my writing, it's late)",0,0,0,0,0,eng,also excuse my writing its late
eng_train_track_a_01398,Unfortunately she had been sick and decided to leave early.,0,0,0,1,0,eng,unfortunately she had been sick and decided to leave early
eng_train_track_a_01399,"Things were great for awhile, everything was perfect.",0,0,1,0,0,eng,things were great for awhile everything was perfect
eng_train_track_a_01400,I just broke up with a girl I had been dating for a pretty long while.,0,1,0,1,0,eng,i just broke up with a girl i had been dating for a pretty long while
eng_train_track_a_01401,"Well, I stopped looking after two, because I really didn't want to know.And of course the natural progression of this examination is to move to the hair on my head... which fared no better.I am my father's daughter, and I am going to be a dashing salt-and-pepper by the time I am 35.",0,0,1,0,1,eng,well i stopped looking after two because i really didnt want to knowand of course the natural progression of this examination is to move to the hair on my head which fared no betteri am my fathers daughter and i am going to be a dashing saltandpepper by the time i am 35
eng_train_track_a_01402,"I watched her live her mid-life, raise her children and then grow old.",0,0,1,1,0,eng,i watched her live her midlife raise her children and then grow old
eng_train_track_a_01403,He pulls out a switchblade and cuts the side of my mouth.,1,1,0,1,0,eng,he pulls out a switchblade and cuts the side of my mouth
eng_train_track_a_01404,"Several hours of that was enough to put me flat on my back, so I took a nice long nap, then just rested for the remainder of the day.",0,1,0,0,0,eng,several hours of that was enough to put me flat on my back so i took a nice long nap then just rested for the remainder of the day
eng_train_track_a_01405,She legged it back to house scared shitless.,0,1,0,0,1,eng,she legged it back to house scared shitless
eng_train_track_a_01406,JUST STOP IT ALREADY!,1,1,0,0,0,eng,just stop it already
eng_train_track_a_01407,"Something went horribly wrong at the first one and I found my head empty, my thoughts run away.",0,1,0,1,0,eng,something went horribly wrong at the first one and i found my head empty my thoughts run away
eng_train_track_a_01408,"Maybe my nose is often runny, but I can smell danger well enough.",0,1,0,0,0,eng,maybe my nose is often runny but i can smell danger well enough
eng_train_track_a_01409,"With a few hours of daylight, I immediately hopped on my back after unpacking the car.",0,0,1,0,0,eng,with a few hours of daylight i immediately hopped on my back after unpacking the car
eng_train_track_a_01410,She was super happy for M.,0,0,1,0,0,eng,she was super happy for m
eng_train_track_a_01411,It's too late.,0,1,0,1,0,eng,its too late
eng_train_track_a_01412,"`` I thought that I was biting into something hard in my taco, but it was my TOOTH!",0,1,0,0,1,eng,i thought that i was biting into something hard in my taco but it was my tooth
eng_train_track_a_01413,I remember waiting for him to fall down.,1,1,0,0,0,eng,i remember waiting for him to fall down
eng_train_track_a_01414,my nose bled a lot for such a tiny thing.,0,0,0,0,0,eng,my nose bled a lot for such a tiny thing
eng_train_track_a_01415,And it felt good when the little fat puppy clumsily crawled over my feet and licked my nails.,0,0,1,0,0,eng,and it felt good when the little fat puppy clumsily crawled over my feet and licked my nails
eng_train_track_a_01416,I couldn't sleep last night for the adrenaline running through my veins.,0,1,0,0,0,eng,i couldnt sleep last night for the adrenaline running through my veins
eng_train_track_a_01417,... as it engulfs every fiber of muscle in my legs!!!,0,1,0,0,0,eng,as it engulfs every fiber of muscle in my legs
eng_train_track_a_01418,so i just kept nodding my head and smiling.,0,0,1,0,0,eng,so i just kept nodding my head and smiling
eng_train_track_a_01419,"It made me feel weird, like my stomach was tightening and I could feel that stupid blush again on the back of my neck and yet I couldn't look away.I don't know how long I stood there, staring into his eyes like that.",0,1,0,0,1,eng,it made me feel weird like my stomach was tightening and i could feel that stupid blush again on the back of my neck and yet i couldnt look awayi dont know how long i stood there staring into his eyes like that
eng_train_track_a_01420,I screamed the chest pain was so bad i clutched my chest.,0,1,0,0,0,eng,i screamed the chest pain was so bad i clutched my chest
eng_train_track_a_01421,"After we had finished eating, some of us continued shopping ( or wandering around the shops ) and a number of times, I was told to crouch down with my knees spread or bend over and had the jumper lifted.",0,1,0,0,0,eng,after we had finished eating some of us continued shopping or wandering around the shops and a number of times i was told to crouch down with my knees spread or bend over and had the jumper lifted
eng_train_track_a_01422,He was just plain GONE into thin air.,0,1,0,1,1,eng,he was just plain gone into thin air
eng_train_track_a_01423,) is going to die tonight.,0,1,0,1,1,eng,is going to die tonight
eng_train_track_a_01424,Only damage done was scarring and a broken collar bone.,0,1,0,1,0,eng,only damage done was scarring and a broken collar bone
eng_train_track_a_01425,Then it suddenly stopped.,0,1,0,0,1,eng,then it suddenly stopped
eng_train_track_a_01426,wah my face all cringed up.,0,0,0,1,0,eng,wah my face all cringed up
eng_train_track_a_01427,"I also dealt drugs (cocaine, methamphetamine, mushrooms, and marijuana).",0,1,0,0,1,eng,i also dealt drugs cocaine methamphetamine mushrooms and marijuana
eng_train_track_a_01428,Probably gonna get buried but...,0,1,0,1,0,eng,probably gonna get buried but
eng_train_track_a_01429,Voice will occassionally change like in the movies.,0,0,0,0,1,eng,voice will occassionally change like in the movies
eng_train_track_a_01430,I was house-sitting for my grandparents.,0,0,0,0,0,eng,i was housesitting for my grandparents
eng_train_track_a_01431,"I repeatedly thought, ""I am NOT going there!"".",1,1,0,0,0,eng,i repeatedly thought i am not going there
eng_train_track_a_01432,She shows up drunk.,1,1,0,1,1,eng,she shows up drunk
eng_train_track_a_01433,I immediately realized what had happened and tried to cover it up by gasping.,0,1,0,0,1,eng,i immediately realized what had happened and tried to cover it up by gasping
eng_train_track_a_01434,I then pushed myself up using my arms.,0,0,0,0,0,eng,i then pushed myself up using my arms
eng_train_track_a_01435,": Already got one on my leg want another one on my left leg Yeah, my left leg, my foot, the back of my neck, my hand... want more?",0,0,1,0,0,eng,already got one on my leg want another one on my left leg yeah my left leg my foot the back of my neck my hand want more
eng_train_track_a_01436,Grandmother touches my hand.,0,0,1,0,0,eng,grandmother touches my hand
eng_train_track_a_01437,"Out of nowhere, my belly started aching.",0,1,0,0,1,eng,out of nowhere my belly started aching
eng_train_track_a_01438,My feet started taking a heavy beating and the sun was burning my whole body.,0,1,0,1,0,eng,my feet started taking a heavy beating and the sun was burning my whole body
eng_train_track_a_01439,"One flew up and landed on my knee, another kept trying to draw attention to himself by flying up just inches from my face.",0,1,0,0,1,eng,one flew up and landed on my knee another kept trying to draw attention to himself by flying up just inches from my face
eng_train_track_a_01440,"( i have a little bit of time on my hands, okay?! )",0,0,1,0,0,eng,i have a little bit of time on my hands okay
eng_train_track_a_01441,"my eyes relaxed, and i relaxed for a while.",0,0,1,0,0,eng,my eyes relaxed and i relaxed for a while
eng_train_track_a_01442,"Enthusiastic and filled with hope I entered the voting booth that was so small I had to duck to get in, and hit my head.",0,0,1,0,1,eng,enthusiastic and filled with hope i entered the voting booth that was so small i had to duck to get in and hit my head
eng_train_track_a_01443,I'm pretty sure I know who you're talking about in this post.,0,0,0,0,1,eng,im pretty sure i know who youre talking about in this post
eng_train_track_a_01444,I was very sad for that snake who only died because I was too stupid to leave it alone!,0,0,0,1,0,eng,i was very sad for that snake who only died because i was too stupid to leave it alone
eng_train_track_a_01445,People curse at and even hit him.,1,1,0,1,0,eng,people curse at and even hit him
eng_train_track_a_01446,They were dancing to Bolero.,0,0,1,0,0,eng,they were dancing to bolero
eng_train_track_a_01447,Our classmate Mark had passed away late last night in his sleep.,0,1,0,1,1,eng,our classmate mark had passed away late last night in his sleep
eng_train_track_a_01448,He wasn't fucking with me either.,1,0,0,0,0,eng,he wasnt fucking with me either
eng_train_track_a_01449,"One day, we lost all contact.",0,1,0,1,0,eng,one day we lost all contact
eng_train_track_a_01450,"But for a brief moment, my heart and mind started racing.",0,1,0,0,0,eng,but for a brief moment my heart and mind started racing
eng_train_track_a_01451,""" and turns away, falling back asleep.",0,0,1,1,0,eng,and turns away falling back asleep
eng_train_track_a_01452,"My jaw was pretty messed up for a month or so (Swollen, couldnt eat without terrible pain.",0,1,0,1,0,eng,my jaw was pretty messed up for a month or so swollen couldnt eat without terrible pain
eng_train_track_a_01453,The object was shaped funny and broken at an odd fracture.,0,1,0,0,1,eng,the object was shaped funny and broken at an odd fracture
eng_train_track_a_01454,"However, there is someone else who's trying to win my heart.",0,1,1,0,0,eng,however there is someone else whos trying to win my heart
eng_train_track_a_01455,"The back half is dark and dense woods, overgrown, only one trail winding through.",0,1,0,0,0,eng,the back half is dark and dense woods overgrown only one trail winding through
eng_train_track_a_01456,As long as it doesn't feel as though my throat and tongue are swelling then there's not much to worry about I guess.,0,1,0,0,0,eng,as long as it doesnt feel as though my throat and tongue are swelling then theres not much to worry about i guess
eng_train_track_a_01457,"probably towed by now"".",0,1,0,0,0,eng,probably towed by now
eng_train_track_a_01458,I keep trying to keep my head up and not think about it.,0,1,0,1,0,eng,i keep trying to keep my head up and not think about it
eng_train_track_a_01459,So what happens is we get there.,0,0,0,0,0,eng,so what happens is we get there
eng_train_track_a_01460,Alarms rang in my head.,0,1,0,0,0,eng,alarms rang in my head
eng_train_track_a_01461,"See, I saw the movie trailer first, and it looked interesting, ( and, yes, I do have a bit of a crush on Pattinson ) and in my head I made up my own story.",0,0,1,0,0,eng,see i saw the movie trailer first and it looked interesting and yes i do have a bit of a crush on pattinson and in my head i made up my own story
eng_train_track_a_01462,"In that instant, this is what went through my brain.",0,1,0,0,1,eng,in that instant this is what went through my brain
eng_train_track_a_01463,"Turns out this big lug was basically 90% heart, 5% muscle, 5% brain.",0,0,1,0,1,eng,turns out this big lug was basically 90 heart 5 muscle 5 brain
eng_train_track_a_01464,"I've tried sewing pants and a skirt for Vivian but both turned out too short, so I'm sending them to Baby G. I burned my fingers four times in two days.",0,1,0,0,0,eng,ive tried sewing pants and a skirt for vivian but both turned out too short so im sending them to baby g i burned my fingers four times in two days
eng_train_track_a_01465,"Kinda freaky, but it never struck me deep.",0,1,0,1,1,eng,kinda freaky but it never struck me deep
eng_train_track_a_01466,"I set off down the street, walking with my head tilted slightly downwards, hiding my face from view.",0,1,0,1,0,eng,i set off down the street walking with my head tilted slightly downwards hiding my face from view
eng_train_track_a_01467,Let's hit it.,0,0,1,0,0,eng,lets hit it
eng_train_track_a_01468,"I think, however, it sucked some of my brain cells out of my head.",0,1,0,0,0,eng,i think however it sucked some of my brain cells out of my head
eng_train_track_a_01469,An OBE is an Out of Body Experience.,0,0,0,0,1,eng,an obe is an out of body experience
eng_train_track_a_01470,"Then, without warning, they disperse.",0,1,0,0,1,eng,then without warning they disperse
eng_train_track_a_01471,""" The black family behind me looked mortified.",0,1,0,1,1,eng,the black family behind me looked mortified
eng_train_track_a_01472,Swerved the car so I would make it.,0,1,0,0,1,eng,swerved the car so i would make it
eng_train_track_a_01473,Im wasting my time doing nothing with my sister's E5700 hanging on my neck.,0,1,0,0,0,eng,im wasting my time doing nothing with my sisters e5700 hanging on my neck
eng_train_track_a_01474,And the turbulence and near-death experiences.I hurt my neck again too.,0,1,0,1,0,eng,and the turbulence and neardeath experiencesi hurt my neck again too
eng_train_track_a_01475,"But early in the morning, say five or six, they all fell asleep.",0,0,0,0,0,eng,but early in the morning say five or six they all fell asleep
eng_train_track_a_01476,Comes home later that night to find the money gone.,1,1,0,1,1,eng,comes home later that night to find the money gone
eng_train_track_a_01477,I get real scared now.,0,1,0,0,0,eng,i get real scared now
eng_train_track_a_01478,I'm positive that we'll never be able to communicate with them in their language.,0,1,0,1,1,eng,im positive that well never be able to communicate with them in their language
eng_train_track_a_01479,"In my grandmother's home, she blocked off the formal living-room and dining-room with ""baby gates"" to keep me and my siblings and cousins from getting in and breaking stuff like her good china and antique furniture.",0,0,0,0,0,eng,in my grandmothers home she blocked off the formal livingroom and diningroom with baby gates to keep me and my siblings and cousins from getting in and breaking stuff like her good china and antique furniture
eng_train_track_a_01480,"I rolled my eyes while following behind Kathy.Then the voice from behind me sternly said, `` Are you talking to me?!!!",0,0,0,0,0,eng,i rolled my eyes while following behind kathythen the voice from behind me sternly said are you talking to me
eng_train_track_a_01481,"Obviously there was no body, but what they did find was quite surprising.",0,0,0,0,1,eng,obviously there was no body but what they did find was quite surprising
eng_train_track_a_01482,"It was several years later that I realized that I had probably narrowly avoided being molested, kidnapped, or worse.",0,1,0,1,1,eng,it was several years later that i realized that i had probably narrowly avoided being molested kidnapped or worse
eng_train_track_a_01483,He's also obviously quite upset about something.,0,1,0,1,0,eng,hes also obviously quite upset about something
eng_train_track_a_01484,Mom asked us all to sit down and that's when my heart began to sink.,0,1,0,1,0,eng,mom asked us all to sit down and thats when my heart began to sink
eng_train_track_a_01485,"I think I could've laughed my head off that night, except that I had to keep my head in place so I could laugh some more, haha.",0,0,1,0,0,eng,i think i couldve laughed my head off that night except that i had to keep my head in place so i could laugh some more haha
eng_train_track_a_01486,"I swallowed a piece of meat, it sort of suctioned to the back of my throat.",0,1,0,0,0,eng,i swallowed a piece of meat it sort of suctioned to the back of my throat
eng_train_track_a_01487,I never noticed before -- I have viewed this photo a hundred times -- that my hand looks like a Blaquera.,0,0,0,0,1,eng,i never noticed before i have viewed this photo a hundred times that my hand looks like a blaquera
eng_train_track_a_01488,My feet were totally soaked through.,0,1,0,1,0,eng,my feet were totally soaked through
eng_train_track_a_01489,"All the while, my foot throbbing.",0,1,0,0,0,eng,all the while my foot throbbing
eng_train_track_a_01490,I couldn't get my feet undone so I just... fell over.,0,1,0,0,0,eng,i couldnt get my feet undone so i just fell over
eng_train_track_a_01491,I ate a delicious sandwich on an everything bagel and one of the seeds got stuck in between my teeth.,0,1,0,0,0,eng,i ate a delicious sandwich on an everything bagel and one of the seeds got stuck in between my teeth
eng_train_track_a_01492,"I got the results back on the 11th, and my doctor said that she did not find anything wrong with my spine or back bone.",0,0,1,0,0,eng,i got the results back on the 11th and my doctor said that she did not find anything wrong with my spine or back bone
eng_train_track_a_01493,Closest analogy I could come up with.,0,1,0,0,0,eng,closest analogy i could come up with
eng_train_track_a_01494,"I nodded, pulling my arms across my chest, hoping that the rain obscured the tears that ran from my eyes.",0,1,0,1,0,eng,i nodded pulling my arms across my chest hoping that the rain obscured the tears that ran from my eyes
eng_train_track_a_01495,"Then, all hell broke loose.",1,1,0,0,1,eng,then all hell broke loose
eng_train_track_a_01496,Youre not mad are you?,0,1,0,0,0,eng,youre not mad are you
eng_train_track_a_01497,"let the masses who see my face, start speaking my name in harsh tones and cast-down eyes.",1,1,0,1,1,eng,let the masses who see my face start speaking my name in harsh tones and castdown eyes
eng_train_track_a_01498,My balls hurt so badly that I could barely even walk.,0,1,0,1,0,eng,my balls hurt so badly that i could barely even walk
eng_train_track_a_01499,"i tried to get out of bed and as i did, i immediately fell on the floor, unable to get my legs underneath me.",0,1,0,1,1,eng,i tried to get out of bed and as i did i immediately fell on the floor unable to get my legs underneath me
eng_train_track_a_01500,"Moved into a new office, and being an internet company, it was important The internet worked..",0,1,1,0,0,eng,moved into a new office and being an internet company it was important the internet worked
eng_train_track_a_01501,She lifted my other hand to examine the pads of my fingers.,0,0,0,0,0,eng,she lifted my other hand to examine the pads of my fingers
eng_train_track_a_01502,Like John and Will.,0,0,0,0,0,eng,like john and will
eng_train_track_a_01503,And my heart bleeds.,0,1,0,1,0,eng,and my heart bleeds
eng_train_track_a_01504,"The trouble seeps Into my head In my body, I'm caught.",0,1,0,1,0,eng,the trouble seeps into my head in my body im caught
eng_train_track_a_01505,"From my bed you can see out my door, which I leave open (thanks to other experiences in my house), and directly at my little brothers door.I am reading a book and happen to glance out the door and I notice my little brother leave his room and walk into the bathroom.",0,0,0,0,0,eng,from my bed you can see out my door which i leave open thanks to other experiences in my house and directly at my little brothers doori am reading a book and happen to glance out the door and i notice my little brother leave his room and walk into the bathroom
eng_train_track_a_01506,We met at dinner with mutual friends at a very fancy italian restaurant.,0,0,1,0,0,eng,we met at dinner with mutual friends at a very fancy italian restaurant
eng_train_track_a_01507,A week after my grandmother's funeral I had another strange dream.,0,1,0,1,1,eng,a week after my grandmothers funeral i had another strange dream
eng_train_track_a_01508,"You slid through me like a hot knife through butter under my skin, and never gone yet.",0,1,0,1,1,eng,you slid through me like a hot knife through butter under my skin and never gone yet
eng_train_track_a_01509,"The owners have a light in their yard for security purposes, but the light doesn't extend really far.",0,0,0,0,1,eng,the owners have a light in their yard for security purposes but the light doesnt extend really far
eng_train_track_a_01510,""" I radioed to Infinity.",0,0,0,0,0,eng,i radioed to infinity
eng_train_track_a_01511,Must be fall I'm feeling in my bones.,0,0,1,0,0,eng,must be fall im feeling in my bones
eng_train_track_a_01512,He was shaking the bed.,0,1,0,0,0,eng,he was shaking the bed
eng_train_track_a_01513,I naively walked up and stuck my head in the driver's window hole.,0,1,0,0,1,eng,i naively walked up and stuck my head in the drivers window hole
eng_train_track_a_01514,I realized I was now down to my last 20 Pound note and some coins ( which I have yet to figure out ) so I decided to keep my eye open for an ATM.,0,1,0,0,0,eng,i realized i was now down to my last 20 pound note and some coins which i have yet to figure out so i decided to keep my eye open for an atm
eng_train_track_a_01515,I close my eyes.,0,1,0,0,0,eng,i close my eyes
eng_train_track_a_01516,my legs were sore from yesterdays squats.,0,0,0,1,0,eng,my legs were sore from yesterdays squats
eng_train_track_a_01517,I stomped my foot in anger.,1,0,0,0,0,eng,i stomped my foot in anger
eng_train_track_a_01518,"I had my hand on the side of my face when I was drawing, and then I moved it and was like ` OH MY GOD I 'M BLEEDING OUT MY EARS AHHHHH!",0,1,0,0,1,eng,i had my hand on the side of my face when i was drawing and then i moved it and was like oh my god i m bleeding out my ears ahhhhh
eng_train_track_a_01519,Scouts disguised as farts.,0,0,1,0,1,eng,scouts disguised as farts
eng_train_track_a_01520,"I still remember this occasionally, clear as day.",0,0,1,1,1,eng,i still remember this occasionally clear as day
eng_train_track_a_01521,"I have obnoxious bug bite on my finger, ugh probably from going on that trail.",0,1,0,0,0,eng,i have obnoxious bug bite on my finger ugh probably from going on that trail
eng_train_track_a_01522,"I had a difficult time reaching the target HR, even in the lowest gear, but I still got a really nice burn in my legs.",0,0,1,0,0,eng,i had a difficult time reaching the target hr even in the lowest gear but i still got a really nice burn in my legs
eng_train_track_a_01523,We had hiked for about an hour through the shallow water and were looking for cool rocks and other things in the river.,0,0,1,0,0,eng,we had hiked for about an hour through the shallow water and were looking for cool rocks and other things in the river
eng_train_track_a_01524,"To this day, the memory still brings chills.",0,1,0,1,1,eng,to this day the memory still brings chills
eng_train_track_a_01525,"4.about 4 years old, sitting on the couch in my basement eating an orange flavor ice.",0,0,1,0,0,eng,4about 4 years old sitting on the couch in my basement eating an orange flavor ice
eng_train_track_a_01526,Some work had been done on the driveway.,0,0,0,0,0,eng,some work had been done on the driveway
eng_train_track_a_01527,I don't know why I've been obsessing about this.,0,1,0,1,0,eng,i dont know why ive been obsessing about this
eng_train_track_a_01528,I got to babysit my grandson but my back hurt the next day.,0,0,1,1,0,eng,i got to babysit my grandson but my back hurt the next day
eng_train_track_a_01529,"I woke up one night, and my heart was racing I shake away the drowsiness and started tracing for what i had dreamt about moments before.",0,1,0,0,0,eng,i woke up one night and my heart was racing i shake away the drowsiness and started tracing for what i had dreamt about moments before
eng_train_track_a_01530,"I was fully aware of the fact that once I began to freak out about the situation was when my spine began flaring up, so I tried my hardest to get back into the zone I was in while I was at home.",0,1,0,0,0,eng,i was fully aware of the fact that once i began to freak out about the situation was when my spine began flaring up so i tried my hardest to get back into the zone i was in while i was at home
eng_train_track_a_01531,Slow down so I don't stub my toe when I'm running down the driveway to pick up my mail.,0,1,0,0,0,eng,slow down so i dont stub my toe when im running down the driveway to pick up my mail
eng_train_track_a_01532,"Have i just made my first ""ghost poo""?",0,1,1,0,1,eng,have i just made my first ghost poo
eng_train_track_a_01533,We walked every aisle and I had so many ideas pop into my head.,0,0,1,0,0,eng,we walked every aisle and i had so many ideas pop into my head
eng_train_track_a_01534,"In the single worst moment of 21.5 years, six martinis errupted from my mouth.",0,1,0,1,0,eng,in the single worst moment of 215 years six martinis errupted from my mouth
eng_train_track_a_01535,I look down to check out the pool below and I see a small white sphere floating slowly along.,0,1,0,0,1,eng,i look down to check out the pool below and i see a small white sphere floating slowly along
eng_train_track_a_01536,"As I walked down the steps, I thought I felt eyes on my back.",0,1,0,0,0,eng,as i walked down the steps i thought i felt eyes on my back
eng_train_track_a_01537,Four hours had passed.,0,0,0,0,0,eng,four hours had passed
eng_train_track_a_01538,"I wrote down this bit about one of my earliest school memories as part of a writing exercise about memory as a tool, and I've been dying to share it as I think it's quite funny.",0,0,1,0,0,eng,i wrote down this bit about one of my earliest school memories as part of a writing exercise about memory as a tool and ive been dying to share it as i think its quite funny
eng_train_track_a_01539,"My body is bruised, my leg is cut, and my ego is tarnished!",1,1,0,1,0,eng,my body is bruised my leg is cut and my ego is tarnished
eng_train_track_a_01540,my heart's finally starting to feel at peace and everything that used to feel wrong is suddenly starting to feel really right.,0,0,1,0,0,eng,my hearts finally starting to feel at peace and everything that used to feel wrong is suddenly starting to feel really right
eng_train_track_a_01541,between my legs.,0,0,0,0,0,eng,between my legs
eng_train_track_a_01542,"My throat hurts, I have a headache and my ears are crackling.",0,1,0,0,0,eng,my throat hurts i have a headache and my ears are crackling
eng_train_track_a_01543,It was the day after my 20th birthday.,0,0,0,0,0,eng,it was the day after my 20th birthday
eng_train_track_a_01544,"Despite that the city is called `` Sin City '', the city of Las Vegas catches my eye; the fact that my favorite movie is set in the city could be a main reason why.",0,0,1,0,0,eng,despite that the city is called sin city the city of las vegas catches my eye the fact that my favorite movie is set in the city could be a main reason why
eng_train_track_a_01545,"My back hurts, my sinuses are full of fluid, I have been suffering pretty bad depression since my folks were here this weekend, and I am excited because I got new towels.I am an old lady, regardless of how long I have existed.",0,1,1,1,0,eng,my back hurts my sinuses are full of fluid i have been suffering pretty bad depression since my folks were here this weekend and i am excited because i got new towelsi am an old lady regardless of how long i have existed
eng_train_track_a_01546,Pretty much everyone objected to my wedding.,1,1,0,1,1,eng,pretty much everyone objected to my wedding
eng_train_track_a_01547,"I stood up, still violently too high, and walked over to my friend, who was still on the ground.",0,1,0,1,0,eng,i stood up still violently too high and walked over to my friend who was still on the ground
eng_train_track_a_01548,"so he went a lil faster ( keep in mind we never went really fast ) and i lost the tray, hit my knee on the ground, and tried to hang on until he stopped!",0,1,0,1,1,eng,so he went a lil faster keep in mind we never went really fast and i lost the tray hit my knee on the ground and tried to hang on until he stopped
eng_train_track_a_01549,How often has this been available in the past and I hadn't known and ended up with a kink in my neck?,1,1,0,0,0,eng,how often has this been available in the past and i hadnt known and ended up with a kink in my neck
eng_train_track_a_01550,Walking through the toilet aisle I decide to let a fart out and make the aisle smell.,0,0,1,0,1,eng,walking through the toilet aisle i decide to let a fart out and make the aisle smell
eng_train_track_a_01551,it was sweet but when i woke up it taste bitter got some tears in my eyes.,0,0,0,1,0,eng,it was sweet but when i woke up it taste bitter got some tears in my eyes
eng_train_track_a_01552,Grant you I still don't have total use of my shoulder and I have to use my left arm for certain things but it was wonderful to drive again.,0,0,1,0,0,eng,grant you i still dont have total use of my shoulder and i have to use my left arm for certain things but it was wonderful to drive again
eng_train_track_a_01553,It was a this point I caught something out of the corner of my eye.,0,0,0,0,1,eng,it was a this point i caught something out of the corner of my eye
eng_train_track_a_01554,it's two am and we pull up to what looks like a small house party.,0,1,1,0,1,eng,its two am and we pull up to what looks like a small house party
eng_train_track_a_01555,"I shook my head, put the car in gear, and had to force myself to drive away.",0,1,0,1,0,eng,i shook my head put the car in gear and had to force myself to drive away
eng_train_track_a_01556,"All those feelings which he had buried deep in his heart, had now, after hundreds of years, risen up.",0,0,0,1,0,eng,all those feelings which he had buried deep in his heart had now after hundreds of years risen up
eng_train_track_a_01557,"the whole time, relentless joy, as though a smile was consistently on my face, and even when it wasn't, it still lay beneath the surface, a laugh always ready to come out.",0,0,1,0,0,eng,the whole time relentless joy as though a smile was consistently on my face and even when it wasnt it still lay beneath the surface a laugh always ready to come out
eng_train_track_a_01558,"I leaned my ear close and it stopped, but only for a few seconds... under the sink?",0,1,0,0,0,eng,i leaned my ear close and it stopped but only for a few seconds under the sink
eng_train_track_a_01559,"A close friend set me up on a double date with her, her boyfriend, and the boyfriend's friend on Valentine's Day.",0,1,1,0,1,eng,a close friend set me up on a double date with her her boyfriend and the boyfriends friend on valentines day
eng_train_track_a_01560,Murder is the better word.,1,1,0,1,1,eng,murder is the better word
eng_train_track_a_01561,"I had been flung on top of the bike, and the handle bar was on my stomach.",0,1,0,1,0,eng,i had been flung on top of the bike and the handle bar was on my stomach
eng_train_track_a_01562,"I found that when I changed my thoughts, it changed my heart.",0,0,1,0,0,eng,i found that when i changed my thoughts it changed my heart
eng_train_track_a_01563,"I saw some of the girls staring but they didn't say anything, well not to my face.",0,0,0,0,0,eng,i saw some of the girls staring but they didnt say anything well not to my face
eng_train_track_a_01564,"I wore cologne, to get the feeling right.",0,0,1,0,0,eng,i wore cologne to get the feeling right
eng_train_track_a_01565,I'd never known a feeling so painful.,0,1,0,1,0,eng,id never known a feeling so painful
eng_train_track_a_01566,I always wanted to see one.,0,0,1,0,1,eng,i always wanted to see one
eng_train_track_a_01567,"He breathed on my face, nuzzled my hair with his nose and licked the top of my head.",0,0,1,0,0,eng,he breathed on my face nuzzled my hair with his nose and licked the top of my head
eng_train_track_a_01568,Apparently my leg had fallen asleep and I didn't know it.,0,1,0,0,0,eng,apparently my leg had fallen asleep and i didnt know it
eng_train_track_a_01569,"Then there are the scabs, scratches and depressive scars all over my legs.",0,1,0,1,0,eng,then there are the scabs scratches and depressive scars all over my legs
eng_train_track_a_01570,"Tears spilled onto my cheeks, and I let myself rest in the pain.",0,1,0,1,0,eng,tears spilled onto my cheeks and i let myself rest in the pain
eng_train_track_a_01571,"TL:DR The love of my life tried to kill me, I killed her first.",1,1,0,1,1,eng,tldr the love of my life tried to kill me i killed her first
eng_train_track_a_01572,I was on a (admittedly silly) adrenaline rush.,0,1,1,0,1,eng,i was on a admittedly silly adrenaline rush
eng_train_track_a_01573,"When I fell asleep in some strangers bedroom at some strangers party, and some stangers held my arms, my legs, and never took `` no '' for an answer, and there we were.",1,1,0,1,0,eng,when i fell asleep in some strangers bedroom at some strangers party and some stangers held my arms my legs and never took no for an answer and there we were
eng_train_track_a_01574,"Probably going to get buried, spooky as hell, and very real.",0,1,0,0,1,eng,probably going to get buried spooky as hell and very real
eng_train_track_a_01575,This made matters worse.,1,1,0,1,0,eng,this made matters worse
eng_train_track_a_01576,I got on the pole and went down till I could reach the seint with my foot and I pulled it under me and I got in.,0,1,0,0,0,eng,i got on the pole and went down till i could reach the seint with my foot and i pulled it under me and i got in
eng_train_track_a_01577,"He picked her up and put her in front of a mirror and said : ""Look, look at you!",0,0,1,0,1,eng,he picked her up and put her in front of a mirror and said look look at you
eng_train_track_a_01578,"That night, around 2am, she woke up to the sound of a woman screaming.",0,1,0,1,1,eng,that night around 2am she woke up to the sound of a woman screaming
eng_train_track_a_01579,"I adjusted to the noise inside my head, and in turn, my inner need to analyze and obsess died out.",0,1,1,0,0,eng,i adjusted to the noise inside my head and in turn my inner need to analyze and obsess died out
eng_train_track_a_01580,He could not explain.,0,1,0,1,1,eng,he could not explain
eng_train_track_a_01581,echoing cruelly in my ears.,1,1,0,1,0,eng,echoing cruelly in my ears
eng_train_track_a_01582,"I stopped moving, bent down with my palm out, and let the squirrel jump up on my arm and onto my shoulder.",0,0,1,0,0,eng,i stopped moving bent down with my palm out and let the squirrel jump up on my arm and onto my shoulder
eng_train_track_a_01583,"As I lay upon the table with my eyes closed awaiting a peaceful treatment, she began to talk... OH NO!",0,1,0,0,1,eng,as i lay upon the table with my eyes closed awaiting a peaceful treatment she began to talk oh no
eng_train_track_a_01584,I blinked a few times and fought with myself to deny what I was seeing.,0,1,0,1,1,eng,i blinked a few times and fought with myself to deny what i was seeing
eng_train_track_a_01585,"All things considered, a very saddening, scary, sobering, scary day.",0,1,0,1,0,eng,all things considered a very saddening scary sobering scary day
eng_train_track_a_01586,"When I first saw Tangled on Thanksgiving, it ate my brain.",0,0,1,0,1,eng,when i first saw tangled on thanksgiving it ate my brain
eng_train_track_a_01587,"I sit up, my head hurts.",0,1,0,1,0,eng,i sit up my head hurts
eng_train_track_a_01588,"I made sure to run my hand along the length of that wall knowing that Brad Pitt, George Clooney & Matt Damon had stood there, sad but true!",0,0,1,1,0,eng,i made sure to run my hand along the length of that wall knowing that brad pitt george clooney matt damon had stood there sad but true
eng_train_track_a_01589,"I had no other option, not with the way my heart started beating erratically at the mention of his name.",0,1,0,0,1,eng,i had no other option not with the way my heart started beating erratically at the mention of his name
eng_train_track_a_01590,"The headwind down this piece of road was not good, I had my head down, not good for talking in as much oxygen as I could.",0,1,0,0,0,eng,the headwind down this piece of road was not good i had my head down not good for talking in as much oxygen as i could
eng_train_track_a_01591,"So he should be eating the pizza I'm stuffing into my face, like a chipmunk.I understand the impulse these days.",0,0,1,0,0,eng,so he should be eating the pizza im stuffing into my face like a chipmunki understand the impulse these days
eng_train_track_a_01592,I pretty much spent my whole entire New Year's crying my eyes out.,0,0,0,1,0,eng,i pretty much spent my whole entire new years crying my eyes out
eng_train_track_a_01593,My ankles and front of shins felt stiff.,0,1,0,0,0,eng,my ankles and front of shins felt stiff
eng_train_track_a_01594,"My knuckles growing whiter and whiter, my mind screaming at me that we should be out of here, we should almost be home.",1,1,0,0,0,eng,my knuckles growing whiter and whiter my mind screaming at me that we should be out of here we should almost be home
eng_train_track_a_01595,"Sunday, January 16, 2011 Dirty water Stupid dirty water dripped in my eye on friday until yesterday i woke up my both eyes red!!",1,1,0,1,0,eng,sunday january 16 2011 dirty water stupid dirty water dripped in my eye on friday until yesterday i woke up my both eyes red
eng_train_track_a_01596,' That infuriated me so much as I was frazzled out of my head so much already.,1,1,0,1,0,eng,that infuriated me so much as i was frazzled out of my head so much already
eng_train_track_a_01597,"I mentally refused to go there, shaking my head violently in that refusal.",1,1,0,0,0,eng,i mentally refused to go there shaking my head violently in that refusal
eng_train_track_a_01598,My ex is always accidentally offensive like that.,1,0,0,1,0,eng,my ex is always accidentally offensive like that
eng_train_track_a_01599,He makes me do these things where my arms are on a bench and I drop down.,1,1,0,0,0,eng,he makes me do these things where my arms are on a bench and i drop down
eng_train_track_a_01600,The club was so loud that the ringing in my ears almost drowned out the music.,0,1,0,1,1,eng,the club was so loud that the ringing in my ears almost drowned out the music
eng_train_track_a_01601,"Same girl, same exact process.",0,0,0,0,0,eng,same girl same exact process
eng_train_track_a_01602,"Everytime I shower I look at the scar on my belly and cry, not because I have a scar on my body but because of the scar on my heart.",0,1,0,1,0,eng,everytime i shower i look at the scar on my belly and cry not because i have a scar on my body but because of the scar on my heart
eng_train_track_a_01603,"I thought that was a pretty good idea ( by this point, my feet hurt a LOT from all the walking and standing around ) but I didn't want to pay to see a movie.",0,1,0,0,0,eng,i thought that was a pretty good idea by this point my feet hurt a lot from all the walking and standing around but i didnt want to pay to see a movie
eng_train_track_a_01604,Or at least that's what the neurons in my brain say.,0,1,0,0,0,eng,or at least thats what the neurons in my brain say
eng_train_track_a_01605,Scared the hell outta me.,0,1,0,0,1,eng,scared the hell outta me
eng_train_track_a_01606,"I feel bad for my employees too-they're all sad and call me almost everyday, and it really breaks my heart.",0,1,0,1,0,eng,i feel bad for my employees tootheyre all sad and call me almost everyday and it really breaks my heart
eng_train_track_a_01607,"Early the next morning, newspaper under my arm, I approached the counter of the coffee shop and asked for two medium coffees, black, three-quarters full only.",0,0,0,0,0,eng,early the next morning newspaper under my arm i approached the counter of the coffee shop and asked for two medium coffees black threequarters full only
eng_train_track_a_01608,"= Okay blablabla ~ And then, the dentist check up my teeth.",0,0,0,0,0,eng,okay blablabla and then the dentist check up my teeth
eng_train_track_a_01609,"Oh my god, okay.",0,1,1,0,1,eng,oh my god okay
eng_train_track_a_01610,All this water gets poured directly in my face but I noticed it didn't hit my eyes and thats when I realized I Was wearing sunglasses inside!,0,0,1,0,1,eng,all this water gets poured directly in my face but i noticed it didnt hit my eyes and thats when i realized i was wearing sunglasses inside
eng_train_track_a_01611,I loved watching the planes fly over us and then this one plane was somehow flying in reverse direction.,0,0,1,0,1,eng,i loved watching the planes fly over us and then this one plane was somehow flying in reverse direction
eng_train_track_a_01612,This sucks...sorry dude.,1,0,0,1,0,eng,this suckssorry dude
eng_train_track_a_01613,"We were both quiet, and I closed my eyes.",0,0,0,0,0,eng,we were both quiet and i closed my eyes
eng_train_track_a_01614,It was horribly intriguing.,0,1,1,0,1,eng,it was horribly intriguing
eng_train_track_a_01615,"By the time I got done, my back was killing me ( but then it has been a problem since the last week of December ) and I felt pretty ill, but I got it done.",0,0,0,1,0,eng,by the time i got done my back was killing me but then it has been a problem since the last week of december and i felt pretty ill but i got it done
eng_train_track_a_01616,That night I sat at my computer and read about Rainbow Bridge and cried some more and I could actually feel my heart hurt with the pain of loss.,0,1,0,1,0,eng,that night i sat at my computer and read about rainbow bridge and cried some more and i could actually feel my heart hurt with the pain of loss
eng_train_track_a_01617,(I'm Native American) She said she only wanted a white american boy friend.,1,1,0,1,1,eng,im native american she said she only wanted a white american boy friend
eng_train_track_a_01618,"Jenny, I, my throat choked when I hear my daughter's voice.",0,1,0,1,0,eng,jenny i my throat choked when i hear my daughters voice
eng_train_track_a_01619,I began to feel the all-too-familiar feeling that I my heart was being ripped from my chest.,0,1,0,1,0,eng,i began to feel the alltoofamiliar feeling that i my heart was being ripped from my chest
eng_train_track_a_01620,"they played the majority of the classics thank god, and i screamed my heart out which is why i have no voice right now.",0,0,1,0,0,eng,they played the majority of the classics thank god and i screamed my heart out which is why i have no voice right now
eng_train_track_a_01621,"please, help me keep the smiles on my face even though this is too much for me to handle and bare, I know my heart trust you... so much.",0,1,0,1,0,eng,please help me keep the smiles on my face even though this is too much for me to handle and bare i know my heart trust you so much
eng_train_track_a_01622,"Laying my head against his chest, Glen's heart beat is strong against my ear, and my mind wonders back to our life outside of this heaven.",0,0,1,0,0,eng,laying my head against his chest glens heart beat is strong against my ear and my mind wonders back to our life outside of this heaven
eng_train_track_a_01623,My heart arrested twice; I was shocked four times.,0,1,0,0,1,eng,my heart arrested twice i was shocked four times
eng_train_track_a_01624,for the wedding AND rehearsal dinner.,0,0,0,0,0,eng,for the wedding and rehearsal dinner
eng_train_track_a_01625,"My arms dip a little from nerves and I swiftly correct them before the instructor, or anyone else for that matter, can comment.",0,1,0,0,0,eng,my arms dip a little from nerves and i swiftly correct them before the instructor or anyone else for that matter can comment
eng_train_track_a_01626,This was on both sides of my chest.,0,1,0,0,0,eng,this was on both sides of my chest
eng_train_track_a_01627,One X-ray showed my foot from above and the other showed it from the side.,0,0,0,0,0,eng,one xray showed my foot from above and the other showed it from the side
eng_train_track_a_01628,""" The cop tells him to have a nice day and walks away.",1,0,1,0,1,eng,the cop tells him to have a nice day and walks away
eng_train_track_a_01629,"Because I haven't trained for this run at all, my legs gave up on me around 10 miles in.",0,1,0,1,0,eng,because i havent trained for this run at all my legs gave up on me around 10 miles in
eng_train_track_a_01630,"I always try to remember these incidents whenever someone claims to have experienced something strange, and realize that my stories would sound just as loopy to them.",0,0,0,0,0,eng,i always try to remember these incidents whenever someone claims to have experienced something strange and realize that my stories would sound just as loopy to them
eng_train_track_a_01631,"I see the match, held tightly in my hand.",0,0,0,0,0,eng,i see the match held tightly in my hand
eng_train_track_a_01632,Second Event was with a crazy!,1,1,0,0,1,eng,second event was with a crazy
eng_train_track_a_01633,"And my mind drifts away, I close my eyes, it's like I'm almost there.",0,0,1,0,0,eng,and my mind drifts away i close my eyes its like im almost there
eng_train_track_a_01634,"I walked up the aisle to the casket, with painful anticipation welling inside my chest, and then I looked.",0,1,0,1,0,eng,i walked up the aisle to the casket with painful anticipation welling inside my chest and then i looked
eng_train_track_a_01635,"Suddenly I see it crouching on the floor, its bagged head hung low beneath its shoulders.",0,1,0,0,1,eng,suddenly i see it crouching on the floor its bagged head hung low beneath its shoulders
eng_train_track_a_01636,THEN fall in love.,0,0,1,0,1,eng,then fall in love
eng_train_track_a_01637,Entire room goes silent.,0,1,0,0,1,eng,entire room goes silent
eng_train_track_a_01638,They're sitting right across the pool from my mom just STARING at her.,1,1,0,0,1,eng,theyre sitting right across the pool from my mom just staring at her
eng_train_track_a_01639,Yeah it was a little embarrassing.,0,1,0,1,0,eng,yeah it was a little embarrassing
eng_train_track_a_01640,Not to mention the top portion doesn't fit my belly so therefor i have the top button undone.,0,0,0,0,0,eng,not to mention the top portion doesnt fit my belly so therefor i have the top button undone
eng_train_track_a_01641,This is my fucking breaking point.,1,1,0,0,0,eng,this is my fucking breaking point
eng_train_track_a_01642,Happy birthday to you and me!,0,0,1,0,0,eng,happy birthday to you and me
eng_train_track_a_01643,My great-grandparents had an arranged marriage.,0,0,0,0,1,eng,my greatgrandparents had an arranged marriage
eng_train_track_a_01644,"Well, my birthday is in January.",0,0,0,0,0,eng,well my birthday is in january
eng_train_track_a_01645,"My left clav essentially blew up, but it didn't stop there.",0,1,0,0,1,eng,my left clav essentially blew up but it didnt stop there
eng_train_track_a_01646,"I say, covering my ears with my hands and cringing into the door.",0,1,0,1,0,eng,i say covering my ears with my hands and cringing into the door
eng_train_track_a_01647,"xD As of now, I'm getting tired all the time and my belly is getting firm already.",0,1,1,1,0,eng,xd as of now im getting tired all the time and my belly is getting firm already
eng_train_track_a_01648,He was pretty scared and was talking fast.,0,1,0,0,0,eng,he was pretty scared and was talking fast
eng_train_track_a_01649,I go fucking ballistic.,1,1,0,0,0,eng,i go fucking ballistic
eng_train_track_a_01650,"He said yes, I closed my eyes, and seeking from divine, I sang precisely two lines, describing, my wishes for him.",0,0,1,0,0,eng,he said yes i closed my eyes and seeking from divine i sang precisely two lines describing my wishes for him
eng_train_track_a_01651,"The sky was only slightly disturbed, light gray, choppy clouds, but it didn't look too bad.",0,1,0,0,0,eng,the sky was only slightly disturbed light gray choppy clouds but it didnt look too bad
eng_train_track_a_01652,It disconnected and teetered away from us.,0,1,0,1,1,eng,it disconnected and teetered away from us
eng_train_track_a_01653,"I went to the clinic and got looked over and to my amazement, after they swabbed my throat, they didn't find any strep bacteria, even though my throat is really red.",0,1,0,0,1,eng,i went to the clinic and got looked over and to my amazement after they swabbed my throat they didnt find any strep bacteria even though my throat is really red
eng_train_track_a_01654,some insulting some nice.,1,0,1,0,0,eng,some insulting some nice
eng_train_track_a_01655,I've backed off hills while my foot healed so I expected some soreness.,0,1,0,0,0,eng,ive backed off hills while my foot healed so i expected some soreness
eng_train_track_a_01656,"""Mom"" never disciplined them.",1,1,0,0,0,eng,mom never disciplined them
eng_train_track_a_01657,Well literally no one showed up.,0,0,0,1,1,eng,well literally no one showed up
eng_train_track_a_01658,"No water damage, sun damage, tears, anything.",0,0,0,0,1,eng,no water damage sun damage tears anything
eng_train_track_a_01659,We roll up to the drive thru and proceed to order nearly the entire dollar menu.,0,0,1,0,0,eng,we roll up to the drive thru and proceed to order nearly the entire dollar menu
eng_train_track_a_01660,I bent my knee inward.,0,0,0,0,0,eng,i bent my knee inward
eng_train_track_a_01661,I thought she was stuck-up and nerdy.,1,0,0,0,0,eng,i thought she was stuckup and nerdy
eng_train_track_a_01662,My mom wanted us just to spite my dad.,1,1,0,1,0,eng,my mom wanted us just to spite my dad
eng_train_track_a_01663,Wrapping his arms tightly around me and letting a warm breath escape his mouth onto the back of my neck.,0,0,1,0,0,eng,wrapping his arms tightly around me and letting a warm breath escape his mouth onto the back of my neck
eng_train_track_a_01664,My heart is too full for words.,0,0,1,0,0,eng,my heart is too full for words
eng_train_track_a_01665,Needless to say I was pretty...unaffacted about the fact my brother knew who I was on reddit and thought his way of telling me was pretty funny.,0,0,1,0,1,eng,needless to say i was prettyunaffacted about the fact my brother knew who i was on reddit and thought his way of telling me was pretty funny
eng_train_track_a_01666,I quickly fell asleep.,0,0,1,0,0,eng,i quickly fell asleep
eng_train_track_a_01667,We were going to reach seventy.,0,0,0,0,1,eng,we were going to reach seventy
eng_train_track_a_01668,The second entry of today: / my brain hurt for answering 30 math question in one day.,0,1,0,0,0,eng,the second entry of today my brain hurt for answering 30 math question in one day
eng_train_track_a_01669,My eyes had been closed and as I had opened them everything seemed to metirialize infront of me like a liquid curtain dropping infront of me.,0,1,1,0,1,eng,my eyes had been closed and as i had opened them everything seemed to metirialize infront of me like a liquid curtain dropping infront of me
eng_train_track_a_01670,"During the complete silence that follows, my grandfather says loudly ""Well, my god has spoken""",0,0,0,0,1,eng,during the complete silence that follows my grandfather says loudly well my god has spoken
eng_train_track_a_01671,They were fooling around on the fields and looking for something to aim at and shoot.,0,1,1,0,0,eng,they were fooling around on the fields and looking for something to aim at and shoot
eng_train_track_a_01672,I have no idea what manki is so I have no idea where to look.,0,1,0,0,1,eng,i have no idea what manki is so i have no idea where to look
eng_train_track_a_01673,the ledge of the beadboard dug into my back.,0,1,0,1,0,eng,the ledge of the beadboard dug into my back
eng_train_track_a_01674,Dad on the warpath.,1,1,0,0,0,eng,dad on the warpath
eng_train_track_a_01675,"I couldn't make out any clear distinct facial features, but I could see two darker circles where eyes would be, and a small oblong shape for a mouth.",0,1,0,0,1,eng,i couldnt make out any clear distinct facial features but i could see two darker circles where eyes would be and a small oblong shape for a mouth
eng_train_track_a_01676,I have plenty more.,0,0,1,0,0,eng,i have plenty more
eng_train_track_a_01677,"The problem was, my brain was ready for a 22 mile ride, my body was not.",0,1,0,0,0,eng,the problem was my brain was ready for a 22 mile ride my body was not
eng_train_track_a_01678,As We were going into our 11th month.,0,0,0,0,0,eng,as we were going into our 11th month
eng_train_track_a_01679,"When i was very ill, in great suffering-such pain that even my skin hurt-i gave up.",0,1,0,1,0,eng,when i was very ill in great sufferingsuch pain that even my skin hurti gave up
eng_train_track_a_01680,Poor Shannon's gon na be stuck with our leftovers for the rest of summer!I also freaked the girls out with my ankle ( it's in a stretchy brace and turning a very interesting shade of purple ).,0,1,0,1,0,eng,poor shannons gon na be stuck with our leftovers for the rest of summeri also freaked the girls out with my ankle its in a stretchy brace and turning a very interesting shade of purple
eng_train_track_a_01681,My eyes start closing and my body starts aching all over.,0,1,0,1,0,eng,my eyes start closing and my body starts aching all over
eng_train_track_a_01682,Brighter than if you turned on every light in the room and even brighter than during the day time with the shades up.,0,0,0,0,1,eng,brighter than if you turned on every light in the room and even brighter than during the day time with the shades up
eng_train_track_a_01683,"As soon as we stop making distinctions, we eliminate racism.",0,0,1,0,0,eng,as soon as we stop making distinctions we eliminate racism
eng_train_track_a_01684,We had absolutely nothing in common.,0,0,0,1,0,eng,we had absolutely nothing in common
eng_train_track_a_01685,Apparently it wasn't as life threatening as I believed at the time because the doctor didn't want to mar my forehead with stitches so I got butterfly bandages instead.,0,1,0,1,0,eng,apparently it wasnt as life threatening as i believed at the time because the doctor didnt want to mar my forehead with stitches so i got butterfly bandages instead
eng_train_track_a_01686,"Creepy place, never been a fan.",0,1,0,0,0,eng,creepy place never been a fan
eng_train_track_a_01687,"I had it done on my arm, of course the one I use, so doing every thing with my other one is pretty weird.",0,0,0,0,0,eng,i had it done on my arm of course the one i use so doing every thing with my other one is pretty weird
eng_train_track_a_01688,"I remember crying and trying to explain to my panicked family, who have never let me live it down.",0,1,0,1,0,eng,i remember crying and trying to explain to my panicked family who have never let me live it down
eng_train_track_a_01689,Dated a woman who invited me to her birthday party.,0,0,1,0,0,eng,dated a woman who invited me to her birthday party
eng_train_track_a_01690,With that definite I have courage to walk up to the line and place my toes proudly getting ready to cross yet it is everything on the dirty mud path that is holding to me and the mud is the mud I am clinging to.,0,1,0,0,0,eng,with that definite i have courage to walk up to the line and place my toes proudly getting ready to cross yet it is everything on the dirty mud path that is holding to me and the mud is the mud i am clinging to
eng_train_track_a_01691,On this monday I went in to get my radiation treatment and couldnt stop crying from the pain in my leg.,0,1,0,1,0,eng,on this monday i went in to get my radiation treatment and couldnt stop crying from the pain in my leg
eng_train_track_a_01692,( Is it inappropriate that I can't get Steve Wonder's `` Writings on the Walls '' out of my head now...? ),0,1,1,0,0,eng,is it inappropriate that i cant get steve wonders writings on the walls out of my head now
eng_train_track_a_01693,As time passed it became quite the fancy outlet for my extreme ( sometimes intolerable ) idiosyncracies and papyrus on which to record both my daily happenings and ( most importantly ) some of my innermost thoughts that I wanted to tell the select few that i hold dear and close to my heart.,0,0,1,0,0,eng,as time passed it became quite the fancy outlet for my extreme sometimes intolerable idiosyncracies and papyrus on which to record both my daily happenings and most importantly some of my innermost thoughts that i wanted to tell the select few that i hold dear and close to my heart
eng_train_track_a_01694,"They never shut up, although they usually apologize ( and immediately start screeching again ) whenever I cringe and cover my ears, which is often.",1,1,0,0,0,eng,they never shut up although they usually apologize and immediately start screeching again whenever i cringe and cover my ears which is often
eng_train_track_a_01695,And I dongak my head to see who was in front of me.,0,0,0,0,0,eng,and i dongak my head to see who was in front of me
eng_train_track_a_01696,Then they would leave and go to their own room obviously.,0,0,0,0,0,eng,then they would leave and go to their own room obviously
eng_train_track_a_01697,Anyway it was weird.,0,1,0,0,1,eng,anyway it was weird
eng_train_track_a_01698,""" She was slapping at air, screaming.",0,1,0,1,1,eng,she was slapping at air screaming
eng_train_track_a_01699,Got once I tried lying down with my face facing the water and my face totally became red after that.,0,1,0,0,0,eng,got once i tried lying down with my face facing the water and my face totally became red after that
eng_train_track_a_01700,My mum says that when she looked in the mirror she saw a pair of glowing yellow eyes.,0,1,0,0,1,eng,my mum says that when she looked in the mirror she saw a pair of glowing yellow eyes
eng_train_track_a_01701,"I know right no point of lying to him by saying that I'm alright when it's written all over my face that I'm at my Worst condition but still, I don't wan na worry him that much and so I said, `` I'm fine!",0,1,0,1,0,eng,i know right no point of lying to him by saying that im alright when its written all over my face that im at my worst condition but still i dont wan na worry him that much and so i said im fine
eng_train_track_a_01702,"In my head I was thinking, Great first impression.",0,0,0,1,0,eng,in my head i was thinking great first impression
eng_train_track_a_01703,"""You're going to die.",0,1,0,1,1,eng,youre going to die
eng_train_track_a_01704,"I took my shirt off and washed my face, hands and arms then I took a paper towel and slowly washed my belly.",0,0,0,0,0,eng,i took my shirt off and washed my face hands and arms then i took a paper towel and slowly washed my belly
eng_train_track_a_01705,"A week after turning in the paper, I get an email from the professor saying I plagiarized the whole thing off Wikipedia.",1,1,0,1,1,eng,a week after turning in the paper i get an email from the professor saying i plagiarized the whole thing off wikipedia
eng_train_track_a_01706,Not worth the risk.,0,1,0,1,0,eng,not worth the risk
eng_train_track_a_01707,"I see two small ""children"", floating about 4 ft. away from me.",0,1,0,0,1,eng,i see two small children floating about 4 ft away from me
eng_train_track_a_01708,He lives behind a church and part of his backyard boarders the parking lot in back of the church.,0,0,0,0,0,eng,he lives behind a church and part of his backyard boarders the parking lot in back of the church
eng_train_track_a_01709,"I never said anything because it wasn't scary, just weird.",0,1,0,0,1,eng,i never said anything because it wasnt scary just weird
eng_train_track_a_01710,You read that right.,0,0,0,0,1,eng,you read that right
eng_train_track_a_01711,"While packing up our booth at CHA, I momentarily threw my back out.",0,1,0,0,0,eng,while packing up our booth at cha i momentarily threw my back out
eng_train_track_a_01712,Maybe they saw the look of ecstasy on my face as I sped up and slowed down with twiddling precision.,0,0,1,0,0,eng,maybe they saw the look of ecstasy on my face as i sped up and slowed down with twiddling precision
eng_train_track_a_01713,So I grabbed my knife out of fear and looked up but there was nothing there.,0,1,0,0,1,eng,so i grabbed my knife out of fear and looked up but there was nothing there
eng_train_track_a_01714,"As the ocean roiled and seethed sturdy arms lifted my head, bidding me to simply breathe $ `` Breathe! ''",0,1,0,0,0,eng,as the ocean roiled and seethed sturdy arms lifted my head bidding me to simply breathe breathe
eng_train_track_a_01715,"I went to his house, and the moment I laid down on his bed, he pulled the blanket off of me and started checking my legs and arms.",0,1,0,0,0,eng,i went to his house and the moment i laid down on his bed he pulled the blanket off of me and started checking my legs and arms
eng_train_track_a_01716,"And when I say online banking, it was not internet banking.",0,0,0,0,1,eng,and when i say online banking it was not internet banking
eng_train_track_a_01717,"None the less, she was breathtaking.",0,0,1,0,1,eng,none the less she was breathtaking
eng_train_track_a_01718,"Every single time I found a girl that I was interested in, they always ended up finding some creative way to break my heart.",1,0,0,1,0,eng,every single time i found a girl that i was interested in they always ended up finding some creative way to break my heart
eng_train_track_a_01719,This is my story.,0,0,0,0,0,eng,this is my story
eng_train_track_a_01720,"- Once this item leaves my hands, I am not responsible for the package.",0,0,0,0,0,eng,once this item leaves my hands i am not responsible for the package
eng_train_track_a_01721,"They even have fish baby food:: I think I just threw up a little in my mouth:: The fish here does taste better, even the cheap kind.",0,1,0,0,0,eng,they even have fish baby food i think i just threw up a little in my mouth the fish here does taste better even the cheap kind
eng_train_track_a_01722,I think it gets me into less trouble to be able to type but still keep my eyes and face turned to my teacher.,0,1,0,0,0,eng,i think it gets me into less trouble to be able to type but still keep my eyes and face turned to my teacher
eng_train_track_a_01723,"But in searching for some other sound to train my ears on, I realized there was no sound coming from Grandma.",0,1,0,0,1,eng,but in searching for some other sound to train my ears on i realized there was no sound coming from grandma
eng_train_track_a_01724,"Not a cop, but...",0,1,0,0,1,eng,not a cop but
eng_train_track_a_01725,My jaw dropped as I squealed with delight.,0,0,1,0,1,eng,my jaw dropped as i squealed with delight
eng_train_track_a_01726,"That took about a week and a half, then I had surgery to put eight plates in my face to rebuild it.",0,1,0,1,0,eng,that took about a week and a half then i had surgery to put eight plates in my face to rebuild it
eng_train_track_a_01727,"The blood blinded my eyes as it ran down to my cheeks, and I tasted the sweetest flavor.",0,1,0,0,1,eng,the blood blinded my eyes as it ran down to my cheeks and i tasted the sweetest flavor
eng_train_track_a_01728,My legs and face were also covered.,0,0,0,0,0,eng,my legs and face were also covered
eng_train_track_a_01729,accomplished I went and got my eyes checked today.,0,0,1,0,0,eng,accomplished i went and got my eyes checked today
eng_train_track_a_01730,Fucking freaked me out...never found out where the hell that coat fell from,1,1,0,0,1,eng,fucking freaked me outnever found out where the hell that coat fell from
eng_train_track_a_01731,"I live completely alone, and as I pull the popcorn out of the pantry, I hear an ominously distinct ""SSSSHHHH"" sound.",0,1,0,0,1,eng,i live completely alone and as i pull the popcorn out of the pantry i hear an ominously distinct sssshhhh sound
eng_train_track_a_01732,"I had twisted my ankle too, and I cried out in pain.",0,1,0,1,1,eng,i had twisted my ankle too and i cried out in pain
eng_train_track_a_01733,"He did-only he didn't, well he did what I asked him to do but w / out realizing it he didn't spray the back of my arms and well nor did I. CRAP!",1,0,0,0,0,eng,he didonly he didnt well he did what i asked him to do but w out realizing it he didnt spray the back of my arms and well nor did i crap
eng_train_track_a_01734,The second turned out to be clinically depressed.,0,1,0,1,0,eng,the second turned out to be clinically depressed
eng_train_track_a_01735,"It's eyes were on the front of it's head, not the side.",0,0,0,0,1,eng,its eyes were on the front of its head not the side
eng_train_track_a_01736,"I gasped and my heart began to flutter, it was Gabriel, my ex-boyfriend.",0,1,0,0,1,eng,i gasped and my heart began to flutter it was gabriel my exboyfriend
eng_train_track_a_01737,i do nt know how many times i put my hand in fire till i relized it burns.,0,1,0,0,0,eng,i do nt know how many times i put my hand in fire till i relized it burns
eng_train_track_a_01738,"Total: 80.5 miles ( 10,550 ' ) My legs felt great all week, which is really encouraging considering this is the first week of the taper.",0,0,1,0,1,eng,total 805 miles 10550 my legs felt great all week which is really encouraging considering this is the first week of the taper
eng_train_track_a_01739,Driving around neighborhoods in the middle of the night on very little sleep everything gets to be a bit surreal.,0,1,0,0,1,eng,driving around neighborhoods in the middle of the night on very little sleep everything gets to be a bit surreal
eng_train_track_a_01740,I took my son and moved out and he moved in with her.,1,1,0,1,0,eng,i took my son and moved out and he moved in with her
eng_train_track_a_01741,The exact same guy.,0,0,0,0,1,eng,the exact same guy
eng_train_track_a_01742,"When I finally opened my eyes, it was into the searing white heat of a desert landscape.",0,1,0,0,1,eng,when i finally opened my eyes it was into the searing white heat of a desert landscape
eng_train_track_a_01743,"I became fixated and fascinated with abduction stories, with The X-Files, etc., for years.",0,1,1,0,0,eng,i became fixated and fascinated with abduction stories with the xfiles etc for years
eng_train_track_a_01744,We need to go to our house to get it.,0,0,0,0,0,eng,we need to go to our house to get it
eng_train_track_a_01745,I did nt notice it until it crawled all over my hand like a maniac.,0,1,0,0,1,eng,i did nt notice it until it crawled all over my hand like a maniac
eng_train_track_a_01746,"Still, the event was constantly played in my head.",0,1,0,1,0,eng,still the event was constantly played in my head
eng_train_track_a_01747,But this is August.,0,0,0,0,1,eng,but this is august
eng_train_track_a_01748,I figure it must have fallen out.,0,1,0,0,1,eng,i figure it must have fallen out
eng_train_track_a_01749,We both wake up at the same time.,0,0,1,0,0,eng,we both wake up at the same time
eng_train_track_a_01750,"People just aren't buying CD's any more. When J. Warren, former owner of Vibes music, spoke these words, my heart sunk a little in my chest.",0,0,0,1,0,eng,people just arent buying cds any more when j warren former owner of vibes music spoke these words my heart sunk a little in my chest
eng_train_track_a_01751,One drink down and she was blackout drunk.,0,1,0,1,1,eng,one drink down and she was blackout drunk
eng_train_track_a_01752,"I looked everywhere for those 5 cards, 2 ended up between the couch cushions, one underneath a cat tent, one behind the TV, and one in a different room completely, in between the bed cushions.",0,0,0,0,1,eng,i looked everywhere for those 5 cards 2 ended up between the couch cushions one underneath a cat tent one behind the tv and one in a different room completely in between the bed cushions
eng_train_track_a_01753,"{{{Yeah...welcome to being 25, btw...it is awful thus far...but...SHIT at least I get to be 25!",1,1,1,1,1,eng,yeahwelcome to being 25 btwit is awful thus farbutshit at least i get to be 25
eng_train_track_a_01754,"There was nothing I could do, all things were over Tears were starting to flow from my eyes.",0,1,0,1,0,eng,there was nothing i could do all things were over tears were starting to flow from my eyes
eng_train_track_a_01755,The hike was absolutely gorgeous with thousands of wildflowers blooming and waterfalls tumbling down the side of the gorge... and the view from the top was stunning with the river meandering out of the Gorge... the world resting at my feet.,0,0,1,0,0,eng,the hike was absolutely gorgeous with thousands of wildflowers blooming and waterfalls tumbling down the side of the gorge and the view from the top was stunning with the river meandering out of the gorge the world resting at my feet
eng_train_track_a_01756,"I just had to find a corner somewhere, take a deep puff of the Malboro Lights I got from my interpreter, calm my nerves and try to comprehend the events around me.",0,1,0,0,0,eng,i just had to find a corner somewhere take a deep puff of the malboro lights i got from my interpreter calm my nerves and try to comprehend the events around me
eng_train_track_a_01757,Totally forgot to add: I'm straight.,0,0,0,0,1,eng,totally forgot to add im straight
eng_train_track_a_01758,But one criminal shoot from gun to my hand.,1,1,0,0,0,eng,but one criminal shoot from gun to my hand
eng_train_track_a_01759,Was I drunk or a kid?,0,1,0,0,1,eng,was i drunk or a kid
eng_train_track_a_01760,"Recollecting all the things, happy or unhappy, in Australia I have gone through, word bitter pops up in my head.",0,0,0,1,0,eng,recollecting all the things happy or unhappy in australia i have gone through word bitter pops up in my head
eng_train_track_a_01761,Over the years I have taken pictures of what caught my eye.,0,0,1,0,0,eng,over the years i have taken pictures of what caught my eye
eng_train_track_a_01762,A familiar voice rang in my ears.,0,0,0,0,1,eng,a familiar voice rang in my ears
eng_train_track_a_01763,"No sidewalk, just a simple two way, single lane street with crazy traffic going either direction.",0,1,0,0,0,eng,no sidewalk just a simple two way single lane street with crazy traffic going either direction
eng_train_track_a_01764,He's just a super nice guy who wants to help girls out all while being respectful.,0,0,1,0,0,eng,hes just a super nice guy who wants to help girls out all while being respectful
eng_train_track_a_01765,I forgot that my mom needs to be eased into things just long enough to run my mouth off and cause an argument that was way too long.,1,0,0,0,0,eng,i forgot that my mom needs to be eased into things just long enough to run my mouth off and cause an argument that was way too long
eng_train_track_a_01766,My radio was turned on very loud and I used rock music to keep my eyes open.,0,1,1,0,0,eng,my radio was turned on very loud and i used rock music to keep my eyes open
eng_train_track_a_01767,5 year old me was scarred for life.,0,1,0,1,0,eng,5 year old me was scarred for life
eng_train_track_a_01768,Now I can't wait to get my hands on all that wall space!!!,0,0,1,0,0,eng,now i cant wait to get my hands on all that wall space
eng_train_track_a_01769,"A couple of years later (two years ago), Grandma was stricken with a sudden, serious illness and was given a short time left to live.",0,1,0,1,0,eng,a couple of years later two years ago grandma was stricken with a sudden serious illness and was given a short time left to live
eng_train_track_a_01770,"Stripper, abusive exes, criminal past.",1,1,0,1,0,eng,stripper abusive exes criminal past
eng_train_track_a_01771,I have a cold that has decided to settle in my throat.,0,1,0,0,0,eng,i have a cold that has decided to settle in my throat
eng_train_track_a_01772,I was turning roasting vegetables that were too close to the hot ring at the oven top and fried my knuckle in the process.,1,1,0,0,0,eng,i was turning roasting vegetables that were too close to the hot ring at the oven top and fried my knuckle in the process
eng_train_track_a_01773,My roommate was asleep in his bed.,0,0,0,0,0,eng,my roommate was asleep in his bed
eng_train_track_a_01774,I had soup and applesauce with pudding for dessert.,0,0,1,0,0,eng,i had soup and applesauce with pudding for dessert
eng_train_track_a_01775,This was the most random/terrifying thing that has ever happened to me.,0,1,0,0,1,eng,this was the most randomterrifying thing that has ever happened to me
eng_train_track_a_01776,"Next night, door was shut.... Dammit, so I knock on the door.",1,1,0,0,0,eng,next night door was shut dammit so i knock on the door
eng_train_track_a_01777,We've been friends ever since then.,0,0,1,0,0,eng,weve been friends ever since then
eng_train_track_a_01778,Not fifteen minutes into class my stomach started hurting.,0,1,0,1,0,eng,not fifteen minutes into class my stomach started hurting
eng_train_track_a_01779,"About 1 hour of being in the tent, a light appeared that we could see through the canvas.",0,1,0,0,1,eng,about 1 hour of being in the tent a light appeared that we could see through the canvas
eng_train_track_a_01780,"Dont wait, or say a single vow.",0,1,0,1,0,eng,dont wait or say a single vow
eng_train_track_a_01781,I was incredibly nervous; I had butterflies in my stomach and my legs felt weak.,0,1,0,0,0,eng,i was incredibly nervous i had butterflies in my stomach and my legs felt weak
eng_train_track_a_01782,"*Creepy/unnerving* that is, and just weird.",0,1,0,0,1,eng,creepyunnerving that is and just weird
eng_train_track_a_01783,she ate most of the sandwich then threw it back at my head.,1,1,0,0,0,eng,she ate most of the sandwich then threw it back at my head
eng_train_track_a_01784,So... for reasons unknown...,0,1,0,0,1,eng,so for reasons unknown
eng_train_track_a_01785,I now have 12 of those canker sore suckers in my mouth along with a fever since friday.,0,1,0,1,0,eng,i now have 12 of those canker sore suckers in my mouth along with a fever since friday
eng_train_track_a_01786,"And my ears are stuffed and I can't blow my nose, and I woke up today with the most terrible headache and everything's too hot.",0,1,0,1,0,eng,and my ears are stuffed and i cant blow my nose and i woke up today with the most terrible headache and everythings too hot
eng_train_track_a_01787,I did settle down and dry my eyes on my sleeve.,0,0,0,1,0,eng,i did settle down and dry my eyes on my sleeve
eng_train_track_a_01788,"I crossed my arms, smiled, tilted my head, and said, `` I thought you were supposed to be in Austria? ''",0,0,1,0,0,eng,i crossed my arms smiled tilted my head and said i thought you were supposed to be in austria
eng_train_track_a_01789,wanted to quickly go home and hide my face.,0,1,0,1,0,eng,wanted to quickly go home and hide my face
eng_train_track_a_01790,"And this tradition keep on, every time billy made it to class we would clap and cheer :) until he died.",0,0,1,1,0,eng,and this tradition keep on every time billy made it to class we would clap and cheer until he died
eng_train_track_a_01791,Edward rid me of my distraction by biting my shoulder.,0,1,0,0,0,eng,edward rid me of my distraction by biting my shoulder
eng_train_track_a_01792,but both well adjusted and successful in our perspective careers.,0,0,1,0,0,eng,but both well adjusted and successful in our perspective careers
eng_train_track_a_01793,Only then did I dare raise the camera to my eye.,0,1,1,0,0,eng,only then did i dare raise the camera to my eye
eng_train_track_a_01794,The thing I neglect to mention though.,0,1,0,0,1,eng,the thing i neglect to mention though
eng_train_track_a_01795,"I didn't know what to say, but my nerves were all on edge, straining.",0,1,0,0,0,eng,i didnt know what to say but my nerves were all on edge straining
eng_train_track_a_01796,"He got the location, car make/model/year/color correct, manner of impact, impacting vehicle, everything correct.",0,0,1,0,1,eng,he got the location car makemodelyearcolor correct manner of impact impacting vehicle everything correct
eng_train_track_a_01797,My friend said to get to work on my tooth since I was sitting there ready to go.,0,0,0,0,0,eng,my friend said to get to work on my tooth since i was sitting there ready to go
eng_train_track_a_01798,No kids were hurt.,0,0,1,0,0,eng,no kids were hurt
eng_train_track_a_01799,I felt the sadness like a heaviness-a weight on my heart.,0,0,0,1,0,eng,i felt the sadness like a heavinessa weight on my heart
eng_train_track_a_01800,she is an alcoholic.,0,1,0,1,0,eng,she is an alcoholic
eng_train_track_a_01801,After that we took a taxi home... Right now my leg hurts and while im typing this the photos are uploading... see ya...,1,1,0,1,0,eng,after that we took a taxi home right now my leg hurts and while im typing this the photos are uploading see ya
eng_train_track_a_01802,"So I got up so I could pee, sat down and proceeded to throw up all over my legs and underwear.",0,1,0,1,0,eng,so i got up so i could pee sat down and proceeded to throw up all over my legs and underwear
eng_train_track_a_01803,"Strange, cause usually I'm the first one to bitch about the cold, but anyway... So Cafe Frangelica at home with a bit of milk so I can drink it without burning my mouth and a dah of sugar.",0,0,1,0,0,eng,strange cause usually im the first one to bitch about the cold but anyway so cafe frangelica at home with a bit of milk so i can drink it without burning my mouth and a dah of sugar
eng_train_track_a_01804,"I was able to take a bath, which felt good while I was in it and now I feel horrible again, and I brushed my teeth, and washed my hair, so give me some kudos.",0,0,1,1,0,eng,i was able to take a bath which felt good while i was in it and now i feel horrible again and i brushed my teeth and washed my hair so give me some kudos
eng_train_track_a_01805,I wanted to strip the life from my legs.,1,1,0,1,0,eng,i wanted to strip the life from my legs
eng_train_track_a_01806,Tomorrow I see a cardiologist to check my heart out.,0,1,0,0,0,eng,tomorrow i see a cardiologist to check my heart out
eng_train_track_a_01807,"like seriously, alot can not understand and im slow at registering words in my brain during that time, so yeah.",0,1,0,1,0,eng,like seriously alot can not understand and im slow at registering words in my brain during that time so yeah
eng_train_track_a_01808,"I abruptly ""woke up"" again out of sleep-paralysis in a state of crazy shock.",0,1,0,0,1,eng,i abruptly woke up again out of sleepparalysis in a state of crazy shock
eng_train_track_a_01809,"We stayed in a really lovely hotel-I had two sinks in my bathrooms and white dressing gowns and clippers, any hotel which provides dressing gowns is a good hotel in my eyes.",0,0,1,0,0,eng,we stayed in a really lovely hoteli had two sinks in my bathrooms and white dressing gowns and clippers any hotel which provides dressing gowns is a good hotel in my eyes
eng_train_track_a_01810,About 15 minutes later I got that feeling in my stomach.,0,1,0,0,0,eng,about 15 minutes later i got that feeling in my stomach
eng_train_track_a_01811,"v-neck shirt, I moved slowly throughout the house, doing my usual morning duties ( diaper changes, breakfast, coffee ), quite lethargically, occasionally brushing a strand of ( dirty ) hair away from my eyes with my hand.",0,0,0,1,0,eng,vneck shirt i moved slowly throughout the house doing my usual morning duties diaper changes breakfast coffee quite lethargically occasionally brushing a strand of dirty hair away from my eyes with my hand
eng_train_track_a_01812,The very last final I had to take for the semester.,0,1,0,0,0,eng,the very last final i had to take for the semester
eng_train_track_a_01813,In about 45 minutes I get to go have a camera stuck down my throat to confirm the existance of the ulcer.All that and we are supposed to leave a week from today and fly to CO..,0,1,0,1,0,eng,in about 45 minutes i get to go have a camera stuck down my throat to confirm the existance of the ulcerall that and we are supposed to leave a week from today and fly to co
eng_train_track_a_01814,How stupid of him.,1,0,0,0,0,eng,how stupid of him
eng_train_track_a_01815,"I chuckled, holding my hands up, and sat down in my comfy swivel chair.",0,0,1,0,0,eng,i chuckled holding my hands up and sat down in my comfy swivel chair
eng_train_track_a_01816,"Second time, been together 6 mo.",0,0,1,0,0,eng,second time been together 6 mo
eng_train_track_a_01817,This guy was interested in me.,0,0,1,0,1,eng,this guy was interested in me
eng_train_track_a_01818,"I'm sitting up and not going anywhere, basically half-way through the tube.",0,1,0,0,0,eng,im sitting up and not going anywhere basically halfway through the tube
eng_train_track_a_01819,its ok to call people black!,0,1,0,0,1,eng,its ok to call people black
eng_train_track_a_01820,"Unfortunately in the second hour, I took an odd stroke and my neck popped.",0,1,0,1,0,eng,unfortunately in the second hour i took an odd stroke and my neck popped
eng_train_track_a_01821,"Anyway, during a festival miles and miles from home, I hear someone call out to a girl walking by ""Rain!",0,0,1,0,1,eng,anyway during a festival miles and miles from home i hear someone call out to a girl walking by rain
eng_train_track_a_01822,"But not very close, It's always been a good bit away.",0,0,0,0,0,eng,but not very close its always been a good bit away
eng_train_track_a_01823,We noped out of there pretty fast.,0,1,0,0,1,eng,we noped out of there pretty fast
eng_train_track_a_01824,He couldn't get back home in time and decided to stay and sleep on the path.,0,1,0,1,0,eng,he couldnt get back home in time and decided to stay and sleep on the path
eng_train_track_a_01825,sorry for spelling and stuff.,0,0,0,0,0,eng,sorry for spelling and stuff
eng_train_track_a_01826,"What is truly remarkable about this brotherhood of my moms uncles, is that they all radiate the same aura.",0,0,1,0,0,eng,what is truly remarkable about this brotherhood of my moms uncles is that they all radiate the same aura
eng_train_track_a_01827,My eyes were staring at the floor as I said this.,0,1,0,1,0,eng,my eyes were staring at the floor as i said this
eng_train_track_a_01828,The whole store erupted into cheering and applause.,0,0,1,0,1,eng,the whole store erupted into cheering and applause
eng_train_track_a_01829,My arms and legs saw sun for the first time in a long time.,0,0,1,0,0,eng,my arms and legs saw sun for the first time in a long time
eng_train_track_a_01830,"We hit something as we slide into the side of the road, my eyes flashed open and the car took flight into the trees, now straight ahead of us.",0,1,0,1,1,eng,we hit something as we slide into the side of the road my eyes flashed open and the car took flight into the trees now straight ahead of us
eng_train_track_a_01831,Tried to talk to my cousin to see whether this was really a possesion or something else.,0,1,0,0,1,eng,tried to talk to my cousin to see whether this was really a possesion or something else
eng_train_track_a_01832,Before I knew it I was on my hands and knees and someone close to me let out a terrible grunt at the same time.,0,1,0,0,0,eng,before i knew it i was on my hands and knees and someone close to me let out a terrible grunt at the same time
eng_train_track_a_01833,"And without even stopping to think about it, I tuck one of those boxes under my arm and go back to the living room.",0,0,1,0,0,eng,and without even stopping to think about it i tuck one of those boxes under my arm and go back to the living room
eng_train_track_a_01834,A stranger is running alone in the park.,0,1,0,0,0,eng,a stranger is running alone in the park
eng_train_track_a_01835,"Normally I need a change every year, but or the past six years or so, I've been changing my glasses every 2 since my eyes are slacking off some.",0,1,0,0,0,eng,normally i need a change every year but or the past six years or so ive been changing my glasses every 2 since my eyes are slacking off some
eng_train_track_a_01836,Her face.... Was priceless.,0,0,1,0,1,eng,her face was priceless
eng_train_track_a_01837,"I sat down and enjoyed one of my best poops ever, it was huge, it was liquid and it smelled fantastic (from my POV).",0,0,1,0,0,eng,i sat down and enjoyed one of my best poops ever it was huge it was liquid and it smelled fantastic from my pov
eng_train_track_a_01838,"So , I spent the whole day staring out of my bedroom window close to tears, which says a lot because I don't cry easily.",0,1,0,1,0,eng,so i spent the whole day staring out of my bedroom window close to tears which says a lot because i dont cry easily
eng_train_track_a_01839,"On my legs and feet I wore leggings, jeans, and then the bib.",0,0,0,0,0,eng,on my legs and feet i wore leggings jeans and then the bib
eng_train_track_a_01840,She had jet black hair and was only about five feet tall.,0,0,0,0,1,eng,she had jet black hair and was only about five feet tall
eng_train_track_a_01841,"There was an awkward, frozen moment as we all acknowledged each other and as my brain scrambled to make sense of this ""hallucination"".",0,1,0,0,1,eng,there was an awkward frozen moment as we all acknowledged each other and as my brain scrambled to make sense of this hallucination
eng_train_track_a_01842,"When we got up this morning, I could hardly move, and now EVERYTHING from the base of my skull to my waist hurts and my right arm isn't quite right.",0,1,0,1,0,eng,when we got up this morning i could hardly move and now everything from the base of my skull to my waist hurts and my right arm isnt quite right
eng_train_track_a_01843,"There was a known, violent mentally-ill person named ""Chop"" in a neighborhood I worked in.",0,1,0,0,1,eng,there was a known violent mentallyill person named chop in a neighborhood i worked in
eng_train_track_a_01844,Luckily for me I have to use the restroom every 15 minutes so midway through our appointment I was already trying to cross my legs again.,0,1,0,0,0,eng,luckily for me i have to use the restroom every 15 minutes so midway through our appointment i was already trying to cross my legs again
eng_train_track_a_01845,"As a caretaker, this freaked me out to no end.",0,1,0,0,0,eng,as a caretaker this freaked me out to no end
eng_train_track_a_01846,A knock on the door and my heart litarely stopped for a good three seconds.,0,1,0,0,1,eng,a knock on the door and my heart litarely stopped for a good three seconds
eng_train_track_a_01847,"I arrived at Penny's doorstep, tears streaming down my face.",0,1,0,1,0,eng,i arrived at pennys doorstep tears streaming down my face
eng_train_track_a_01848,"I hung my head in shame, feeling like the lowest of mothers.",0,1,0,1,0,eng,i hung my head in shame feeling like the lowest of mothers
eng_train_track_a_01849,"And now that we are back, I just feel drained and my calves hurt.",0,0,0,1,0,eng,and now that we are back i just feel drained and my calves hurt
eng_train_track_a_01850,"I took my eye away from the camera and found the little guy ( or little girl, can't really tell ) a few feet above me now.",0,0,0,0,0,eng,i took my eye away from the camera and found the little guy or little girl cant really tell a few feet above me now
eng_train_track_a_01851,"I needed to come out of a parking lot on the side of the highway and then pull the car up to a high speed so as not to have an accident/annoy highway drivers, so I was pretty nervously sitting there, waiting for the right opportunity.",0,1,0,0,0,eng,i needed to come out of a parking lot on the side of the highway and then pull the car up to a high speed so as not to have an accidentannoy highway drivers so i was pretty nervously sitting there waiting for the right opportunity
eng_train_track_a_01852,But there was peace in my heart.,0,0,1,0,0,eng,but there was peace in my heart
eng_train_track_a_01853,I closed my eyes and tried my best to ignore it and i eventually ended up falling asleep.,0,1,0,0,0,eng,i closed my eyes and tried my best to ignore it and i eventually ended up falling asleep
eng_train_track_a_01854,That's super weird.,0,1,0,0,1,eng,thats super weird
eng_train_track_a_01855,My disbelief was outstanding.,0,0,0,0,1,eng,my disbelief was outstanding
eng_train_track_a_01856,"I went to the doctor today to get my ears cleaned...-I got my ears `` Flushed '' because I did have a problem, and it was too close to a dangerous area.",0,1,0,0,0,eng,i went to the doctor today to get my ears cleanedi got my ears flushed because i did have a problem and it was too close to a dangerous area
eng_train_track_a_01857,I drew my robes around me tightly as my legs kept walking to no particular destination.,0,1,0,1,0,eng,i drew my robes around me tightly as my legs kept walking to no particular destination
eng_train_track_a_01858,He was so close.,0,1,0,1,1,eng,he was so close
eng_train_track_a_01859,I thought it must have been a good time to have a nap so I fell asleep.,0,0,1,0,0,eng,i thought it must have been a good time to have a nap so i fell asleep
eng_train_track_a_01860,My heart starts pounding just looking at it and all the thoughts of telling John to leave have wandered out of my head for the moment.,0,1,0,0,0,eng,my heart starts pounding just looking at it and all the thoughts of telling john to leave have wandered out of my head for the moment
eng_train_track_a_01861,"and Christian fish bumper stickers, it caught my eye and made me grin.",0,0,1,0,1,eng,and christian fish bumper stickers it caught my eye and made me grin
eng_train_track_a_01862,"I stopped for water at the rest stops and got doused with a hose, which was very pleasant except my shoes got drenched so I was running with heavy sponges on my feet for the last two miles.",0,1,0,0,0,eng,i stopped for water at the rest stops and got doused with a hose which was very pleasant except my shoes got drenched so i was running with heavy sponges on my feet for the last two miles
eng_train_track_a_01863,"I would lay down to bed, blink, and it would be morning.",0,0,0,0,1,eng,i would lay down to bed blink and it would be morning
eng_train_track_a_01864,"Along with Pete Seeger and Jim White, BSP was one of the first shows that S ren went to ( out of my belly ).",0,0,1,0,0,eng,along with pete seeger and jim white bsp was one of the first shows that s ren went to out of my belly
eng_train_track_a_01865,"I would always be downloading more music and burn it on new, cheap cds.",0,0,1,0,0,eng,i would always be downloading more music and burn it on new cheap cds
eng_train_track_a_01866,Today was a big-A straw that broke my back.,1,1,0,1,0,eng,today was a biga straw that broke my back
eng_train_track_a_01867,"I handed him the Ipod he just moved on, I felt the blood dripping down my nose.",0,1,0,1,0,eng,i handed him the ipod he just moved on i felt the blood dripping down my nose
eng_train_track_a_01868,"My long brown hair caressed my face, small curls wrapping around my ear softly.",0,0,1,0,0,eng,my long brown hair caressed my face small curls wrapping around my ear softly
eng_train_track_a_01869,"It was a branch line to a gravel quarry, so the three or four daily trains moved slowly.",0,0,0,0,0,eng,it was a branch line to a gravel quarry so the three or four daily trains moved slowly
eng_train_track_a_01870,I didn't hesitate to leap to my feet.,0,0,1,0,0,eng,i didnt hesitate to leap to my feet
eng_train_track_a_01871,Those memories still trigger terror sweats.,0,1,0,0,0,eng,those memories still trigger terror sweats
eng_train_track_a_01872,He took the picture and followed the giggling.,0,1,1,0,1,eng,he took the picture and followed the giggling
eng_train_track_a_01873,"There were just these empty, black, sockets.",0,1,0,1,1,eng,there were just these empty black sockets
eng_train_track_a_01874,It also happened to be raining on that day.,0,0,0,0,0,eng,it also happened to be raining on that day
eng_train_track_a_01875,Chapter FourI rolled over in my bunk and yawned stretching my arms above me.,0,0,1,0,0,eng,chapter fouri rolled over in my bunk and yawned stretching my arms above me
eng_train_track_a_01876,"One guy threatened to talk to his uncle, a judge, to see if anything could be done to incarcerate me, but I just thought that was embarrassing, especially as I've been through the police stuff and there's nothing they want to do.",1,1,0,0,0,eng,one guy threatened to talk to his uncle a judge to see if anything could be done to incarcerate me but i just thought that was embarrassing especially as ive been through the police stuff and theres nothing they want to do
eng_train_track_a_01877,Again the stinging and the audience getting into my head and after several blows I called yellow again.,0,1,0,1,0,eng,again the stinging and the audience getting into my head and after several blows i called yellow again
eng_train_track_a_01878,So no surgery due to blood clot because I have to take injections and pills to thin my blood way out so the clot doesn't break off and go to my lungs or brain.,0,1,0,1,0,eng,so no surgery due to blood clot because i have to take injections and pills to thin my blood way out so the clot doesnt break off and go to my lungs or brain
eng_train_track_a_01879,"I woke up, brushed my teeth, and started to play a little maple story.",0,0,1,0,0,eng,i woke up brushed my teeth and started to play a little maple story
eng_train_track_a_01880,"You make me smile like the sun, fall out of bed, sing like a bird, dizzy in my head... Okay, so it's been quite a while since I've wrote last.",0,0,1,0,0,eng,you make me smile like the sun fall out of bed sing like a bird dizzy in my head okay so its been quite a while since ive wrote last
eng_train_track_a_01881,"He was then hit by congestive heart failure, fell into a coma, and passed away.",0,1,0,1,1,eng,he was then hit by congestive heart failure fell into a coma and passed away
eng_train_track_a_01882,"My eyes constantly throbbed from being so dry, even though there always seemed to be tears to cry at night.",0,1,0,1,0,eng,my eyes constantly throbbed from being so dry even though there always seemed to be tears to cry at night
eng_train_track_a_01883,It was long; about two feet in length with sights and bulbs coming out of it in every direction.,0,1,0,0,1,eng,it was long about two feet in length with sights and bulbs coming out of it in every direction
eng_train_track_a_01884,"I stopped, my foot already at a turn in the road that led down to a sunlit valley.",0,0,1,0,0,eng,i stopped my foot already at a turn in the road that led down to a sunlit valley
eng_train_track_a_01885,When something caught my eye.,0,0,0,0,1,eng,when something caught my eye
eng_train_track_a_01886,I love you boy.,0,0,1,0,0,eng,i love you boy
eng_train_track_a_01887,Which means I was not picking up my feet!,0,0,0,0,0,eng,which means i was not picking up my feet
eng_train_track_a_01888,I opened my eyes.,0,0,1,0,0,eng,i opened my eyes
eng_train_track_a_01889,I silently sneak out to investigate its source......,0,1,0,0,1,eng,i silently sneak out to investigate its source
eng_train_track_a_01890,I was quite sad.,0,0,0,1,0,eng,i was quite sad
eng_train_track_a_01891,"He bought the first beer, and before it was even gone I had a new full one in my hand!",0,0,1,0,0,eng,he bought the first beer and before it was even gone i had a new full one in my hand
eng_train_track_a_01892,He was very weird.,0,1,0,0,1,eng,he was very weird
eng_train_track_a_01893,Watch the mask re-cover my face.,0,0,0,0,0,eng,watch the mask recover my face
eng_train_track_a_01894,"Except, I don't fall unconscious.",0,1,0,0,1,eng,except i dont fall unconscious
eng_train_track_a_01895,"However, my knees were starting to sing a little bit by the end.",0,0,0,1,0,eng,however my knees were starting to sing a little bit by the end
eng_train_track_a_01896,Rolled my eyes at some of the religious nuts I work with.,1,0,0,0,0,eng,rolled my eyes at some of the religious nuts i work with
eng_train_track_a_01897,My mind was uncooperative when a pen finally found my hand.,1,1,0,0,0,eng,my mind was uncooperative when a pen finally found my hand
eng_train_track_a_01898,good lord... where to start well i was getting ready to leave for rocky... and my mom saw me and pulled me aside to `` tirm '' my hair... what was once close to my shoulders is no more... now i kinda look like man at arms.,0,0,0,0,0,eng,good lord where to start well i was getting ready to leave for rocky and my mom saw me and pulled me aside to tirm my hair what was once close to my shoulders is no more now i kinda look like man at arms
eng_train_track_a_01899,"One particular experience I had at a place called ""Hernando's Bridge"", however, still scares me to this day.",0,1,0,0,1,eng,one particular experience i had at a place called hernandos bridge however still scares me to this day
eng_train_track_a_01900,"I've got my own room and it's pure luxury after sleeping on the floor for over 3 weeks, my back is loving it too.",0,0,1,0,0,eng,ive got my own room and its pure luxury after sleeping on the floor for over 3 weeks my back is loving it too
eng_train_track_a_01901,"See, thats the thing, Sean wasnt an alcoholic.",0,0,0,0,1,eng,see thats the thing sean wasnt an alcoholic
eng_train_track_a_01902,I feel hot wax on my forehead and then experience a stinging / burning sensation and the sound of my eyebrows being thrown in the trash.,0,1,0,1,1,eng,i feel hot wax on my forehead and then experience a stinging burning sensation and the sound of my eyebrows being thrown in the trash
eng_train_track_a_01903,That's messed up.,1,0,0,0,1,eng,thats messed up
eng_train_track_a_01904,"Linzi and I of course tried them, a decision that I immediately questioned after putting it in my mouth.",0,1,0,0,1,eng,linzi and i of course tried them a decision that i immediately questioned after putting it in my mouth
eng_train_track_a_01905,My muscles all relax With the feeling of an empty hand and no pedals beneath my feet.,0,0,1,0,0,eng,my muscles all relax with the feeling of an empty hand and no pedals beneath my feet
eng_train_track_a_01906,"I must have had a strange look on my face because my mother said, `` What's wrong? ''",1,1,0,1,0,eng,i must have had a strange look on my face because my mother said whats wrong
eng_train_track_a_01907,I was totally and completely fine with the fact that I had just been bludgeoned with a trampoline $ until I saw the blood; the 57 gallons of blood that proceeded to spew out of my face and cover my tiny little body.,0,1,0,1,1,eng,i was totally and completely fine with the fact that i had just been bludgeoned with a trampoline until i saw the blood the 57 gallons of blood that proceeded to spew out of my face and cover my tiny little body
eng_train_track_a_01908,The spring sun was just rising and his car was already ripping down the highway.,0,1,1,0,1,eng,the spring sun was just rising and his car was already ripping down the highway
eng_train_track_a_01909,"I stretched out my arms for balance, and bounced more vigorously.",0,0,1,0,0,eng,i stretched out my arms for balance and bounced more vigorously
eng_train_track_a_01910,We sat quietly to see if we could hear the voice again.,0,1,0,0,1,eng,we sat quietly to see if we could hear the voice again
eng_train_track_a_01911,Ohhhh I put my hands up to my head.,0,1,0,0,0,eng,ohhhh i put my hands up to my head
eng_train_track_a_01912,Then he drove away.,0,0,0,0,0,eng,then he drove away
eng_train_track_a_01913,So I spent most of lunch at the college trying very hard to concentrate on my botany book and not stare at people with a vacant expression on my face.,0,1,0,0,0,eng,so i spent most of lunch at the college trying very hard to concentrate on my botany book and not stare at people with a vacant expression on my face
eng_train_track_a_01914,"Back when my son was first born, my wife and I purchased a new house and we were just moving in.",0,0,1,0,0,eng,back when my son was first born my wife and i purchased a new house and we were just moving in
eng_train_track_a_01915,"( I was smart & bit my tongue ) Oh, and great results, but I'm not going into details... ow.We spent all day together, and got pizza & a ton of beer for dinner!",0,0,1,0,0,eng,i was smart bit my tongue oh and great results but im not going into details owwe spent all day together and got pizza a ton of beer for dinner
eng_train_track_a_01916,They also had to flush out my eyes ( which i had had closed the ENTIRE time ) cause they had glass in them.,0,1,0,1,0,eng,they also had to flush out my eyes which i had had closed the entire time cause they had glass in them
eng_train_track_a_01917,There's my stoner floor mate with a fucking stun gun.,1,1,0,0,1,eng,theres my stoner floor mate with a fucking stun gun
eng_train_track_a_01918,None of us has mentioned the incident since.,0,1,0,1,1,eng,none of us has mentioned the incident since
eng_train_track_a_01919,This happened like 10 years ago.,0,0,0,0,1,eng,this happened like 10 years ago
eng_train_track_a_01920,They no longer live there.,0,0,0,1,0,eng,they no longer live there
eng_train_track_a_01921,"The stranger is left speechless, confused, and strangely proud.",0,1,1,0,1,eng,the stranger is left speechless confused and strangely proud
eng_train_track_a_01922,"I stood in the back and flipped through a book, my forehead deeply furrowed as though I was seriously seeking answers to the universe.",0,1,0,1,0,eng,i stood in the back and flipped through a book my forehead deeply furrowed as though i was seriously seeking answers to the universe
eng_train_track_a_01923,"Callie takes attention at my tone, having probably gotten used to my mumbled thanks in response to all of the attendees who had already been by, and she places her hand protectively at the base of my spine.",0,0,1,0,0,eng,callie takes attention at my tone having probably gotten used to my mumbled thanks in response to all of the attendees who had already been by and she places her hand protectively at the base of my spine
eng_train_track_a_01924,The light would come all the way up to your vehicle and then it would seem to vanish only to be on the other side of you heading the other way.,0,1,0,0,1,eng,the light would come all the way up to your vehicle and then it would seem to vanish only to be on the other side of you heading the other way
eng_train_track_a_01925,- I would wake up in the middle of the night and my bedroom would be super bright.,0,1,0,0,1,eng,i would wake up in the middle of the night and my bedroom would be super bright
eng_train_track_a_01926,So I'm racking my brain.,0,1,0,0,0,eng,so im racking my brain
eng_train_track_a_01927,I still cannot explain this.,0,1,0,0,1,eng,i still cannot explain this
eng_train_track_a_01928,"Now he's sobbing and screaming, finally defeated.",0,1,0,1,0,eng,now hes sobbing and screaming finally defeated
eng_train_track_a_01929,"It made an odd 'thap' noise, you know...",0,1,0,0,1,eng,it made an odd thap noise you know
eng_train_track_a_01930,The waitress had physical therapy experience and prepared a nice bag of ice for my ankle and the beer was FANTASTIC!,0,0,1,0,0,eng,the waitress had physical therapy experience and prepared a nice bag of ice for my ankle and the beer was fantastic
eng_train_track_a_01931,"Then suddenly, she heard a strange thump; but looking around saw nothing.",0,1,0,0,1,eng,then suddenly she heard a strange thump but looking around saw nothing
eng_train_track_a_01932,"Why was he angry with me?And now, about 24 hours later, I feel a stiffness in my neck, a weird sensation in my right arm.",1,1,0,0,0,eng,why was he angry with meand now about 24 hours later i feel a stiffness in my neck a weird sensation in my right arm
eng_train_track_a_01933,"I knew there were bits on this section I had struggled with, like the massive drop offs ( okay, maybe not massive, but they seemed massive to me ) and the steep switchbacks, but again I managed to avoid the urge to grab handfuls of brakes and shut my eyes, and I forced myself to ride the first big drop off and the next few were suddenly much less scary.",0,1,1,0,0,eng,i knew there were bits on this section i had struggled with like the massive drop offs okay maybe not massive but they seemed massive to me and the steep switchbacks but again i managed to avoid the urge to grab handfuls of brakes and shut my eyes and i forced myself to ride the first big drop off and the next few were suddenly much less scary
eng_train_track_a_01934,I draw on the bark with my fingers the roots that twist and twine at my side.,0,0,1,0,0,eng,i draw on the bark with my fingers the roots that twist and twine at my side
eng_train_track_a_01935,"""Are you sure, sis?",0,1,0,0,1,eng,are you sure sis
eng_train_track_a_01936,Kick my heels up and shout.,0,0,1,0,0,eng,kick my heels up and shout
eng_train_track_a_01937,my mum had complained to my step dad about feeling uneasy.,0,1,0,1,0,eng,my mum had complained to my step dad about feeling uneasy
eng_train_track_a_01938,"You could not see a foot in front of you and I practically cried getting to the bottom because the wind and snow was literally burning my face, lol.",0,1,0,1,0,eng,you could not see a foot in front of you and i practically cried getting to the bottom because the wind and snow was literally burning my face lol
eng_train_track_a_01939,I am exhausted and my back is hurting along with my throat.,0,1,0,1,0,eng,i am exhausted and my back is hurting along with my throat
eng_train_track_a_01940,"It could have been slaughter, but he turned his wheel.",0,1,0,0,1,eng,it could have been slaughter but he turned his wheel
eng_train_track_a_01941,"i did this without counting, so it's good to know that i am slowly getting a handle on eating reasonably without having to write down every single thing i put in my mouth.",0,0,1,0,0,eng,i did this without counting so its good to know that i am slowly getting a handle on eating reasonably without having to write down every single thing i put in my mouth
eng_train_track_a_01942,I totally freaked out.,0,1,0,0,1,eng,i totally freaked out
eng_train_track_a_01943,"Had to scream my lungs out while the guy just let the crowd pass my bag to me, a bag which got passed all the way to the other side, before I finally managed to get my hands on to the neon orange carrier which had my Phone, Camera, Hard Drive, Wallet, and Keys.In the end had to change without bathing in a smelly toilet at Temasek Poly, before bidding Boon Goodbye on the phone whilst complaining about the event.",1,1,0,0,0,eng,had to scream my lungs out while the guy just let the crowd pass my bag to me a bag which got passed all the way to the other side before i finally managed to get my hands on to the neon orange carrier which had my phone camera hard drive wallet and keysin the end had to change without bathing in a smelly toilet at temasek poly before bidding boon goodbye on the phone whilst complaining about the event
eng_train_track_a_01944,I feel it slithering down my skin like a anaconda snake.,0,1,0,0,1,eng,i feel it slithering down my skin like a anaconda snake
eng_train_track_a_01945,That one was probably the weirdest.,0,0,0,0,1,eng,that one was probably the weirdest
eng_train_track_a_01946,"After I rationalized a bit, I calmed down.",0,1,1,0,0,eng,after i rationalized a bit i calmed down
eng_train_track_a_01947,The barn is full of corpses.,0,1,0,1,1,eng,the barn is full of corpses
eng_train_track_a_01948,watching her leave with dudes drove me crazy.,1,1,0,1,0,eng,watching her leave with dudes drove me crazy
eng_train_track_a_01949,"I know most of you will find it hard to believe but, this is my story.",0,1,0,0,1,eng,i know most of you will find it hard to believe but this is my story
eng_train_track_a_01950,"I'm not European-American, I'm a white American.",0,0,0,0,0,eng,im not europeanamerican im a white american
eng_train_track_a_01951,Well I have the bright idea that I need to stop being like this and I end up alone on the elevator with this girl.,0,1,1,1,1,eng,well i have the bright idea that i need to stop being like this and i end up alone on the elevator with this girl
eng_train_track_a_01952,"there's so much going through my head now, but somethings just can't be said.",0,1,0,1,0,eng,theres so much going through my head now but somethings just cant be said
eng_train_track_a_01953,"The Spot on my ear was bot good, but not alarming.",0,0,0,0,0,eng,the spot on my ear was bot good but not alarming
eng_train_track_a_01954,Thankfully I never went through with it.,0,1,1,0,0,eng,thankfully i never went through with it
eng_train_track_a_01955,Scared me shitless each time it happened.,0,1,0,0,1,eng,scared me shitless each time it happened
eng_train_track_a_01956,"How I do miss so much the ability to just go here or there whenever my heart desires to go $ But alas I no longer drive; it is for the safety of the world, at large; that is!",0,0,0,1,0,eng,how i do miss so much the ability to just go here or there whenever my heart desires to go but alas i no longer drive it is for the safety of the world at large that is
eng_train_track_a_01957,I literally hid my face and my whole self.,0,1,0,1,0,eng,i literally hid my face and my whole self
eng_train_track_a_01958,""" and look in my rear view mirror.",0,1,0,0,0,eng,and look in my rear view mirror
eng_train_track_a_01959,"`` Don't read it to me '', I yelled inside my head.",1,0,0,0,0,eng,dont read it to me i yelled inside my head
eng_train_track_a_01960,It was hung at a very strange angle.,0,1,0,0,1,eng,it was hung at a very strange angle
eng_train_track_a_01961,"For the first time, I noticed their eyes.",0,0,0,0,1,eng,for the first time i noticed their eyes
eng_train_track_a_01962,"She grinned toothlessly and with a cackle, spoke: Now your *third* wish.",0,1,0,0,1,eng,she grinned toothlessly and with a cackle spoke now your third wish
eng_train_track_a_01963,"Despite my literal and non-literal `` growing up '' in another place, I had always felt a claim to Calgary, a belonging that wound deep through my bones.",0,0,1,0,0,eng,despite my literal and nonliteral growing up in another place i had always felt a claim to calgary a belonging that wound deep through my bones
eng_train_track_a_01964,There was a red burn mark on my chin for a couple of weeks.,0,0,0,1,0,eng,there was a red burn mark on my chin for a couple of weeks
eng_train_track_a_01965,"I began to start running away again, but I tripped and fell flat on my back.",0,1,0,1,0,eng,i began to start running away again but i tripped and fell flat on my back
eng_train_track_a_01966,The other night I was on my way to bed and I stopped in the bathroom to brush my teeth.,0,0,0,0,0,eng,the other night i was on my way to bed and i stopped in the bathroom to brush my teeth
eng_train_track_a_01967,"This'll probably get buried, but what the hell?",0,0,0,0,1,eng,thisll probably get buried but what the hell
eng_train_track_a_01968,"Somehow, with visions of doll masks and pocket 6s dancing my head, I still managed to fall asleep.",0,1,0,0,1,eng,somehow with visions of doll masks and pocket 6s dancing my head i still managed to fall asleep
eng_train_track_a_01969,"A tear bubbled at the corner of my eye, and then slowly caressed my cheek.",0,0,0,1,0,eng,a tear bubbled at the corner of my eye and then slowly caressed my cheek
eng_train_track_a_01970,Then proceeded to duck and run past him into the female restroom.,0,1,0,0,1,eng,then proceeded to duck and run past him into the female restroom
eng_train_track_a_01971,It really superly dried my face out.,0,1,0,0,0,eng,it really superly dried my face out
eng_train_track_a_01972,I close my eyes determined to find light every ray that shines through is blotted with the darkest of dark I hear a constant drumming.,0,1,0,1,0,eng,i close my eyes determined to find light every ray that shines through is blotted with the darkest of dark i hear a constant drumming
eng_train_track_a_01973,"""We need to talk"".",1,1,0,1,1,eng,we need to talk
eng_train_track_a_01974,I was very scared.,0,1,0,0,0,eng,i was very scared
eng_train_track_a_01975,"Nope, and they wouldn't let me leave the dog without paying.",1,1,0,0,1,eng,nope and they wouldnt let me leave the dog without paying
eng_train_track_a_01976,Which means I have a ton of extra time on my hands.,0,0,1,0,0,eng,which means i have a ton of extra time on my hands
eng_train_track_a_01977,"I can't sing it in my head because I don't know the Japanese lyrics well enough, so it's a little frustrating.",1,1,0,0,0,eng,i cant sing it in my head because i dont know the japanese lyrics well enough so its a little frustrating
eng_train_track_a_01978,"I was doing well emotionally last night and was feeling okay about not having Baby in my arms yet, but this morning has been a lot harder.",0,0,0,1,0,eng,i was doing well emotionally last night and was feeling okay about not having baby in my arms yet but this morning has been a lot harder
eng_train_track_a_01979,"I whimpered, and my heels started pounding against the hardwood floor.",0,1,0,0,0,eng,i whimpered and my heels started pounding against the hardwood floor
eng_train_track_a_01980,"Not a completely awful birthday, but my worst.",0,0,1,1,0,eng,not a completely awful birthday but my worst
eng_train_track_a_01981,My heart is heavy for the Haitian government.,0,0,0,1,0,eng,my heart is heavy for the haitian government
eng_train_track_a_01982,"I woke up this morning with my arms, back and sides in that lovely workout pain that soothes me so.",0,0,1,0,0,eng,i woke up this morning with my arms back and sides in that lovely workout pain that soothes me so
eng_train_track_a_01983,I bawled my eyes out when Wait.,0,0,0,1,0,eng,i bawled my eyes out when wait
eng_train_track_a_01984,"She found her Dad and gave him a rock she had found out side, just a plain old rock.",0,0,1,0,0,eng,she found her dad and gave him a rock she had found out side just a plain old rock
eng_train_track_a_01985,"Navy, Air Traffic controller.",0,0,0,0,0,eng,navy air traffic controller
eng_train_track_a_01986,"I should interject here, that I prayed on my knees at the alter for a diagnosis at the church of the nazarene-ONE week before this happened... and then three days ago, my doctor sat me down and showed me my lab tests and gave me the pheochromocytoma word, and the two specialist referrals, looked at me and said `` I'm going to get you your life back.",0,1,1,1,0,eng,i should interject here that i prayed on my knees at the alter for a diagnosis at the church of the nazareneone week before this happened and then three days ago my doctor sat me down and showed me my lab tests and gave me the pheochromocytoma word and the two specialist referrals looked at me and said im going to get you your life back
eng_train_track_a_01987,"I ran my hand through my hair, trying to clear my head.",0,1,0,0,0,eng,i ran my hand through my hair trying to clear my head
eng_train_track_a_01988,And you'll have just married psycho ex.,1,1,0,0,0,eng,and youll have just married psycho ex
eng_train_track_a_01989,"he kept talking, but i couldn't hear anything but my heart exploding inside my chest, the grand finale.",0,1,0,0,0,eng,he kept talking but i couldnt hear anything but my heart exploding inside my chest the grand finale
eng_train_track_a_01990,3rd I really don't know... Any of the main characters really..,0,1,0,0,0,eng,3rd i really dont know any of the main characters really
eng_train_track_a_01991,I covered my face with my hands.,0,1,0,1,0,eng,i covered my face with my hands
eng_train_track_a_01992,"Probably just going to be buried, but at least I can tell this story somewhere.",0,0,0,1,0,eng,probably just going to be buried but at least i can tell this story somewhere
eng_train_track_a_01993,I put a hand to my brow furrowed with worry and closed my eyes.,0,1,0,1,0,eng,i put a hand to my brow furrowed with worry and closed my eyes
eng_train_track_a_01994,"and the stains, across my heart.",0,1,0,1,0,eng,and the stains across my heart
eng_train_track_a_01995,I have so much stuff in my head right now.,0,1,0,1,0,eng,i have so much stuff in my head right now
eng_train_track_a_01996,I got there about 7:00 a.m. and started losing up my legs and doing some yoga.,0,0,1,0,0,eng,i got there about 700 am and started losing up my legs and doing some yoga
eng_train_track_a_01997,"Now, mental illness runs in my family, from fairly ""common"" stuff like depression and anxiety (which I have) to dissociative identity disorder, borderline personality disorder, and schizophrenia.",0,1,0,1,1,eng,now mental illness runs in my family from fairly common stuff like depression and anxiety which i have to dissociative identity disorder borderline personality disorder and schizophrenia
eng_train_track_a_01998,My legs are feeling the effects right now.,0,0,0,1,0,eng,my legs are feeling the effects right now
eng_train_track_a_01999,"&gt; Needless to say, I never asked to be haunted again.",1,1,0,0,1,eng,gt needless to say i never asked to be haunted again
eng_train_track_a_02000,My throat goes dry and my cough sounds not even human at some points.,0,1,0,0,0,eng,my throat goes dry and my cough sounds not even human at some points
eng_train_track_a_02001,This bracelet just falls to the ground.,0,1,0,0,1,eng,this bracelet just falls to the ground
eng_train_track_a_02002,"Either way, awesome night.",0,0,1,0,0,eng,either way awesome night
eng_train_track_a_02003,"I yawned, blinking my eyes rapidly as I muttered, `` Sorry, Lee. ''",0,0,0,0,0,eng,i yawned blinking my eyes rapidly as i muttered sorry lee
eng_train_track_a_02004,"I seated some where, and just about to open my story book, my eye caught a glimpse of someone standing right do nt even know... Walk to library.",0,1,0,0,1,eng,i seated some where and just about to open my story book my eye caught a glimpse of someone standing right do nt even know walk to library
eng_train_track_a_02005,"Sitting around a few years ago with about 5 friends at my best friends house, i'm watching someone play ps2 and i notice a hand reach out from between the t.v.",0,1,0,0,1,eng,sitting around a few years ago with about 5 friends at my best friends house im watching someone play ps2 and i notice a hand reach out from between the tv
eng_train_track_a_02006,7) Went to dinner with a woman in an open relationship.,0,1,1,0,0,eng,7 went to dinner with a woman in an open relationship
eng_train_track_a_02007,I followed the direction it went thinking it was my friend.,0,1,0,0,1,eng,i followed the direction it went thinking it was my friend
eng_train_track_a_02008,"So was yesterday, and I was surprised I was able to wear my Coach's without freezing my toes off!",0,0,1,0,1,eng,so was yesterday and i was surprised i was able to wear my coachs without freezing my toes off
eng_train_track_a_02009,I will never forget hat day.,0,0,0,1,1,eng,i will never forget hat day
eng_train_track_a_02010,"The issue was, when we were smoking it, it felt sharp and acrid and terrible.",1,1,0,1,1,eng,the issue was when we were smoking it it felt sharp and acrid and terrible
eng_train_track_a_02011,I saw down the hallway a figure walking slowly toward me.,0,1,0,0,1,eng,i saw down the hallway a figure walking slowly toward me
eng_train_track_a_02012,"So I left the room, went outside and settled once again for going through my mess in my head.",0,1,0,1,0,eng,so i left the room went outside and settled once again for going through my mess in my head
eng_train_track_a_02013,I walked out kamiyacho station with a big question mark in my head.,0,1,0,0,1,eng,i walked out kamiyacho station with a big question mark in my head
eng_train_track_a_02014,I had a nightmare.,0,1,0,1,0,eng,i had a nightmare
eng_train_track_a_02015,"Circus clown wallpaper, circus clown figurines, paintings of circus clowns, small statues of circus clowns.",0,1,0,0,1,eng,circus clown wallpaper circus clown figurines paintings of circus clowns small statues of circus clowns
eng_train_track_a_02016,"this is why i get up every day, lace up my chucks and keep a smile on my face through all sorts of patron issues.",0,0,1,0,0,eng,this is why i get up every day lace up my chucks and keep a smile on my face through all sorts of patron issues
eng_train_track_a_02017,and that got my head bobbing a little bit.,0,0,1,0,0,eng,and that got my head bobbing a little bit
eng_train_track_a_02018,The shock burned a part of my thumb.,0,1,0,1,1,eng,the shock burned a part of my thumb
eng_train_track_a_02019,Never trust a fart.,0,1,1,0,0,eng,never trust a fart
eng_train_track_a_02020,(It was pretty bad).,0,1,0,1,0,eng,it was pretty bad
eng_train_track_a_02021,The voice echoed in my ears again.,0,1,0,0,0,eng,the voice echoed in my ears again
eng_train_track_a_02022,"Still starved for human interaction, I say okay.",0,1,0,1,0,eng,still starved for human interaction i say okay
eng_train_track_a_02023,"The room really isn't a room, it is as though she is kneeling on the floor but I don't see any walls.",0,1,0,0,1,eng,the room really isnt a room it is as though she is kneeling on the floor but i dont see any walls
eng_train_track_a_02024,"Even with all that, my asthma still keeps getting worse and worse.",0,1,0,1,0,eng,even with all that my asthma still keeps getting worse and worse
eng_train_track_a_02025,"For the first time since I collapsed, I was able to let out how I felt inside and what sounded like shrieking began to come out of my mouth.",0,1,0,1,0,eng,for the first time since i collapsed i was able to let out how i felt inside and what sounded like shrieking began to come out of my mouth
eng_train_track_a_02026,"Just as the priest asks if there is any objections, a huge booming thunder rolls out, sounding like a cannon in the church.",0,1,0,0,1,eng,just as the priest asks if there is any objections a huge booming thunder rolls out sounding like a cannon in the church
eng_train_track_a_02027,"My stomach twisted for some reason, instinct telling me that it was Lacie he was talking to.",0,1,0,0,0,eng,my stomach twisted for some reason instinct telling me that it was lacie he was talking to
eng_train_track_a_02028,They were both fantastic.,0,0,1,0,0,eng,they were both fantastic
eng_train_track_a_02029,always asking for sex.,1,1,0,0,0,eng,always asking for sex
eng_train_track_a_02030,All of a sudden we were standing on the street corner waiting for the light to change so we could cross.,0,0,0,0,1,eng,all of a sudden we were standing on the street corner waiting for the light to change so we could cross
eng_train_track_a_02031,"Between moving appliances yesterday at work, and this morning where I tensed enough to tweak my back, I'm a bit sore.Now Paka has been staring at me wide-eyed and giving her whining-style meow.",0,0,0,1,0,eng,between moving appliances yesterday at work and this morning where i tensed enough to tweak my back im a bit sorenow paka has been staring at me wideeyed and giving her whiningstyle meow
eng_train_track_a_02032,"I didn't leave town this weekend, knowing it was going to rain ( thus my volunteer day today w / the homeless ) whilst my shoulder is all jacked up and clicking.I think I pinched at nerve at the gym.",0,1,0,1,0,eng,i didnt leave town this weekend knowing it was going to rain thus my volunteer day today w the homeless whilst my shoulder is all jacked up and clickingi think i pinched at nerve at the gym
eng_train_track_a_02033,"My hands, my lips, my touch These and are few to what it takes To build something no one can imagine.",0,0,1,0,0,eng,my hands my lips my touch these and are few to what it takes to build something no one can imagine
eng_train_track_a_02034,At least I have a single room now!,0,0,1,0,0,eng,at least i have a single room now
eng_train_track_a_02035,"Browsing through that page about wheels, this castle wheel, by H. H. Napier / Glenfield Industries, caught my eye.",0,0,1,0,0,eng,browsing through that page about wheels this castle wheel by h h napier glenfield industries caught my eye
eng_train_track_a_02036,My leg so tired 4.,0,1,0,0,0,eng,my leg so tired 4
eng_train_track_a_02037,I can never forget it.,0,1,0,1,0,eng,i can never forget it
eng_train_track_a_02038,Jon and I decided to see how long it took for someone to notice the ring on my finger.,0,0,1,0,1,eng,jon and i decided to see how long it took for someone to notice the ring on my finger
eng_train_track_a_02039,With work-Adam has really been breathing down my neck about files not being opened fast enough.,1,1,0,0,0,eng,with workadam has really been breathing down my neck about files not being opened fast enough
eng_train_track_a_02040,"As I jogged down the street, I noticed that the snow was blowing straight into my eyes.",0,1,0,0,1,eng,as i jogged down the street i noticed that the snow was blowing straight into my eyes
eng_train_track_a_02041,I just didn't have it in my legs to keep up with that through the hills and fell back.,0,1,0,1,0,eng,i just didnt have it in my legs to keep up with that through the hills and fell back
eng_train_track_a_02042,"And again, I kinda woke up to another dream.",0,1,1,0,1,eng,and again i kinda woke up to another dream
eng_train_track_a_02043,rage.. violence... threats until I leave the house... then she bounces back... goes dancing and has sex with a stranger and tells me about it.,1,1,0,1,1,eng,rage violence threats until i leave the house then she bounces back goes dancing and has sex with a stranger and tells me about it
eng_train_track_a_02044,never felt so depressed before.,0,0,0,1,0,eng,never felt so depressed before
eng_train_track_a_02045,"I guess I should learn to just not open my mouth, because this morning when I woke up, I was in Minnesota!!",0,0,0,0,1,eng,i guess i should learn to just not open my mouth because this morning when i woke up i was in minnesota
eng_train_track_a_02046,They said they don't remember any man.,0,1,0,1,1,eng,they said they dont remember any man
eng_train_track_a_02047,"Bit of a pain for us awkward-types, but never fear!",0,1,1,0,0,eng,bit of a pain for us awkwardtypes but never fear
eng_train_track_a_02048,"But my natural color, on the underside of my forearms for example, is `` dead fishbelly white.",0,0,0,0,0,eng,but my natural color on the underside of my forearms for example is dead fishbelly white
eng_train_track_a_02049,There was that one night while sleeping in that nice riad when I felt a tickle at the back of my neck.,0,1,0,0,1,eng,there was that one night while sleeping in that nice riad when i felt a tickle at the back of my neck
eng_train_track_a_02050,"in january i dropped some dead weight, which relieved my back a little from carrying other peoples problems around too much.",0,1,1,0,0,eng,in january i dropped some dead weight which relieved my back a little from carrying other peoples problems around too much
eng_train_track_a_02051,We cuddled on the couch whilst watching TV.,0,0,1,0,0,eng,we cuddled on the couch whilst watching tv
eng_train_track_a_02052,"Chef is a title like ""supervisor"" or ""manager"".",0,0,0,0,1,eng,chef is a title like supervisor or manager
eng_train_track_a_02053,Nobody on the other end.,0,1,0,0,1,eng,nobody on the other end
eng_train_track_a_02054,"To this day, I can't go to the doctor without maniacally spelling `` vaccinations '' in my head, just to make sure I remember how.",0,1,0,0,0,eng,to this day i cant go to the doctor without maniacally spelling vaccinations in my head just to make sure i remember how
eng_train_track_a_02055,"I dragged my feet home after a tired day in school ( oh man, it's only the first day! )",0,0,0,1,0,eng,i dragged my feet home after a tired day in school oh man its only the first day
eng_train_track_a_02056,They check out the whole house and say it's clear to go back inside.,0,1,1,0,0,eng,they check out the whole house and say its clear to go back inside
eng_train_track_a_02057,"Quite full in my heart actually, for affirming this man, so lovingly, and fearlessly.",0,0,1,0,0,eng,quite full in my heart actually for affirming this man so lovingly and fearlessly
eng_train_track_a_02058,Please stop stealing our dogs!,1,1,0,1,0,eng,please stop stealing our dogs
eng_train_track_a_02059,I felt the afterglow of the late afternoon sun and the cool zephyr on my skin at the same time when I stood outside the main gates of the university just before I saw his car making that turn.,0,0,1,0,0,eng,i felt the afterglow of the late afternoon sun and the cool zephyr on my skin at the same time when i stood outside the main gates of the university just before i saw his car making that turn
eng_train_track_a_02060,Just got back from the dentist a little while ago and I am not a happy camper: ( The Novocaine hasn't even worn completely off yet and my jaw is throbbing.,1,1,0,1,0,eng,just got back from the dentist a little while ago and i am not a happy camper the novocaine hasnt even worn completely off yet and my jaw is throbbing
eng_train_track_a_02061,Key then hit me on the side of my head.,1,1,0,0,1,eng,key then hit me on the side of my head
eng_train_track_a_02062,"We all went back to the ship, but Mats made me go to the local hospital to check out my heart ( that's an order! )",0,1,0,0,0,eng,we all went back to the ship but mats made me go to the local hospital to check out my heart thats an order
eng_train_track_a_02063,Just helping a kid.,0,0,1,0,0,eng,just helping a kid
eng_train_track_a_02064,She was promptly dumped.,0,0,0,1,0,eng,she was promptly dumped
eng_train_track_a_02065,Charlie was so crazy!,0,0,1,0,1,eng,charlie was so crazy
eng_train_track_a_02066,"**Elderly man**: Well, there's a lot of them colored folks working there, and I just didn't feel safe leaving it with them.",1,1,0,1,0,eng,elderly man well theres a lot of them colored folks working there and i just didnt feel safe leaving it with them
eng_train_track_a_02067,"The air is so clear it stings my lungs, which have for months been choked by dust and diesel from the streets of Kabul.",0,1,0,0,0,eng,the air is so clear it stings my lungs which have for months been choked by dust and diesel from the streets of kabul
eng_train_track_a_02068,My brain's dead weight I'm tryin to get my head straight but I can't figure out which Cheerleader i wan na impregnate.,0,1,0,1,0,eng,my brains dead weight im tryin to get my head straight but i cant figure out which cheerleader i wan na impregnate
eng_train_track_a_02069,"I get cramps and aches in my shoulders when I'm even minutely out of position, just imagine what it's going to be like with a completely different seating system, not to mention an entirely new drive mechanism.",0,1,0,0,0,eng,i get cramps and aches in my shoulders when im even minutely out of position just imagine what its going to be like with a completely different seating system not to mention an entirely new drive mechanism
eng_train_track_a_02070,I'll explain myself...,0,1,0,0,0,eng,ill explain myself
eng_train_track_a_02071,- I once caught him eating a vat...a VAT of uncooked rice covered in peanut butter.,0,0,0,0,1,eng,i once caught him eating a vata vat of uncooked rice covered in peanut butter
eng_train_track_a_02072,I slowed down when I came to a fairly well known speed trap in my town.,0,1,0,0,0,eng,i slowed down when i came to a fairly well known speed trap in my town
eng_train_track_a_02073,"Right now I am doing the pain killers, and quad exercises, with the proviso that we keep a close eye on the damage already done to my knee.",0,1,0,0,0,eng,right now i am doing the pain killers and quad exercises with the proviso that we keep a close eye on the damage already done to my knee
eng_train_track_a_02074,My back started aching.,0,1,0,0,0,eng,my back started aching
eng_train_track_a_02075,My heart sank.,0,0,0,1,0,eng,my heart sank
eng_train_track_a_02076,**I have an amazing I-called-that sports story that defies explanation.,0,0,1,0,1,eng,i have an amazing icalledthat sports story that defies explanation
eng_train_track_a_02077,I roomed on my own for the rest of the term.,0,0,0,1,0,eng,i roomed on my own for the rest of the term
eng_train_track_a_02078,It frames my face and makes me look rather clownish.,0,0,0,1,0,eng,it frames my face and makes me look rather clownish
eng_train_track_a_02079,It's pretty crazy thinking of the random chance of us never meeting.,0,0,1,0,1,eng,its pretty crazy thinking of the random chance of us never meeting
eng_train_track_a_02080,A week later he had a girlfriend.,0,0,1,1,1,eng,a week later he had a girlfriend
eng_train_track_a_02081,i told myself i can't buy anything yet my hand just cant stop me for buying.,0,1,0,0,0,eng,i told myself i cant buy anything yet my hand just cant stop me for buying
eng_train_track_a_02082,Then buy a farm.,0,0,1,0,0,eng,then buy a farm
eng_train_track_a_02083,"I would be about 10 maybe, anyway i was out with my mom , dad and sister.",0,0,1,0,0,eng,i would be about 10 maybe anyway i was out with my mom dad and sister
eng_train_track_a_02084,"In my head I just said, ""this is going to end badly.",0,1,0,1,0,eng,in my head i just said this is going to end badly
eng_train_track_a_02085,Hence the goofy grin on my face.,0,0,1,0,0,eng,hence the goofy grin on my face
eng_train_track_a_02086,"Satan said to him, ""God will do everything in His power to destroy you.",1,1,0,1,1,eng,satan said to him god will do everything in his power to destroy you
eng_train_track_a_02087,"Alas, I still can't go swimming because my hands can't be wet for a while without being stupid But I can wade?",0,0,1,1,0,eng,alas i still cant go swimming because my hands cant be wet for a while without being stupid but i can wade
eng_train_track_a_02088,I have a ton of stitches in my mouth.,0,1,0,1,0,eng,i have a ton of stitches in my mouth
eng_train_track_a_02089,In a car crash.,0,1,0,1,1,eng,in a car crash
eng_train_track_a_02090,"I have incredibly pale skin, poor circulation in my lips, and blonde eyebrows and eyelashes.",0,0,0,0,0,eng,i have incredibly pale skin poor circulation in my lips and blonde eyebrows and eyelashes
eng_train_track_a_02091,A journey into my world ( or at least into my brain. ),0,0,0,0,1,eng,a journey into my world or at least into my brain
eng_train_track_a_02092,I've been having kind of a really rough week and I'm so glad that some of my pals have my back.,0,0,1,1,0,eng,ive been having kind of a really rough week and im so glad that some of my pals have my back
eng_train_track_a_02093,"Anyway, a dream glitch?",0,1,0,0,1,eng,anyway a dream glitch
eng_train_track_a_02094,"I got my first raspberry from a crowd surfer falling and my face hitting the monitor, battle wounds.",0,1,0,1,1,eng,i got my first raspberry from a crowd surfer falling and my face hitting the monitor battle wounds
eng_train_track_a_02095,None of us did.,0,0,0,0,0,eng,none of us did
eng_train_track_a_02096,ugh so today i found out that some people have been talking shit abou tme behind my back.,1,1,0,1,1,eng,ugh so today i found out that some people have been talking shit abou tme behind my back
eng_train_track_a_02097,i think ) into my skin to make the wound bigger then squeezed everything out.,0,1,0,1,0,eng,i think into my skin to make the wound bigger then squeezed everything out
eng_train_track_a_02098,"It's going to suck worse when I'm barefoot in the kitchen in two months and a piece of glass I overlooked is going to unearth itself and stick into the bottom of my foot, like that one time.",0,1,0,0,0,eng,its going to suck worse when im barefoot in the kitchen in two months and a piece of glass i overlooked is going to unearth itself and stick into the bottom of my foot like that one time
eng_train_track_a_02099,Over two hours gone.,0,1,0,1,1,eng,over two hours gone
eng_train_track_a_02100,One time my aunt was sitting on her front porch in her bare feet and she felt a lick.,0,1,0,0,1,eng,one time my aunt was sitting on her front porch in her bare feet and she felt a lick
eng_train_track_a_02101,Well one time he actually fell asleep (foot still on gas pedal) and I was actually steering the truck for a few good miles.,0,1,0,0,1,eng,well one time he actually fell asleep foot still on gas pedal and i was actually steering the truck for a few good miles
eng_train_track_a_02102,"We didn't swing, we just rested and enjoyed the weather.",0,0,1,0,0,eng,we didnt swing we just rested and enjoyed the weather
eng_train_track_a_02103,"I shrugged, my eyes on the TV.",0,0,0,0,0,eng,i shrugged my eyes on the tv
eng_train_track_a_02104,I just realized that I have stitches in my mouth.,0,1,0,0,0,eng,i just realized that i have stitches in my mouth
eng_train_track_a_02105,"It was so beautiful; I felt tears of joy run down my face... Five years after World War II ended, Washi and I are at Pearl Harbor for a very special day.",0,0,1,0,0,eng,it was so beautiful i felt tears of joy run down my face five years after world war ii ended washi and i are at pearl harbor for a very special day
eng_train_track_a_02106,"Finally facing life responsibilities again, but my head still was on vacation.",0,1,0,0,0,eng,finally facing life responsibilities again but my head still was on vacation
eng_train_track_a_02107,"I said, closing my eyes tightly.",0,1,0,0,0,eng,i said closing my eyes tightly
eng_train_track_a_02108,Started out with me having a migraine and once I got the pain to go away it still was messing with my brain.,0,1,0,1,0,eng,started out with me having a migraine and once i got the pain to go away it still was messing with my brain
eng_train_track_a_02109,Then again but harder.,0,0,0,0,0,eng,then again but harder
eng_train_track_a_02110,""" and burst out laughing.",0,0,1,0,1,eng,and burst out laughing
eng_train_track_a_02111,"I hit it again, another familiar value came up.",0,0,1,0,1,eng,i hit it again another familiar value came up
eng_train_track_a_02112,My ex boyfriend has been texting me every single day for a month continuously.,1,1,0,1,1,eng,my ex boyfriend has been texting me every single day for a month continuously
eng_train_track_a_02113,"WANTED to go more like 13, but my heel was a little sore from last weeks `` heavier '' mileage, so I did the smart thing ( I think ) and cut it short.",0,1,0,0,0,eng,wanted to go more like 13 but my heel was a little sore from last weeks heavier mileage so i did the smart thing i think and cut it short
eng_train_track_a_02114,and I nodded my head.,0,0,0,0,0,eng,and i nodded my head
eng_train_track_a_02115,"On the second block, it hit me.",0,1,0,0,1,eng,on the second block it hit me
eng_train_track_a_02116,The most solid relationship in my whole life started with Zelda and Mario!,0,0,1,0,1,eng,the most solid relationship in my whole life started with zelda and mario
eng_train_track_a_02117,I cannot stay here.,1,1,0,1,0,eng,i cannot stay here
eng_train_track_a_02118,"It didn't hurt at the time, but I was getting a headache and my head started feeling really heavy!",0,1,0,1,0,eng,it didnt hurt at the time but i was getting a headache and my head started feeling really heavy
eng_train_track_a_02119,"I'm still feeling woozy, it's hard to type because my muscles are not cooperating with me.",0,1,0,0,0,eng,im still feeling woozy its hard to type because my muscles are not cooperating with me
eng_train_track_a_02120,"So i walk up to the doctor, shake his hand, then inject him with the killing sauce he just gave to me from my freshly filled needle.",1,1,0,0,0,eng,so i walk up to the doctor shake his hand then inject him with the killing sauce he just gave to me from my freshly filled needle
eng_train_track_a_02121,so I'm stir my heart for Europe travel.,0,0,1,0,0,eng,so im stir my heart for europe travel
eng_train_track_a_02122,On the way out I banged my head against the gate.,1,1,0,0,1,eng,on the way out i banged my head against the gate
eng_train_track_a_02123,My last relationship ended pretty mutually...and I really tried to maintain the friendship.,0,0,1,1,0,eng,my last relationship ended pretty mutuallyand i really tried to maintain the friendship
eng_train_track_a_02124,"I'm that forgotten tear That forgot to fall Yet lingers on my cheek Brush it away And it's still there Lick it up, And feel it burn your throat, Stripping it red raw.",0,1,0,1,0,eng,im that forgotten tear that forgot to fall yet lingers on my cheek brush it away and its still there lick it up and feel it burn your throat stripping it red raw
eng_train_track_a_02125,All at once we play.,0,0,1,0,0,eng,all at once we play
eng_train_track_a_02126,I actually started to look forward to that because of the flying sensation.,0,0,1,0,0,eng,i actually started to look forward to that because of the flying sensation
eng_train_track_a_02127,"I spent the night in my room, then went to bed.",0,0,0,0,0,eng,i spent the night in my room then went to bed
eng_train_track_a_02128,I sleep facing away from my door.,0,1,0,0,0,eng,i sleep facing away from my door
eng_train_track_a_02129,i'm going to meet your sister.,0,1,1,0,0,eng,im going to meet your sister
eng_train_track_a_02130,My nose stung and I could see my breath.,0,1,0,0,0,eng,my nose stung and i could see my breath
eng_train_track_a_02131,He notes that he is disgruntled about the lack of pirate music.,1,0,0,0,0,eng,he notes that he is disgruntled about the lack of pirate music
eng_train_track_a_02132,"I tilted my head to the side and smiled, `` I know you are.",0,0,1,0,0,eng,i tilted my head to the side and smiled i know you are
eng_train_track_a_02133,"In the past, whenever I've gained weight, it went straight to my hips.",0,0,0,0,0,eng,in the past whenever ive gained weight it went straight to my hips
eng_train_track_a_02134,"To be frank, lens and makeup really succeeded at enlarging my eyes in spite of the grotesque focus of my vision.",0,0,1,0,1,eng,to be frank lens and makeup really succeeded at enlarging my eyes in spite of the grotesque focus of my vision
eng_train_track_a_02135,"I drain the last of my beer and the wrap my arms around my bent legs, resting my chin on one knee.",0,0,0,1,0,eng,i drain the last of my beer and the wrap my arms around my bent legs resting my chin on one knee
eng_train_track_a_02136,"I reluctantly take my head off the death machine and turn around to find none other then Jill Nevins sitting some 10 yards behind me, enjoying lunch on the other side of the fence.",0,1,0,0,1,eng,i reluctantly take my head off the death machine and turn around to find none other then jill nevins sitting some 10 yards behind me enjoying lunch on the other side of the fence
eng_train_track_a_02137,I had two in a row.,0,0,0,0,0,eng,i had two in a row
eng_train_track_a_02138,He always assumed he was hallucinating or just going crazy.,0,1,0,1,0,eng,he always assumed he was hallucinating or just going crazy
eng_train_track_a_02139,red nails for my foot and pink base plus white coat on the tip!i hope the polish stay as long as possible but my nails are one kind.,0,0,1,0,0,eng,red nails for my foot and pink base plus white coat on the tipi hope the polish stay as long as possible but my nails are one kind
eng_train_track_a_02140,I just didn't see the reason to sit there with a cookie on my nose.,0,0,0,0,0,eng,i just didnt see the reason to sit there with a cookie on my nose
eng_train_track_a_02141,By the time we landed in Paris ( and for the next 3 weeks ) that is the only song I had in my head.,0,0,0,0,0,eng,by the time we landed in paris and for the next 3 weeks that is the only song i had in my head
eng_train_track_a_02142,Isn't that... Oh I don't know... Against the Bill of Rights?,1,1,0,0,1,eng,isnt that oh i dont know against the bill of rights
eng_train_track_a_02143,""" The other boy clarified, ""Sorry about him.",0,1,0,0,0,eng,the other boy clarified sorry about him
eng_train_track_a_02144,The slight cardio made my lungs burn with pain.,0,1,0,0,0,eng,the slight cardio made my lungs burn with pain
eng_train_track_a_02145,Especially when you don't know the circumstance.,0,1,0,0,1,eng,especially when you dont know the circumstance
eng_train_track_a_02146,My face hurt from laughing so much!,0,0,1,0,0,eng,my face hurt from laughing so much
eng_train_track_a_02147,She though she could sneak one out..... ended up dripping poop throughout the department store.,0,1,1,0,1,eng,she though she could sneak one out ended up dripping poop throughout the department store
eng_train_track_a_02148,Put your ray gun to my heeeeeead!,0,1,0,0,1,eng,put your ray gun to my heeeeeead
eng_train_track_a_02149,No one was there.,0,1,0,1,1,eng,no one was there
eng_train_track_a_02150,"I was okay, though it was hot when it landed at on my arm.",0,0,0,0,0,eng,i was okay though it was hot when it landed at on my arm
eng_train_track_a_02151,Every boarding school has some odd tradition or skill students must undertake before graduation.,0,0,0,0,1,eng,every boarding school has some odd tradition or skill students must undertake before graduation
eng_train_track_a_02152,As I walked through the waiting area I could not believe my eyes at what I saw.,0,0,0,0,1,eng,as i walked through the waiting area i could not believe my eyes at what i saw
eng_train_track_a_02153,"As I got close to it, I realized that my handlebars were not going to fit, but it was too late to stop or turn.",0,1,0,0,1,eng,as i got close to it i realized that my handlebars were not going to fit but it was too late to stop or turn
eng_train_track_a_02154,I'm in the barn all day 6 days a week doing a job that keeps me on my feet and moving for the entire time I'm there.,0,1,0,0,0,eng,im in the barn all day 6 days a week doing a job that keeps me on my feet and moving for the entire time im there
eng_train_track_a_02155,"I'm frozen for a few moments, Tears welling to my eyes as I try to squash the emotions.",0,1,0,1,0,eng,im frozen for a few moments tears welling to my eyes as i try to squash the emotions
eng_train_track_a_02156,Fast forward a year to beginning of hs this year .,0,0,0,0,1,eng,fast forward a year to beginning of hs this year
eng_train_track_a_02157,"Jeff got in the tub with me at some point and was also rubbing my back and such, as most of my labor was in my lower back.",0,1,0,1,0,eng,jeff got in the tub with me at some point and was also rubbing my back and such as most of my labor was in my lower back
eng_train_track_a_02158,But regardless of that... I know something is wrong in my head.,0,1,0,1,0,eng,but regardless of that i know something is wrong in my head
eng_train_track_a_02159,I tried to keep my hands washed and be very careful around the kids.,0,1,0,0,0,eng,i tried to keep my hands washed and be very careful around the kids
eng_train_track_a_02160,"Still had sex with her, though.",0,0,1,0,0,eng,still had sex with her though
eng_train_track_a_02161,I make it a habit of sitting with my back facing a wall so I could see everything and everyone.,0,1,0,0,0,eng,i make it a habit of sitting with my back facing a wall so i could see everything and everyone
eng_train_track_a_02162,I was at a large rock festival.,0,0,1,0,0,eng,i was at a large rock festival
eng_train_track_a_02163,It was through a dream that she learned that his last living thoughts were of her.,0,0,1,1,1,eng,it was through a dream that she learned that his last living thoughts were of her
eng_train_track_a_02164,"After entering the park, I started running ( slowly ) again and managed to run ( slowly ) across the finish where a very young ( and very cute ) teenage boy put a medal around my neck.",0,0,1,0,0,eng,after entering the park i started running slowly again and managed to run slowly across the finish where a very young and very cute teenage boy put a medal around my neck
eng_train_track_a_02165,"Finding them, I whipped one out and put it in my ear, swabbing.",0,0,0,0,0,eng,finding them i whipped one out and put it in my ear swabbing
eng_train_track_a_02166,"Still, I weathered those personal storms, and now I'm feeling such a brilliant, warm upsurge of energy that it brings tears to my eyes.",0,0,1,0,0,eng,still i weathered those personal storms and now im feeling such a brilliant warm upsurge of energy that it brings tears to my eyes
eng_train_track_a_02167,Probably shaved 30 minutes or more of stop and go traffic.,0,0,1,0,0,eng,probably shaved 30 minutes or more of stop and go traffic
eng_train_track_a_02168,"I reach down and run my fingers all over the slippery little roundness, feel it lean away and there is no shoulder dystocia, the neck is free and no cord.",0,1,0,0,0,eng,i reach down and run my fingers all over the slippery little roundness feel it lean away and there is no shoulder dystocia the neck is free and no cord
eng_train_track_a_02169,"I wake from my coma, sleep crusting my eyes.",0,1,0,0,0,eng,i wake from my coma sleep crusting my eyes
eng_train_track_a_02170,One day I was searching through my drawers in my room and I found a cassette tape of Babar the elephant.,0,0,1,0,1,eng,one day i was searching through my drawers in my room and i found a cassette tape of babar the elephant
eng_train_track_a_02171,When I walked into recovery my heart was pounding.,0,1,0,0,0,eng,when i walked into recovery my heart was pounding
eng_train_track_a_02172,It smells divine-citrus and sandalwood-and helps me fool myself into thinking that my hands aren't aging badly.,0,0,1,1,0,eng,it smells divinecitrus and sandalwoodand helps me fool myself into thinking that my hands arent aging badly
eng_train_track_a_02173,If the noise hurt *your* ears then it must have really hurt theirs.,0,1,0,0,0,eng,if the noise hurt your ears then it must have really hurt theirs
eng_train_track_a_02174,I rolled my eyes.,1,0,0,0,0,eng,i rolled my eyes
eng_train_track_a_02175,""" I'm terrified that they're going to kill her, beat her, rape her, all of the above.",0,1,0,1,0,eng,im terrified that theyre going to kill her beat her rape her all of the above
eng_train_track_a_02176,"Instead of feeling a smooth, round surface, my tongue encountered a rough, jagged hollow.",0,1,0,1,0,eng,instead of feeling a smooth round surface my tongue encountered a rough jagged hollow
eng_train_track_a_02177,"She began to cry, heaving sobs.",0,1,0,1,0,eng,she began to cry heaving sobs
eng_train_track_a_02178,"The starfish lay by my feet, its back turned to me.",0,0,0,0,0,eng,the starfish lay by my feet its back turned to me
eng_train_track_a_02179,"Needless to say I'm having plans to do a master in IT Security, he?",0,0,1,0,0,eng,needless to say im having plans to do a master in it security he
eng_train_track_a_02180,He's telling a little kid a joke.,0,0,1,0,0,eng,hes telling a little kid a joke
eng_train_track_a_02181,Intestines were dangling from my neck and stomach acid was burning my eyes.,1,1,0,1,0,eng,intestines were dangling from my neck and stomach acid was burning my eyes
eng_train_track_a_02182,Deer getting hit by snow plows (very messy).,0,1,0,1,1,eng,deer getting hit by snow plows very messy
eng_train_track_a_02183,It wasn't on my shoe anymore.,0,0,1,0,1,eng,it wasnt on my shoe anymore
eng_train_track_a_02184,"As I was looking at it, a terrifying dog that shows up pretty regularly in my nightmares started barked and throwing itself at the door all Cujo-like.",0,1,0,0,1,eng,as i was looking at it a terrifying dog that shows up pretty regularly in my nightmares started barked and throwing itself at the door all cujolike
eng_train_track_a_02185,"So mostly, I just kept on my feet and did a lot of walking.",0,0,0,0,0,eng,so mostly i just kept on my feet and did a lot of walking
eng_train_track_a_02186,"They dragged him away and he looked very disheartened, defeated...tears streaming down his face.",0,1,0,1,0,eng,they dragged him away and he looked very disheartened defeatedtears streaming down his face
eng_train_track_a_02187,It freaked my uncle right the hell out.,0,1,0,0,1,eng,it freaked my uncle right the hell out
eng_train_track_a_02188,"It's pretty bright.Well, when i awoke i saw that the glow had gone, however when i moved my ankle it totally killed.",0,1,0,1,0,eng,its pretty brightwell when i awoke i saw that the glow had gone however when i moved my ankle it totally killed
eng_train_track_a_02189,"After the humiliation and my husband laughing uncontrollably at me, my nails remained perfectly intact.",1,0,0,1,0,eng,after the humiliation and my husband laughing uncontrollably at me my nails remained perfectly intact
eng_train_track_a_02190,I was so wrapping up in the boy in my arms.,0,0,1,0,0,eng,i was so wrapping up in the boy in my arms
eng_train_track_a_02191,I almost envy them; being an actual teenager in this era means that I have a world-weary ennui on my shoulders.,0,0,0,1,0,eng,i almost envy them being an actual teenager in this era means that i have a worldweary ennui on my shoulders
eng_train_track_a_02192,I remained standing with a blank expression on my face.,0,0,0,1,0,eng,i remained standing with a blank expression on my face
eng_train_track_a_02193,Completely lost my mind.,1,1,0,1,1,eng,completely lost my mind
eng_train_track_a_02194,Last year my school bus got hit while at a stop.,0,1,0,1,1,eng,last year my school bus got hit while at a stop
eng_train_track_a_02195,again I have a problem with the muscles in the back of my head behind my right ear.,0,1,0,1,0,eng,again i have a problem with the muscles in the back of my head behind my right ear
eng_train_track_a_02196,I know this pain.,0,1,0,1,0,eng,i know this pain
eng_train_track_a_02197,It just felt wrong.,1,1,0,1,0,eng,it just felt wrong
eng_train_track_a_02198,"Anyway, so I read the cave thing and went to bed pretty creeped out.",0,1,0,0,1,eng,anyway so i read the cave thing and went to bed pretty creeped out
eng_train_track_a_02199,"I have a twin, apparently.",0,1,1,0,1,eng,i have a twin apparently
eng_train_track_a_02200,Maybe a bit younger.,0,0,0,0,1,eng,maybe a bit younger
eng_train_track_a_02201,He then reached across with one of his front paws and put it around my arm.,0,0,0,0,0,eng,he then reached across with one of his front paws and put it around my arm
eng_train_track_a_02202,"However untrue I know this is intellectually -- for I still have family in Indiana, Aunts, Uncles, Cousins, and my Grandfather Lucas, who is still alive and kickin ' -- I still can not ignore this damned shade that keeps popping up over my shoulder and whisper's my worst fear: `` Alone. ''",0,1,0,1,0,eng,however untrue i know this is intellectually for i still have family in indiana aunts uncles cousins and my grandfather lucas who is still alive and kickin i still can not ignore this damned shade that keeps popping up over my shoulder and whispers my worst fear alone
eng_train_track_a_02203,Or the darkness in my eyes.,0,1,0,1,0,eng,or the darkness in my eyes
eng_train_track_a_02204,We were all treated and ended up fine.,0,0,1,0,0,eng,we were all treated and ended up fine
eng_train_track_a_02205,Now i'm stuck with a Class D Felony for Distribution of Marijuana... fucking sucks man..,1,1,0,1,0,eng,now im stuck with a class d felony for distribution of marijuana fucking sucks man
eng_train_track_a_02206,"One day in high school, my mom corners me in my room holding up this small white thing.",0,1,0,0,1,eng,one day in high school my mom corners me in my room holding up this small white thing
eng_train_track_a_02207,He txt'd me last week to ask about my knee out of nowhere-wtf.,1,0,0,0,1,eng,he txtd me last week to ask about my knee out of nowherewtf
eng_train_track_a_02208,I though nothing of it until I turned out the lights.,0,1,0,0,1,eng,i though nothing of it until i turned out the lights
eng_train_track_a_02209,"There was the shock of all my teeth on the bottom being pushed so out of whack I needed oral surgery and oh year, my jaw was broken.",1,1,0,1,1,eng,there was the shock of all my teeth on the bottom being pushed so out of whack i needed oral surgery and oh year my jaw was broken
eng_train_track_a_02210,"Tall, pale, skinny, great body.",0,0,1,0,0,eng,tall pale skinny great body
eng_train_track_a_02211,"I picked my head up, and the light coming through my window was far too bright, but I could still make out where my phone was.",0,1,0,0,0,eng,i picked my head up and the light coming through my window was far too bright but i could still make out where my phone was
eng_train_track_a_02212,"They arrest him on gun charges,rape, possession of child pornography,Drinking underage(BAL was 0.34) as well as exploitation of a minor.",1,1,0,1,1,eng,they arrest him on gun chargesrape possession of child pornographydrinking underagebal was 034 as well as exploitation of a minor
eng_train_track_a_02213,we got stuck on pandemonium lol it was so funny.I hurt my foot somehow lol figures now that I have no insuarance and I'm waiting to hear back from mass health.,1,1,1,1,0,eng,we got stuck on pandemonium lol it was so funnyi hurt my foot somehow lol figures now that i have no insuarance and im waiting to hear back from mass health
eng_train_track_a_02214,It was super cool and the girl who I offered it to was super sweet (and actually sent me some tea and a lipstick in return).,0,0,1,0,1,eng,it was super cool and the girl who i offered it to was super sweet and actually sent me some tea and a lipstick in return
eng_train_track_a_02215,It was a tempting trap and my greed forced me to fall for it and I burnt my hands there.,1,1,0,0,0,eng,it was a tempting trap and my greed forced me to fall for it and i burnt my hands there
eng_train_track_a_02216,My mother gets bothered just telling the story.,0,0,0,1,0,eng,my mother gets bothered just telling the story
eng_train_track_a_02217,"Pretty eerie, but awesome",0,1,1,0,1,eng,pretty eerie but awesome
eng_train_track_a_02218,"I like how sometimes, my skin makes is so easy for me to be invisible.",0,0,1,0,0,eng,i like how sometimes my skin makes is so easy for me to be invisible
eng_train_track_a_02219,But it's okay because I was confident.,0,0,1,0,0,eng,but its okay because i was confident
eng_train_track_a_02220,It was still very dark and very much night time.,0,1,0,0,0,eng,it was still very dark and very much night time
eng_train_track_a_02221,"Why people remember what they remember, why they forget what they forget For now just introduce her to familiar situations Gently. Shankar said in a hard, warning tone, before adding in sympathy, And hope for the best. Logan sighed, rubbing his temples in sudden exhaustion, despite the fact it was only just now creeping up on midnight.",0,1,0,1,0,eng,why people remember what they remember why they forget what they forget for now just introduce her to familiar situations gently shankar said in a hard warning tone before adding in sympathy and hope for the best logan sighed rubbing his temples in sudden exhaustion despite the fact it was only just now creeping up on midnight
eng_train_track_a_02222,I can go pee here but that's all and then no water to wash my hands.,0,1,0,0,0,eng,i can go pee here but thats all and then no water to wash my hands
eng_train_track_a_02223,"One day, one of the Nazi soldiers went missing.",0,1,0,1,1,eng,one day one of the nazi soldiers went missing
eng_train_track_a_02224,He told her not to disturb him.,1,0,0,0,0,eng,he told her not to disturb him
eng_train_track_a_02225,My jaw dropped and apparently the look of horror on my face was priceless.,0,1,0,0,1,eng,my jaw dropped and apparently the look of horror on my face was priceless
eng_train_track_a_02226,It reminds me of the pain I always felt with the pain in my back.,0,1,0,1,0,eng,it reminds me of the pain i always felt with the pain in my back
eng_train_track_a_02227,`` I felt my eyelids swelling shut and the crack in my collarbone started to throb.,0,1,0,1,0,eng,i felt my eyelids swelling shut and the crack in my collarbone started to throb
eng_train_track_a_02228,I slid my hand into my pocket and took out my knife.,0,1,0,0,0,eng,i slid my hand into my pocket and took out my knife
eng_train_track_a_02229,I see the cycles.,0,0,0,0,1,eng,i see the cycles
eng_train_track_a_02230,"I don't know what it is about my mouth, but it holds onto colour for AGES.",0,0,1,0,0,eng,i dont know what it is about my mouth but it holds onto colour for ages
eng_train_track_a_02231,"A bit of a mental image, here.",0,0,0,0,1,eng,a bit of a mental image here
eng_train_track_a_02232,A friend of mine is a policeman.,0,0,1,0,0,eng,a friend of mine is a policeman
eng_train_track_a_02233,My stomach must be returning to normal size after months of unnecessary stretching.,0,0,0,0,0,eng,my stomach must be returning to normal size after months of unnecessary stretching
eng_train_track_a_02234,*(warning: may contain baseball)*,0,0,0,0,1,eng,warning may contain baseball
eng_train_track_a_02235,"Wow, did my head start to hurt!",0,1,0,0,0,eng,wow did my head start to hurt
eng_train_track_a_02236,Nothing but fine grey and tan sand as far as my eyes could see.,0,0,0,1,0,eng,nothing but fine grey and tan sand as far as my eyes could see
eng_train_track_a_02237,"Me nude on facebook, already two comments.",0,1,0,0,1,eng,me nude on facebook already two comments
eng_train_track_a_02238,"He was about 5% blockage away from the widow maker, and also suffered a minor stroke.",0,1,0,1,1,eng,he was about 5 blockage away from the widow maker and also suffered a minor stroke
eng_train_track_a_02239,I somehow managed to snap back on a shot and cut my finger pretty bad.,0,1,0,1,0,eng,i somehow managed to snap back on a shot and cut my finger pretty bad
eng_train_track_a_02240,"(Oddly, enough, his school is just 30 minutes away from mine.",0,0,0,0,1,eng,oddly enough his school is just 30 minutes away from mine
eng_train_track_a_02241,"Rolling fire and earth fill my vision, the hairs on my arm stand up and then burn, my skin blisters, and still I watch as doom comes my way, the end of all, and suddenly calm.",0,1,0,1,1,eng,rolling fire and earth fill my vision the hairs on my arm stand up and then burn my skin blisters and still i watch as doom comes my way the end of all and suddenly calm
eng_train_track_a_02242,"The two weeks in that box, though I was bored out of my skull, were easy as far as my magic was concerned.",0,0,0,1,0,eng,the two weeks in that box though i was bored out of my skull were easy as far as my magic was concerned
eng_train_track_a_02243,"It was his (very crappy, white trash) dream car.",1,0,0,0,0,eng,it was his very crappy white trash dream car
eng_train_track_a_02244,We grew pretty close.,0,0,1,0,0,eng,we grew pretty close
eng_train_track_a_02245,put a smile to my face haha.,0,0,1,0,0,eng,put a smile to my face haha
eng_train_track_a_02246,Then again my eyes start to burn just like the other day and the days before.,0,1,0,1,0,eng,then again my eyes start to burn just like the other day and the days before
eng_train_track_a_02247,"I was mad and when I put my hands together, fire appeared and I threw it.",1,0,0,0,0,eng,i was mad and when i put my hands together fire appeared and i threw it
eng_train_track_a_02248,"I thought I was clear until I felt a hand grab my shoulder, I turned in shock to see an off duty Roman who had been passing, I knew he was a Roman from the ring which every Roman wore, his citizen's ring as they called it.",0,1,0,0,1,eng,i thought i was clear until i felt a hand grab my shoulder i turned in shock to see an off duty roman who had been passing i knew he was a roman from the ring which every roman wore his citizens ring as they called it
eng_train_track_a_02249,My heart leaped and I held out my palm.,0,0,1,0,1,eng,my heart leaped and i held out my palm
eng_train_track_a_02250,"The next day I turned it back on and all was fine, and when I checked the sample music and my own, there was nothing that sounded even remotely similar.",0,0,1,0,1,eng,the next day i turned it back on and all was fine and when i checked the sample music and my own there was nothing that sounded even remotely similar
eng_train_track_a_02251,Listen as she tells you she doesn't want to date you.,1,1,0,1,1,eng,listen as she tells you she doesnt want to date you
eng_train_track_a_02252,"He had a pilot's license, he had all the gear, everything.",0,0,1,0,1,eng,he had a pilots license he had all the gear everything
eng_train_track_a_02253,And that's why I never yell.,1,0,0,0,0,eng,and thats why i never yell
eng_train_track_a_02254,"You see, I was still on my journey to healing a bit of a `` broken heart '' so practically my heart was not in a bad shape then.",0,0,0,1,0,eng,you see i was still on my journey to healing a bit of a broken heart so practically my heart was not in a bad shape then
eng_train_track_a_02255,"A flaming ball of FIRE shoots up my leg to my hip, back down and out my toes, and I involuntarily KICK HER!",1,1,0,0,1,eng,a flaming ball of fire shoots up my leg to my hip back down and out my toes and i involuntarily kick her
eng_train_track_a_02256,"just the thought of having to get up and speak in front of 30 people makes my heart want to pound out of my chest, but i have to get over my shyness.",0,1,0,0,0,eng,just the thought of having to get up and speak in front of 30 people makes my heart want to pound out of my chest but i have to get over my shyness
eng_train_track_a_02257,"I got a thousand dollars from my grandfather that he invested in me when I was born to get my feet on the ground and already, in one day, it is almost gone.",0,0,0,1,0,eng,i got a thousand dollars from my grandfather that he invested in me when i was born to get my feet on the ground and already in one day it is almost gone
eng_train_track_a_02258,I could have wept with relief and gratitude.,0,0,1,0,0,eng,i could have wept with relief and gratitude
eng_train_track_a_02259,And it was awful.,0,1,0,1,0,eng,and it was awful
eng_train_track_a_02260,When we get out the shape is gone.,0,1,0,0,1,eng,when we get out the shape is gone
eng_train_track_a_02261,"I went so crazy, that I trashed my wrists and bled to the point of fainting.",1,1,0,1,0,eng,i went so crazy that i trashed my wrists and bled to the point of fainting
eng_train_track_a_02262,"This week, I've found myself on my knees, crying for no reason.",0,0,0,1,0,eng,this week ive found myself on my knees crying for no reason
eng_train_track_a_02263,My heart pounded as I held my breath when he pulled me into his arms and-- slammed his mouth into mine.,0,1,0,0,1,eng,my heart pounded as i held my breath when he pulled me into his arms and slammed his mouth into mine
eng_train_track_a_02264,i run the rough side of my hand down my stomach the way that you did.,0,0,1,0,0,eng,i run the rough side of my hand down my stomach the way that you did
eng_train_track_a_02265,In keeping it simple and short.,0,0,0,0,0,eng,in keeping it simple and short
eng_train_track_a_02266,"Most mornings, I was hardly able to move my neck at all until after I'd spent a good 15 minutes letting really hot water pound down on it in the shower.",0,1,0,0,0,eng,most mornings i was hardly able to move my neck at all until after id spent a good 15 minutes letting really hot water pound down on it in the shower
eng_train_track_a_02267,"I had to listen closely, to close my eyes, to feel it filling my head.",0,1,0,0,0,eng,i had to listen closely to close my eyes to feel it filling my head
eng_train_track_a_02268,We were too in shock to scream.,0,1,0,0,1,eng,we were too in shock to scream
eng_train_track_a_02269,my bedroom was next to the kitchen.,0,0,0,0,0,eng,my bedroom was next to the kitchen
eng_train_track_a_02270,"Black permanent marker covered the face of the music player, Words and phrases like '' '' were sloppily written in my hand writing.",0,0,0,0,0,eng,black permanent marker covered the face of the music player words and phrases like were sloppily written in my hand writing
eng_train_track_a_02271,my leg is painful...... this time i got bought a lot of new cloths... my bro also... shoe is like normal one.,0,1,0,1,0,eng,my leg is painful this time i got bought a lot of new cloths my bro also shoe is like normal one
eng_train_track_a_02272,"Tears started to stroll down my cheeks, as I threw my face into my hands.",0,1,0,1,0,eng,tears started to stroll down my cheeks as i threw my face into my hands
eng_train_track_a_02273,"the few movies that i have watched since then, i cried my eyes out.",0,0,0,1,0,eng,the few movies that i have watched since then i cried my eyes out
eng_train_track_a_02274,"throwing my legs out 45 degrees, i smiled and said `` wheeeeee ''.",0,0,1,0,0,eng,throwing my legs out 45 degrees i smiled and said wheeeeee
eng_train_track_a_02275,Three kids died that day.,0,1,0,1,0,eng,three kids died that day
eng_train_track_a_02276,"So I sit across from this guy and this girl, I say hi to the girl and I turn to the guy and we just stare at each other for at least 30 seconds to a minute.",0,1,0,0,1,eng,so i sit across from this guy and this girl i say hi to the girl and i turn to the guy and we just stare at each other for at least 30 seconds to a minute
eng_train_track_a_02277,I changed and manage to get out of my iced over neighborhood to get there... I stand in the back putting food on trays and cursing under my breath every time I move my foot.,1,1,0,0,0,eng,i changed and manage to get out of my iced over neighborhood to get there i stand in the back putting food on trays and cursing under my breath every time i move my foot
eng_train_track_a_02278,They've just closed.,1,0,0,1,1,eng,theyve just closed
eng_train_track_a_02279,"Well, there was plenty of room... Anyhoo, so there was only one pillow and I moved my head but misjudged and ended up on his shoulder instead.",0,0,0,0,1,eng,well there was plenty of room anyhoo so there was only one pillow and i moved my head but misjudged and ended up on his shoulder instead
eng_train_track_a_02280,"a scar started to appear on my left palm, low, opposite my thumb.",0,1,0,0,0,eng,a scar started to appear on my left palm low opposite my thumb
eng_train_track_a_02281,but bigger and about six foot of the floor.,0,1,0,0,1,eng,but bigger and about six foot of the floor
eng_train_track_a_02282,i think my calf super muscular le.,0,0,1,0,0,eng,i think my calf super muscular le
eng_train_track_a_02283,There's nothing but dead air.,0,1,0,1,0,eng,theres nothing but dead air
eng_train_track_a_02284,**The Rational Part of My Brain:** I will not click this.,0,1,0,0,0,eng,the rational part of my brain i will not click this
eng_train_track_a_02285,She is awesome and totally not Bride-zilla-y at all.,0,0,1,0,1,eng,she is awesome and totally not bridezillay at all
eng_train_track_a_02286,"I put something on it for flavor, and put the whole thing in my mouth.",0,0,1,0,0,eng,i put something on it for flavor and put the whole thing in my mouth
eng_train_track_a_02287,The one attribute that stuck out most?,0,0,0,0,1,eng,the one attribute that stuck out most
eng_train_track_a_02288,a bee got into my pants and crawled all the way up my leg.,0,1,0,0,1,eng,a bee got into my pants and crawled all the way up my leg
eng_train_track_a_02289,"Only reason I looked is because some user said ""dreads are cool"".",0,0,1,0,1,eng,only reason i looked is because some user said dreads are cool
eng_train_track_a_02290,"I imagine myself now, lying on the bed with that skipping rope tied around my neck.",0,1,0,1,0,eng,i imagine myself now lying on the bed with that skipping rope tied around my neck
eng_train_track_a_02291,"I don't know how, but as soon as we started, I got 3 numbers in a row completely correct.",0,0,1,0,1,eng,i dont know how but as soon as we started i got 3 numbers in a row completely correct
eng_train_track_a_02292,The monstrosity is gone.,0,0,1,0,0,eng,the monstrosity is gone
eng_train_track_a_02293,I have never been so scared.,0,1,0,0,0,eng,i have never been so scared
eng_train_track_a_02294,"Back in the 70s, my mom found a bag in my room.",0,1,0,0,1,eng,back in the 70s my mom found a bag in my room
eng_train_track_a_02295,I shook my head.,0,0,0,0,0,eng,i shook my head
eng_train_track_a_02296,"i have major headache, just want to sleep all day, and the worst part when i look in the mirror my lips is swollen to like two times the size.",0,1,0,1,0,eng,i have major headache just want to sleep all day and the worst part when i look in the mirror my lips is swollen to like two times the size
eng_train_track_a_02297,I went straight home and had a shower.,0,0,0,0,0,eng,i went straight home and had a shower
eng_train_track_a_02298,I had to wear sunglasses to keep the snow out of my eyes-fortunately the brown lenses were ok for the low light.,0,0,1,0,0,eng,i had to wear sunglasses to keep the snow out of my eyesfortunately the brown lenses were ok for the low light
eng_train_track_a_02299,"But man my stomach is in so much pain, it's hurts to poo.",0,1,0,1,0,eng,but man my stomach is in so much pain its hurts to poo
eng_train_track_a_02300,Again I was conflicted in my mind because a few days ago he had held my hand and looked at my thumb and I felt nothing---not even one stray tingle.,0,0,0,1,0,eng,again i was conflicted in my mind because a few days ago he had held my hand and looked at my thumb and i felt nothingnot even one stray tingle
eng_train_track_a_02301,"""Yeah, but did you just find that?",0,1,0,0,1,eng,yeah but did you just find that
eng_train_track_a_02302,Was he the rapist?,0,1,0,1,1,eng,was he the rapist
eng_train_track_a_02303,I turned my head to oncoming headlights.,0,1,0,0,0,eng,i turned my head to oncoming headlights
eng_train_track_a_02304,"My eye liner was smudged, my cheeks redder than normal.",0,0,0,0,0,eng,my eye liner was smudged my cheeks redder than normal
eng_train_track_a_02305,That is one thing I love about my company.,0,0,1,0,0,eng,that is one thing i love about my company
eng_train_track_a_02306,"( I breathed in and got cake stuck up my nose, plus I couldn't see with the frosting smudging my glasses.",0,0,0,0,1,eng,i breathed in and got cake stuck up my nose plus i couldnt see with the frosting smudging my glasses
eng_train_track_a_02307,"A old, gray lady.",0,0,0,1,0,eng,a old gray lady
eng_train_track_a_02308,"Needless to say, it was very hard not to cry due to disappointment.",0,0,0,1,0,eng,needless to say it was very hard not to cry due to disappointment
eng_train_track_a_02309,My head pounded and my lips were chalky; that was a good sign.,0,1,0,0,0,eng,my head pounded and my lips were chalky that was a good sign
eng_train_track_a_02310,"Her hair was greasy, stringy, and falling out.",0,1,0,1,0,eng,her hair was greasy stringy and falling out
eng_train_track_a_02311,( Very rare ) It was so cold that I can't even place my feet on the floor... Weather In the morning when it was raining... The sky was so dark... This photo was exclusively taken by my new W910i which is 2days old.,0,1,0,1,0,eng,very rare it was so cold that i cant even place my feet on the floor weather in the morning when it was raining the sky was so dark this photo was exclusively taken by my new w910i which is 2days old
eng_train_track_a_02312,Like there was an invisible wall.,0,1,0,0,1,eng,like there was an invisible wall
eng_train_track_a_02313,"I never felt very ""spiritual"".",0,0,0,1,0,eng,i never felt very spiritual
eng_train_track_a_02314,The storm gets worse.,0,1,0,0,0,eng,the storm gets worse
eng_train_track_a_02315,"It was SUPER foggy, I swear I started to feel droplets on my shoulders from the fog as I was waiting to cross the street.",0,0,0,0,0,eng,it was super foggy i swear i started to feel droplets on my shoulders from the fog as i was waiting to cross the street
eng_train_track_a_02316,One jumped on my leg and bit me.,1,1,0,0,1,eng,one jumped on my leg and bit me
eng_train_track_a_02317,This guy is drunk.,0,1,0,0,0,eng,this guy is drunk
eng_train_track_a_02318,But I held off a group of runners that were breathing down my neck for the rest of the race and finished third overall.,0,0,1,0,0,eng,but i held off a group of runners that were breathing down my neck for the rest of the race and finished third overall
eng_train_track_a_02319,This drew a lot of startled stares and gasps as I calmly threw the shirt down on the floor at my feet and reached into the overnight bag and pulled out a small pair of tweezers.,0,0,0,0,1,eng,this drew a lot of startled stares and gasps as i calmly threw the shirt down on the floor at my feet and reached into the overnight bag and pulled out a small pair of tweezers
eng_train_track_a_02320,"My head whipped around, and there it was.",0,1,0,0,1,eng,my head whipped around and there it was
eng_train_track_a_02321,"You know, in case he fucking died.",1,1,0,0,1,eng,you know in case he fucking died
eng_train_track_a_02322,So the police looked for footprints first.,0,1,0,0,0,eng,so the police looked for footprints first
eng_train_track_a_02323,crying my heart out loud because the guy i was pinning for had fallen for another girl.,0,0,0,1,0,eng,crying my heart out loud because the guy i was pinning for had fallen for another girl
eng_train_track_a_02324,Everyone watched me dance on the stage But for some reason they couldn't see past the scars From my arms to my stomach to my legs I didn't realize that everyone knew what I was doing.,0,1,0,1,0,eng,everyone watched me dance on the stage but for some reason they couldnt see past the scars from my arms to my stomach to my legs i didnt realize that everyone knew what i was doing
eng_train_track_a_02325,I did this before brushing my teeth for bed.,0,0,0,0,0,eng,i did this before brushing my teeth for bed
eng_train_track_a_02326,"Next thing they know, the light is gone.",0,1,0,1,1,eng,next thing they know the light is gone
eng_train_track_a_02327,"Wow, I'm really glad someone put this thread up.",0,0,1,0,1,eng,wow im really glad someone put this thread up
eng_train_track_a_02328,"I messed up my shoulder pretty well, and damn near broke several fingers.",1,1,0,1,0,eng,i messed up my shoulder pretty well and damn near broke several fingers
eng_train_track_a_02329,"During the difficult times, I've often had a mental image in my head.",0,1,0,1,0,eng,during the difficult times ive often had a mental image in my head
eng_train_track_a_02330,I just had my super shiok shower at my awesome home and then i use my towel to wipe my face.,0,0,1,0,0,eng,i just had my super shiok shower at my awesome home and then i use my towel to wipe my face
eng_train_track_a_02331,"' To be honest I don't know why I set out into the dark, yesterday's letter clutched in my palm.",0,1,0,0,0,eng,to be honest i dont know why i set out into the dark yesterdays letter clutched in my palm
eng_train_track_a_02332,I again told myself to wake up.,0,1,0,1,0,eng,i again told myself to wake up
eng_train_track_a_02333,Not necessarily god-like.,0,0,0,0,1,eng,not necessarily godlike
eng_train_track_a_02334,Clearly we made a good crime-fighting team.,0,0,1,0,0,eng,clearly we made a good crimefighting team
eng_train_track_a_02335,But he intrigued me.,0,0,1,0,1,eng,but he intrigued me
eng_train_track_a_02336,"`` Jinki, you were the one fiddling with my hand back at the broadcast.",0,0,0,0,0,eng,jinki you were the one fiddling with my hand back at the broadcast
eng_train_track_a_02337,"His teeth were very, very white.",0,0,0,0,1,eng,his teeth were very very white
eng_train_track_a_02338,"Anyhow, there was this other kid there.",0,0,0,0,1,eng,anyhow there was this other kid there
eng_train_track_a_02339,Both only suffered minor injury and both were quite intoxicated.,0,1,0,1,0,eng,both only suffered minor injury and both were quite intoxicated
eng_train_track_a_02340,"I put on way more neosporin than I could possibly need, and then about five bandaids layered over it, because it's at the outside of the first joint of my thumb.",0,1,0,0,0,eng,i put on way more neosporin than i could possibly need and then about five bandaids layered over it because its at the outside of the first joint of my thumb
eng_train_track_a_02341,i do nt know man this shits rattling my brain.,0,1,0,0,0,eng,i do nt know man this shits rattling my brain
eng_train_track_a_02342,My index fingernail is positively burnt off on the top and my finger is singeing from pain and it's all because I wanted to use a candle to light another candle why oh why am I so brainless?,1,1,0,1,0,eng,my index fingernail is positively burnt off on the top and my finger is singeing from pain and its all because i wanted to use a candle to light another candle why oh why am i so brainless
eng_train_track_a_02343,I never saw the other kid for the rest of the time there.,0,0,0,1,0,eng,i never saw the other kid for the rest of the time there
eng_train_track_a_02344,I instantly felt as light as a feather,0,0,1,0,0,eng,i instantly felt as light as a feather
eng_train_track_a_02345,As I'm sitting in my car calling my mom my heart started pounding.,0,1,0,0,0,eng,as im sitting in my car calling my mom my heart started pounding
eng_train_track_a_02346,"my throat is tight, my nose is numb.",0,1,0,1,0,eng,my throat is tight my nose is numb
eng_train_track_a_02347,Just fresh powder underneath a pine grove.,0,0,1,0,0,eng,just fresh powder underneath a pine grove
eng_train_track_a_02348,If anything it has inspired my creativity.,0,0,1,0,0,eng,if anything it has inspired my creativity
eng_train_track_a_02349,Poor little guy was completely *covered* in fleas.,0,1,0,1,0,eng,poor little guy was completely covered in fleas
eng_train_track_a_02350,"I ( so far today ) have dislocated my shoulder, burned myself on hot oil, had a migraine, had a sinus headache, dislocated my wrist, and fell down ten stairs made of wood.",0,1,0,1,0,eng,i so far today have dislocated my shoulder burned myself on hot oil had a migraine had a sinus headache dislocated my wrist and fell down ten stairs made of wood
eng_train_track_a_02351,My friends and I were at the beach a few weeks ago.,0,0,1,0,0,eng,my friends and i were at the beach a few weeks ago
eng_train_track_a_02352,"not insanely creepy, but kinda gave me a weird feeling.",0,1,0,0,1,eng,not insanely creepy but kinda gave me a weird feeling
eng_train_track_a_02353,"A long while ago, I slept over at one of my guy friends' house.",0,0,1,0,0,eng,a long while ago i slept over at one of my guy friends house
eng_train_track_a_02354,Needless to say I never called him back.,1,0,0,0,0,eng,needless to say i never called him back
eng_train_track_a_02355,"HAPPY BIRTHDAY THOUGH, YOU BEAUTIFUL MOFO!!",0,0,1,0,0,eng,happy birthday though you beautiful mofo
eng_train_track_a_02356,They ended up suspending girls as well.,1,0,0,0,0,eng,they ended up suspending girls as well
eng_train_track_a_02357,"My arms started to ache, but I had to do another 200 and I thought, no I came all this way for nothing so I continued!",0,1,1,0,0,eng,my arms started to ache but i had to do another 200 and i thought no i came all this way for nothing so i continued
eng_train_track_a_02358,"As they walked up to the cross walk, they were horsing around.",0,0,1,0,0,eng,as they walked up to the cross walk they were horsing around
eng_train_track_a_02359,"One morning though, he slept in.",0,0,0,0,1,eng,one morning though he slept in
eng_train_track_a_02360,"dogs spirit into the afterlife, very strange.",0,1,0,0,1,eng,dogs spirit into the afterlife very strange
eng_train_track_a_02361,It's the closest thing I've experienced that I can say was nearly unexplainable.,0,1,0,0,1,eng,its the closest thing ive experienced that i can say was nearly unexplainable
eng_train_track_a_02362,My nose was still clogged and breathing out of just one nostril has become a work of art for me but I decided I was up for a loop through the neighborhood.,0,1,0,1,0,eng,my nose was still clogged and breathing out of just one nostril has become a work of art for me but i decided i was up for a loop through the neighborhood
eng_train_track_a_02363,:P Look at my face it's super chubby.,0,0,1,0,0,eng,p look at my face its super chubby
eng_train_track_a_02364,"We got the ranch, loaded our guns and sat up till sunrise.",0,1,1,0,0,eng,we got the ranch loaded our guns and sat up till sunrise
eng_train_track_a_02365,"A couple of years ago, I decided to go with my then girlfriend to my cities biggest music store.",0,0,1,0,0,eng,a couple of years ago i decided to go with my then girlfriend to my cities biggest music store
eng_train_track_a_02366,"I bit down on my lower lip, trying as hard as I can to force back another lump in my throat.",0,0,0,1,0,eng,i bit down on my lower lip trying as hard as i can to force back another lump in my throat
eng_train_track_a_02367,The reason is because you don't have control of your lungs yet (your body is on sleep-mode autopilot) so this paralysis is incorporated into the hallucination.,0,1,0,0,1,eng,the reason is because you dont have control of your lungs yet your body is on sleepmode autopilot so this paralysis is incorporated into the hallucination
eng_train_track_a_02368,I told him three things:,0,0,0,0,0,eng,i told him three things
eng_train_track_a_02369,"However, I always felt guilty regarding the abortion.",0,1,0,1,0,eng,however i always felt guilty regarding the abortion
eng_train_track_a_02370,The grass is a beautiful green.,0,0,1,0,0,eng,the grass is a beautiful green
eng_train_track_a_02371,For a few months i have always been thinking about getting my tongue pierced.,0,1,1,0,0,eng,for a few months i have always been thinking about getting my tongue pierced
eng_train_track_a_02372,The first hour I couldn't even move.,0,1,0,1,0,eng,the first hour i couldnt even move
eng_train_track_a_02373,I have seen the sr71 at smithsonian this thing was bigger.,0,0,1,0,1,eng,i have seen the sr71 at smithsonian this thing was bigger
eng_train_track_a_02374,This other guy seemed obsessed with this floor and talked about going up there and finding this ghost.,0,1,0,0,1,eng,this other guy seemed obsessed with this floor and talked about going up there and finding this ghost
eng_train_track_a_02375,"I stand there for quite awhile just holding the thing with my back turned to the parents, with absolutly nothing in front of me.",0,1,0,0,0,eng,i stand there for quite awhile just holding the thing with my back turned to the parents with absolutly nothing in front of me
eng_train_track_a_02376,I had to blow my nose between bites to really catch the flavor.,0,0,0,0,0,eng,i had to blow my nose between bites to really catch the flavor
eng_train_track_a_02377,"The Air Canada lady patted my hand and called me `` dear '', too.",0,0,1,0,0,eng,the air canada lady patted my hand and called me dear too
eng_train_track_a_02378,"I had something similar, less extreme happen to me once.",0,1,0,0,1,eng,i had something similar less extreme happen to me once
eng_train_track_a_02379,"That was it, nothing more.So at first as I lay in bed I had quite a deadpan look on my face.",0,0,0,1,0,eng,that was it nothing moreso at first as i lay in bed i had quite a deadpan look on my face
eng_train_track_a_02380,I couldnt see his shoes.,0,1,0,0,1,eng,i couldnt see his shoes
eng_train_track_a_02381,Any potential bride is warned:  The groomsmen gifts will be swords.,0,1,0,0,1,eng,any potential bride is warned the groomsmen gifts will be swords
eng_train_track_a_02382,"Anyway, there was this one girl (about 8 or 9 years old) who would always sit quietly and smile.",0,0,1,0,0,eng,anyway there was this one girl about 8 or 9 years old who would always sit quietly and smile
eng_train_track_a_02383,& # x 26; nbsp; I gave them a quick glance and nodded my head and for the first time I felt like I had some sort of common bond with someone in this town.,0,0,1,0,0,eng,x 26 nbsp i gave them a quick glance and nodded my head and for the first time i felt like i had some sort of common bond with someone in this town
eng_train_track_a_02384,Another bumped into my head and * buzzed * there for a moment-ACK!,0,1,0,0,1,eng,another bumped into my head and buzzed there for a momentack
eng_train_track_a_02385,I shoved him once pretty hard and put my fists up for a brawl.,1,1,0,0,0,eng,i shoved him once pretty hard and put my fists up for a brawl
eng_train_track_a_02386,He knows what's happening and passes over a gel containing more than my average monthly dosage of caffeine and I pour the entire syrupy mixture down my throat.,0,1,0,0,0,eng,he knows whats happening and passes over a gel containing more than my average monthly dosage of caffeine and i pour the entire syrupy mixture down my throat
eng_train_track_a_02387,... but my head still throbs because eventually I had to get up.,0,1,0,1,0,eng,but my head still throbs because eventually i had to get up
eng_train_track_a_02388,My back ached and i was glad to sit down at every oppourtunity.,0,0,1,1,0,eng,my back ached and i was glad to sit down at every oppourtunity
eng_train_track_a_02389,We weren't allowed to cover her.,1,1,0,1,0,eng,we werent allowed to cover her
eng_train_track_a_02390,"(btw she wasnt puffy, swelling, having a hard time breathing).",0,1,0,0,0,eng,btw she wasnt puffy swelling having a hard time breathing
eng_train_track_a_02391,When the dust settled I looked over at my wife and saw she was alive and I knew I was alive so I immediately had happiness in my heart.,0,0,1,0,0,eng,when the dust settled i looked over at my wife and saw she was alive and i knew i was alive so i immediately had happiness in my heart
eng_train_track_a_02392,"Its most famous picture is Picasso's Guernica, inspired by the civil war Spain was enduring.It has a selection of amazing Surrealist works by Dali and a number by Joan Miro, some of which were laughably simplistic to my eyes and a selection of art from the 1940s to present in its permanent collection.For its temporary exhibitions it had one on digital art and new media.My favourite works were the series of ` mirrors ' by Daniel Rozin from Israel.",0,0,1,0,0,eng,its most famous picture is picassos guernica inspired by the civil war spain was enduringit has a selection of amazing surrealist works by dali and a number by joan miro some of which were laughably simplistic to my eyes and a selection of art from the 1940s to present in its permanent collectionfor its temporary exhibitions it had one on digital art and new mediamy favourite works were the series of mirrors by daniel rozin from israel
eng_train_track_a_02393,I noticed his eyes looked weird...scary.,0,1,0,0,1,eng,i noticed his eyes looked weirdscary
eng_train_track_a_02394,Needless to say she was extremely unhappy.,0,0,0,1,0,eng,needless to say she was extremely unhappy
eng_train_track_a_02395,I closed my eyes and pretended.,0,0,0,0,0,eng,i closed my eyes and pretended
eng_train_track_a_02396,"We didn't know what to do: the harder we pulled, the harder the trap stuck to my fingers.",0,1,0,0,0,eng,we didnt know what to do the harder we pulled the harder the trap stuck to my fingers
eng_train_track_a_02397,"The dream ended with me riding my friendly pterodactyl through the skies, my hands stretched out to touch the clouds, laughing at the wind-and catching a whiff of my own foul breath blown back into my face.",0,0,1,0,1,eng,the dream ended with me riding my friendly pterodactyl through the skies my hands stretched out to touch the clouds laughing at the windand catching a whiff of my own foul breath blown back into my face
eng_train_track_a_02398,The heroine stood beside me and reached for my hand.,0,0,0,0,0,eng,the heroine stood beside me and reached for my hand
eng_train_track_a_02399,Others said with confidence that it was a drug deal gone bad.,0,1,0,1,1,eng,others said with confidence that it was a drug deal gone bad
eng_train_track_a_02400,"They jumped from the couch and aimed for all of the areas with sensitive skin-the underside of my arm, along my belt line, the insides of my thighs.",0,1,0,0,0,eng,they jumped from the couch and aimed for all of the areas with sensitive skinthe underside of my arm along my belt line the insides of my thighs
eng_train_track_a_02401,looked at me like i had flesh eating bacteria or a still-birthed twin growing from the left side of my head.,0,1,0,1,1,eng,looked at me like i had flesh eating bacteria or a stillbirthed twin growing from the left side of my head
eng_train_track_a_02402,I got some ace presents including skins boxset and the prettiest dress from andy and gemma got me a brilliant veggie recipe book that I've had my head stuck in ever since.2.,0,0,1,0,0,eng,i got some ace presents including skins boxset and the prettiest dress from andy and gemma got me a brilliant veggie recipe book that ive had my head stuck in ever since2
eng_train_track_a_02403,He never took out the garbage.,1,0,0,1,0,eng,he never took out the garbage
eng_train_track_a_02404,( you know who you ladies are ) Tracy brought out the very first picture of an Angel and it brought tears to my eyes.,0,0,0,1,0,eng,you know who you ladies are tracy brought out the very first picture of an angel and it brought tears to my eyes
eng_train_track_a_02405,`` My eyes widened.,0,1,0,0,1,eng,my eyes widened
eng_train_track_a_02406,My little brother was home sick and sleeping in his bedroom.,0,0,0,1,0,eng,my little brother was home sick and sleeping in his bedroom
eng_train_track_a_02407,There were many police there and interviewing the mom.,0,1,0,1,0,eng,there were many police there and interviewing the mom
eng_train_track_a_02408,West Hollywood is a creepy fucking place to live.,1,1,0,0,1,eng,west hollywood is a creepy fucking place to live
eng_train_track_a_02409,"Too many calories, my brain just couldn't deal.",0,1,0,1,0,eng,too many calories my brain just couldnt deal
eng_train_track_a_02410,Her mother is bouncing up and down with excitement.,0,0,1,0,0,eng,her mother is bouncing up and down with excitement
eng_train_track_a_02411,"After a month at tables and T.V. trays, I was back on the ground, eating with my legs crossed, and had no complaints about it.",0,0,1,0,0,eng,after a month at tables and tv trays i was back on the ground eating with my legs crossed and had no complaints about it
eng_train_track_a_02412,"Now, I didn't feel like spending money.",0,1,0,1,0,eng,now i didnt feel like spending money
eng_train_track_a_02413,Had to sit with her in the car as she was howling in pain and bleeding on me.,0,1,0,1,0,eng,had to sit with her in the car as she was howling in pain and bleeding on me
eng_train_track_a_02414,"I froze for a few seconds, then slowly extended my fingers around both sides of its tiny body.",0,1,0,0,0,eng,i froze for a few seconds then slowly extended my fingers around both sides of its tiny body
eng_train_track_a_02415,This is probably more paranormal than matrix-y but still weird coincidence.,0,1,0,0,1,eng,this is probably more paranormal than matrixy but still weird coincidence
eng_train_track_a_02416,"Well, Sebastian was getting off the highway to complete this years journey.",0,0,0,0,1,eng,well sebastian was getting off the highway to complete this years journey
eng_train_track_a_02417,She left in a huge hurry leaving me with the overflowing toilet after her giant dump.,1,1,0,0,1,eng,she left in a huge hurry leaving me with the overflowing toilet after her giant dump
eng_train_track_a_02418,(He probably passed at least 15 people).,0,0,0,0,1,eng,he probably passed at least 15 people
eng_train_track_a_02419,"I sweated my balls off, tore up my muscles and got new bruises ( right after the old ones healed ), but the building is lovely and cool and I have an amazing view of the ocean from the upper floors.",0,1,1,0,0,eng,i sweated my balls off tore up my muscles and got new bruises right after the old ones healed but the building is lovely and cool and i have an amazing view of the ocean from the upper floors
eng_train_track_a_02420,"So, my father owns a insurance agency.",0,0,0,0,0,eng,so my father owns a insurance agency
eng_train_track_a_02421,"I take a right turn, and without the danger of exaggeration and with all the truth I hold in my heart, sitting in front of me was the hospital.",0,1,0,0,0,eng,i take a right turn and without the danger of exaggeration and with all the truth i hold in my heart sitting in front of me was the hospital
eng_train_track_a_02422,"I cried my eyes out in fifth period, much to Carnell and Natasha's displeasure.",0,0,0,1,0,eng,i cried my eyes out in fifth period much to carnell and natashas displeasure
eng_train_track_a_02423,At this point my legs were starting to ache and I was hoping for something to lift my spirits and there were Mom and Andy cheering me on around mile 8.5.,0,1,1,1,0,eng,at this point my legs were starting to ache and i was hoping for something to lift my spirits and there were mom and andy cheering me on around mile 85
eng_train_track_a_02424,What is even more interesting is that I know exactly how I got this definition.,0,0,1,0,1,eng,what is even more interesting is that i know exactly how i got this definition
eng_train_track_a_02425,then I shook my head.,0,0,0,0,0,eng,then i shook my head
eng_train_track_a_02426,Guess it's more sad than creepy.,0,0,0,1,0,eng,guess its more sad than creepy
eng_train_track_a_02427,it breaks my heart though that someone could be that selfish to make their dog live in so much pain and suffering.,1,1,0,1,0,eng,it breaks my heart though that someone could be that selfish to make their dog live in so much pain and suffering
eng_train_track_a_02428,""" Those little blonde kids!",0,0,0,0,1,eng,those little blonde kids
eng_train_track_a_02429,When I was just under 2 years old we started renting a crappy tiny little house out in the boonies.,0,0,0,1,0,eng,when i was just under 2 years old we started renting a crappy tiny little house out in the boonies
eng_train_track_a_02430,"It's Friday night, I am home in my jammies, watching something stupid on TV with my legs all covered up like a good girl.",0,0,1,0,0,eng,its friday night i am home in my jammies watching something stupid on tv with my legs all covered up like a good girl
eng_train_track_a_02431,"So I fixed my eyes on the sandaled feet that walked before me until we arrived at the next town, never looking back.",0,0,0,0,0,eng,so i fixed my eyes on the sandaled feet that walked before me until we arrived at the next town never looking back
eng_train_track_a_02432,"My heart clenched as I heard it, he was clearly worried for the girl.",0,1,0,1,0,eng,my heart clenched as i heard it he was clearly worried for the girl
eng_train_track_a_02433,"But my foot doesn't walk half a mile without pain, I've got a streaming cold that's refused to go away for a week, and as well as being entirely idle, I've got an aversion to crowds, actually an aversion to more than three people on the street at the same time.",0,1,0,1,0,eng,but my foot doesnt walk half a mile without pain ive got a streaming cold thats refused to go away for a week and as well as being entirely idle ive got an aversion to crowds actually an aversion to more than three people on the street at the same time
eng_train_track_a_02434,I didn't even eat a tiny pizza.,0,0,0,1,0,eng,i didnt even eat a tiny pizza
eng_train_track_a_02435,"Another fun fact was that the dance floor was all sand, which got between my toes, and there were about 5 million flies buzzing around.",0,1,0,1,0,eng,another fun fact was that the dance floor was all sand which got between my toes and there were about 5 million flies buzzing around
eng_train_track_a_02436,Nobody disagreed with red carding the coach.,0,0,0,0,0,eng,nobody disagreed with red carding the coach
eng_train_track_a_02437,Not too bad but never really clicked.,0,0,1,1,0,eng,not too bad but never really clicked
eng_train_track_a_02438,I couldn't get loose and ended up pulling so hard that i pulled my tooth completely out.,0,1,0,1,0,eng,i couldnt get loose and ended up pulling so hard that i pulled my tooth completely out
eng_train_track_a_02439,The whole house and the people and the flame seemed to vanish and leave me in an endless darkness as soon as my eyes were closed.,0,1,0,1,0,eng,the whole house and the people and the flame seemed to vanish and leave me in an endless darkness as soon as my eyes were closed
eng_train_track_a_02440,But it's a very strange feeling.,0,1,0,0,1,eng,but its a very strange feeling
eng_train_track_a_02441,"When Mike walked in the door, my heart skipped a beat and I had the biggest smile on my face.",0,0,1,0,0,eng,when mike walked in the door my heart skipped a beat and i had the biggest smile on my face
eng_train_track_a_02442,"One is explainable, the other still stumps me.",0,1,0,0,1,eng,one is explainable the other still stumps me
eng_train_track_a_02443,"Maybe it was fatigue, maybe I was just being dramatic but I raised my hand and touched the tender flesh of my cheek.",0,1,0,1,0,eng,maybe it was fatigue maybe i was just being dramatic but i raised my hand and touched the tender flesh of my cheek
eng_train_track_a_02444,It felt as if this powerful force just knocked the wind out of me.,0,1,0,1,1,eng,it felt as if this powerful force just knocked the wind out of me
eng_train_track_a_02445,"I lurched to my feet and began walking across the street with a painful measured stride, not daring to look behind me.",0,1,0,0,0,eng,i lurched to my feet and began walking across the street with a painful measured stride not daring to look behind me
eng_train_track_a_02446,She looked bisexual dammit!,1,0,0,0,1,eng,she looked bisexual dammit
eng_train_track_a_02447,"That evening, they put me down to sleep in the cot, and went about their evening routine.",0,0,0,0,0,eng,that evening they put me down to sleep in the cot and went about their evening routine
eng_train_track_a_02448,"""Gravestone says 'Died 20 February, 1957""",0,0,0,1,1,eng,gravestone says died 20 february 1957
eng_train_track_a_02449,And I got sooo tired so quick but I couldn't lay down because my head was spinning.,0,1,0,1,0,eng,and i got sooo tired so quick but i couldnt lay down because my head was spinning
eng_train_track_a_02450,"Around 5am, still dark.",0,1,0,0,0,eng,around 5am still dark
eng_train_track_a_02451,"Below my feet the tinny depths of aqua-blue whispered hints of bottomlessness: come back come back I felt almost drunk staggering back across the ungiving concrete to rejoin my children on the other, shallower side of the swimming pool.",0,1,0,0,0,eng,below my feet the tinny depths of aquablue whispered hints of bottomlessness come back come back i felt almost drunk staggering back across the ungiving concrete to rejoin my children on the other shallower side of the swimming pool
eng_train_track_a_02452,"my grandma, my mom, my grandaunt, my aunt, my sister I CRIED and WEPT in my sleep... I just shook and sobbed and sniffled... then I woke up and my eyes were wet.",0,1,0,1,0,eng,my grandma my mom my grandaunt my aunt my sister i cried and wept in my sleep i just shook and sobbed and sniffled then i woke up and my eyes were wet
eng_train_track_a_02453,"Sometimes my eyes feel so transparent, so rubbing them helps my eye lids feel real.",0,1,0,0,0,eng,sometimes my eyes feel so transparent so rubbing them helps my eye lids feel real
eng_train_track_a_02454,Things are relatively quiet.,0,0,1,0,0,eng,things are relatively quiet
eng_train_track_a_02455,"My nose was mashed against my face, I was in complete darkness, and the only way to breathe was the oxygen coming in through that tiny eyelet at my mouth.",0,1,0,1,0,eng,my nose was mashed against my face i was in complete darkness and the only way to breathe was the oxygen coming in through that tiny eyelet at my mouth
eng_train_track_a_02456,"Well she's not gon na last the whole song like that, so since I'm behind her and the audience can't see below my torso pretty much, I use my hand to push down on the lid and support her weight.",0,0,1,0,0,eng,well shes not gon na last the whole song like that so since im behind her and the audience cant see below my torso pretty much i use my hand to push down on the lid and support her weight
eng_train_track_a_02457,- My throat is very dry now and keep on coughing.,0,1,0,0,0,eng,my throat is very dry now and keep on coughing
eng_train_track_a_02458,So I literally slept with Michel Thomas ' heavily Polish-German accented French ringing in my ears.4.,0,0,0,0,0,eng,so i literally slept with michel thomas heavily polishgerman accented french ringing in my ears4
eng_train_track_a_02459,My feet still get rubbed at the end of the day and when we go out to eat its still my choice.,0,0,1,0,0,eng,my feet still get rubbed at the end of the day and when we go out to eat its still my choice
eng_train_track_a_02460,"I remember that the phrase ""blood turning to ice"" makes sense now.",0,1,0,0,1,eng,i remember that the phrase blood turning to ice makes sense now
eng_train_track_a_02461,I barely slept that night and didn't tell anyone about it till now.,0,1,0,1,0,eng,i barely slept that night and didnt tell anyone about it till now
eng_train_track_a_02462,"As soon as I started climbing, my hands felt toasty warm.",0,0,1,0,0,eng,as soon as i started climbing my hands felt toasty warm
eng_train_track_a_02463,"It captures and exemplifies everything a year on the cushion entailed: Showing up, working hard, exerting effort, maintaining sincere intent, paying close attention, shutting my mouth, opening my eyes, sweating, getting dirty, bleeding, waiting, tipping over, falling down, getting up, staying the course.",0,0,1,0,0,eng,it captures and exemplifies everything a year on the cushion entailed showing up working hard exerting effort maintaining sincere intent paying close attention shutting my mouth opening my eyes sweating getting dirty bleeding waiting tipping over falling down getting up staying the course
eng_train_track_a_02464,"I was petrified, he looked really calm.",0,1,0,0,1,eng,i was petrified he looked really calm
eng_train_track_a_02465,What a relief it was and my heart was beating so fast.,0,1,1,0,0,eng,what a relief it was and my heart was beating so fast
eng_train_track_a_02466,"pound hand weights, start with my elbows on the ground then all the way up and on the way down do the same down 2 up 1, breaking the trip down into 7 sections.",0,0,1,0,0,eng,pound hand weights start with my elbows on the ground then all the way up and on the way down do the same down 2 up 1 breaking the trip down into 7 sections
eng_train_track_a_02467,Unfortunately my mum decided to clear out his old room and she found them.,0,1,0,1,1,eng,unfortunately my mum decided to clear out his old room and she found them
eng_train_track_a_02468,He was discharged from the army as well.,0,0,0,1,0,eng,he was discharged from the army as well
eng_train_track_a_02469,No time to explain and no one understood it was a misunderstanding.,1,1,0,1,0,eng,no time to explain and no one understood it was a misunderstanding
eng_train_track_a_02470,"Everything is incredibly far away, and Earth is so very small.",0,1,0,1,1,eng,everything is incredibly far away and earth is so very small
eng_train_track_a_02471,That did a number on my stomach.,0,1,0,0,0,eng,that did a number on my stomach
eng_train_track_a_02472,It looked so unreal.,0,1,0,0,1,eng,it looked so unreal
eng_train_track_a_02473,"i crouched and put my arm on my knee, acting like a pro, like i was amazing.",0,0,1,0,0,eng,i crouched and put my arm on my knee acting like a pro like i was amazing
eng_train_track_a_02474,"My grandmother fell very ill this past summer, and ended up suffering from encephalitis, which, in layman's terms, ate her brain away until she died.",0,1,0,1,0,eng,my grandmother fell very ill this past summer and ended up suffering from encephalitis which in laymans terms ate her brain away until she died
eng_train_track_a_02475,"It can't be a plane as the lights never move, they just, appear.",0,1,0,0,1,eng,it cant be a plane as the lights never move they just appear
eng_train_track_a_02476,"The ""dead guy"" was never found as far as I know.",0,1,0,1,1,eng,the dead guy was never found as far as i know
eng_train_track_a_02477,"So I did some chores but mostly took it easy; my eye no longer ached, anyway.",0,0,1,0,0,eng,so i did some chores but mostly took it easy my eye no longer ached anyway
eng_train_track_a_02478,"We were both interested in astronomy, so we'd often just sit on a bench, and literally stare into space.",0,0,1,0,0,eng,we were both interested in astronomy so wed often just sit on a bench and literally stare into space
eng_train_track_a_02479,"""Perhaps I'll alter the whole thing.",0,0,1,0,1,eng,perhaps ill alter the whole thing
eng_train_track_a_02480,"They had me in a pile, and my head was down.",0,1,0,1,0,eng,they had me in a pile and my head was down
eng_train_track_a_02481,One time a girl grabbed my hand and dragged me out onto the floor.,0,0,0,0,0,eng,one time a girl grabbed my hand and dragged me out onto the floor
eng_train_track_a_02482,seriously... my head is just not in the game.,0,1,0,1,0,eng,seriously my head is just not in the game
eng_train_track_a_02483,My palms are sweating.,0,1,0,0,0,eng,my palms are sweating
eng_train_track_a_02484,"Okay that sucks, right?",1,0,0,1,0,eng,okay that sucks right
eng_train_track_a_02485,It was quite old.,0,0,0,0,1,eng,it was quite old
eng_train_track_a_02486,That may be unverifiable.,0,1,0,0,0,eng,that may be unverifiable
eng_train_track_a_02487,"Well, I started to realize that it wasn't going to work out in the long run (surprise, surprise) and so I broke it off with her as gently as possible.",1,1,1,1,1,eng,well i started to realize that it wasnt going to work out in the long run surprise surprise and so i broke it off with her as gently as possible
eng_train_track_a_02488,: ) And here's the rest of the pics: What my face looked like after the duct tape situation.,0,0,1,0,0,eng,and heres the rest of the pics what my face looked like after the duct tape situation
eng_train_track_a_02489,This hasnt changed since I was very young.,0,0,0,1,1,eng,this hasnt changed since i was very young
eng_train_track_a_02490,kinda got stuck in my mouth!,0,1,0,0,1,eng,kinda got stuck in my mouth
eng_train_track_a_02491,I heard footsteps going down to the basement.,0,1,0,0,1,eng,i heard footsteps going down to the basement
eng_train_track_a_02492,It grew louder and was soon joined by a field of light angling out above my head and over the chasm.,0,0,0,0,1,eng,it grew louder and was soon joined by a field of light angling out above my head and over the chasm
eng_train_track_a_02493,This immediately scared me because usually my nerves are a wreck before a race.,0,1,0,0,0,eng,this immediately scared me because usually my nerves are a wreck before a race
eng_train_track_a_02494,This is where the story gets CREEPY.,0,1,0,0,1,eng,this is where the story gets creepy
eng_train_track_a_02495,so we all stood up clapped and cheered!,0,0,1,0,1,eng,so we all stood up clapped and cheered
eng_train_track_a_02496,"My grandma used to do a ""magic trick"" that to this day i can't explain.",0,0,1,0,1,eng,my grandma used to do a magic trick that to this day i cant explain
eng_train_track_a_02497,It was last year when I turned 18th.,0,0,1,0,0,eng,it was last year when i turned 18th
eng_train_track_a_02498,"There was blood coming out of my mouth, nose and ears.",0,1,0,1,1,eng,there was blood coming out of my mouth nose and ears
eng_train_track_a_02499,At this point he decided to consult the woman at the front desk for more information.,0,1,0,0,0,eng,at this point he decided to consult the woman at the front desk for more information
eng_train_track_a_02500,"I also thought it was going to like, eat my brains out or something.So anyway.",0,1,0,0,1,eng,i also thought it was going to like eat my brains out or somethingso anyway
eng_train_track_a_02501,"""  Nothing, we hear absolutely nothing.",0,1,0,0,1,eng,nothing we hear absolutely nothing
eng_train_track_a_02502,He never was coming.,1,1,0,1,0,eng,he never was coming
eng_train_track_a_02503,Life readings obviously defective.,1,1,0,0,0,eng,life readings obviously defective
eng_train_track_a_02504,"The kimchi tasted bland on my tongue-perhaps I added too much water, which I staunchly agreed with.",0,0,0,1,0,eng,the kimchi tasted bland on my tongueperhaps i added too much water which i staunchly agreed with
eng_train_track_a_02505,My throat was covered by something and I didn't know what was going on.,0,1,0,0,1,eng,my throat was covered by something and i didnt know what was going on
eng_train_track_a_02506,"I tried to lift my body but somehow it felt so hard $ My head hurt, my eyes were screaming to close and rest.",0,1,0,1,0,eng,i tried to lift my body but somehow it felt so hard my head hurt my eyes were screaming to close and rest
eng_train_track_a_02507,This girl faked a miscarriage.,1,1,0,1,1,eng,this girl faked a miscarriage
eng_train_track_a_02508,Yeah that's what the yellow thing is that's around my neck.,0,0,0,0,0,eng,yeah thats what the yellow thing is thats around my neck
eng_train_track_a_02509,One memorable example was the doubling space pen.,0,0,1,0,1,eng,one memorable example was the doubling space pen
eng_train_track_a_02510,Maybe I need to take a full day of rest and not do anything exercise-related for one day to help my legs feel better.,0,1,0,1,0,eng,maybe i need to take a full day of rest and not do anything exerciserelated for one day to help my legs feel better
eng_train_track_a_02511,It broke my heart.,0,0,0,1,0,eng,it broke my heart
eng_train_track_a_02512,I see that my 13 year old son's bedroom is ajar.,0,1,0,0,1,eng,i see that my 13 year old sons bedroom is ajar
eng_train_track_a_02513,I quickly look behind the trees and the other 'moon' is gone.,0,1,0,0,1,eng,i quickly look behind the trees and the other moon is gone
eng_train_track_a_02514,We went to bed.,0,0,0,0,0,eng,we went to bed
eng_train_track_a_02515,My heart feels like there is nothing left.,0,0,0,1,0,eng,my heart feels like there is nothing left
eng_train_track_a_02516,"my goodness, at that point i was shocked beyond words and i believe i had an epic:O expression on my face.",0,0,0,0,1,eng,my goodness at that point i was shocked beyond words and i believe i had an epico expression on my face
eng_train_track_a_02517,"I stood there at the front door with the key in my hand and every time I tried to unlock it, I started shaking so much that I couldn't get the key in the lock!",0,1,0,0,0,eng,i stood there at the front door with the key in my hand and every time i tried to unlock it i started shaking so much that i couldnt get the key in the lock
eng_train_track_a_02518,"In the late afternoon I am lying in the sun, my music plugged firmly into my ears, dancing.",0,0,1,0,0,eng,in the late afternoon i am lying in the sun my music plugged firmly into my ears dancing
eng_train_track_a_02519,I rolled over on my side trying to get more air in and trying to get my arms and legs underneath me.,0,1,0,0,0,eng,i rolled over on my side trying to get more air in and trying to get my arms and legs underneath me
eng_train_track_a_02520,At 3000 comments deep no one will read it but I genuinely believe it's the creepiest one here.,0,1,0,0,1,eng,at 3000 comments deep no one will read it but i genuinely believe its the creepiest one here
eng_train_track_a_02521,But i ordered for chicken katsu too so in the end my stomach was terribly full.,0,0,0,0,0,eng,but i ordered for chicken katsu too so in the end my stomach was terribly full
eng_train_track_a_02522,"and my papers lay blank at the end of my hand, laughing at me and leaving me torn.",0,1,0,1,0,eng,and my papers lay blank at the end of my hand laughing at me and leaving me torn
eng_train_track_a_02523,He said it was rather delicious and tried to spoon feed me.,0,0,1,0,0,eng,he said it was rather delicious and tried to spoon feed me
eng_train_track_a_02524,I have no explanation.,0,1,0,0,1,eng,i have no explanation
eng_train_track_a_02525,"This...desire, this problem?",0,1,0,1,1,eng,thisdesire this problem
eng_train_track_a_02526,Heart racing as well.,0,1,0,0,1,eng,heart racing as well
eng_train_track_a_02527,I watched out of the corner of my eye as this man began to come up on my side of the car.,0,1,0,0,1,eng,i watched out of the corner of my eye as this man began to come up on my side of the car
eng_train_track_a_02528,"I sit and wait alone as the angel and the demon behind my eyes fight on, fighting forever to decide my fate.",0,1,0,1,0,eng,i sit and wait alone as the angel and the demon behind my eyes fight on fighting forever to decide my fate
eng_train_track_a_02529,"After that it went downhill with me feeling like I was going to throw up, my throat hurting like hell and my head punding.",0,1,0,1,0,eng,after that it went downhill with me feeling like i was going to throw up my throat hurting like hell and my head punding
eng_train_track_a_02530,Giant redneck dad decides to find this dude first.,1,1,0,0,1,eng,giant redneck dad decides to find this dude first
eng_train_track_a_02531,You get the picture.,0,0,0,0,0,eng,you get the picture
eng_train_track_a_02532,"It seems to me lately A cloud, cruel, innately Has taken up residence in my head.",0,1,0,1,0,eng,it seems to me lately a cloud cruel innately has taken up residence in my head
eng_train_track_a_02533,"I was angry at how she made me feel, I was angry that my eyes were all puffy and bloodshot when I woke up, I was angry that I had a cold shower.",1,0,0,0,0,eng,i was angry at how she made me feel i was angry that my eyes were all puffy and bloodshot when i woke up i was angry that i had a cold shower
eng_train_track_a_02534,"To this day, my father is still blessing the fact that we never woke up during the night with all the noise.",0,0,1,0,0,eng,to this day my father is still blessing the fact that we never woke up during the night with all the noise
eng_train_track_a_02535,"His grandparents used to live and farm there until they retired, but the land stayed in the family.",0,0,1,0,0,eng,his grandparents used to live and farm there until they retired but the land stayed in the family
eng_train_track_a_02536,The Highway patrol man did not know what her trip was.,0,1,0,0,1,eng,the highway patrol man did not know what her trip was
eng_train_track_a_02537,I remember saying 'Dad?'.,0,1,0,1,1,eng,i remember saying dad
eng_train_track_a_02538,This is how we found out why all freshman year we were both greeted by people we didn't know calling us the wrong name.,0,0,0,0,1,eng,this is how we found out why all freshman year we were both greeted by people we didnt know calling us the wrong name
eng_train_track_a_02539,Never saw him again.,0,0,0,1,0,eng,never saw him again
eng_train_track_a_02540,Everyone is distinctly average their first time.,0,0,1,0,0,eng,everyone is distinctly average their first time
eng_train_track_a_02541,"I sat up in bed, looked around the room and saw nothing.",0,1,0,0,1,eng,i sat up in bed looked around the room and saw nothing
eng_train_track_a_02542,"As we were winding our way up the steep hill leading to the cemetery, out of the corner of my eye, I caught a glimpse of a bird coming right at my car, a bird with a HUGE wing-span.",0,1,0,0,1,eng,as we were winding our way up the steep hill leading to the cemetery out of the corner of my eye i caught a glimpse of a bird coming right at my car a bird with a huge wingspan
eng_train_track_a_02543,"I'm thinking of leaving earlier, maybe this week, maybe next week... My heads a mess right now.",0,1,0,1,0,eng,im thinking of leaving earlier maybe this week maybe next week my heads a mess right now
eng_train_track_a_02544,"My neck still hurts while I'm working, and I was only there for an hour so it was totally unnecessary to go there at all.",1,1,0,0,0,eng,my neck still hurts while im working and i was only there for an hour so it was totally unnecessary to go there at all
eng_train_track_a_02545,"At about 4 i was running with a pole with one end in my mouth, i tripped and it went straight through the top of my mouth.",0,1,0,0,1,eng,at about 4 i was running with a pole with one end in my mouth i tripped and it went straight through the top of my mouth
eng_train_track_a_02546,P. if you're reading this...FUCK YOU.,1,0,0,0,0,eng,p if youre reading thisfuck you
eng_train_track_a_02547,I was later taken to the banks of the river where my head was shaved and my body stripped off jewelry.,0,1,0,1,0,eng,i was later taken to the banks of the river where my head was shaved and my body stripped off jewelry
eng_train_track_a_02548,""" staring dead at my ex.",1,1,0,1,0,eng,staring dead at my ex
eng_train_track_a_02549,My hands went numb within 10 minutes.,0,1,0,0,0,eng,my hands went numb within 10 minutes
eng_train_track_a_02550,"I was fine with even shades of impossibly bright red, platinum blonde, midnight black colors, just not colors like teal, purple, blue, green.",0,0,0,0,0,eng,i was fine with even shades of impossibly bright red platinum blonde midnight black colors just not colors like teal purple blue green
eng_train_track_a_02551,"They strapped some thing ( yes, that's a technical term ) around my belly that monitors the baby's heartbeat and contractions ( which I was unaware of at the time, but found out about later. )",0,1,0,0,0,eng,they strapped some thing yes thats a technical term around my belly that monitors the babys heartbeat and contractions which i was unaware of at the time but found out about later
eng_train_track_a_02552,It looks weird to say the least,0,1,0,0,1,eng,it looks weird to say the least
eng_train_track_a_02553,"I'm now really scared cuz it's moving faster and suddenly, this shadow seems to get out of a crouch position to stand up, and begins to flail it's limbs as it's running towards me.",0,1,0,0,1,eng,im now really scared cuz its moving faster and suddenly this shadow seems to get out of a crouch position to stand up and begins to flail its limbs as its running towards me
eng_train_track_a_02554,I ate a pizza.,0,0,1,0,0,eng,i ate a pizza
eng_train_track_a_02555,"My hair has been brushing the top of my shoulders for weeks now, nasty ends, the works.",0,0,0,1,0,eng,my hair has been brushing the top of my shoulders for weeks now nasty ends the works
eng_train_track_a_02556,"*  In trying to include new mother in law into the wedding festivities, I invited her to pick out the flower girl dress for her granddaughter (her other son's daughter).",0,0,1,0,0,eng,in trying to include new mother in law into the wedding festivities i invited her to pick out the flower girl dress for her granddaughter her other sons daughter
eng_train_track_a_02557,"Once I was young an ' hand ` some -- I was, upon my soul -- Once my cheeks was roses, my eyes was black as coal; And I can't remember, in them days, of hearin ' people say, For any kind of a reason, that I was in their way!",0,0,0,1,0,eng,once i was young an hand some i was upon my soul once my cheeks was roses my eyes was black as coal and i cant remember in them days of hearin people say for any kind of a reason that i was in their way
eng_train_track_a_02558,"You name it, I did it.",0,0,1,0,0,eng,you name it i did it
eng_train_track_a_02559,Her mom and grandma are worse to deal with than her.,1,1,0,0,0,eng,her mom and grandma are worse to deal with than her
eng_train_track_a_02560,See her just a bit here and there amid the crowds.,0,1,0,0,0,eng,see her just a bit here and there amid the crowds
eng_train_track_a_02561,"Open the bedroom door, Brandon fast asleep on the bed.",0,0,1,0,0,eng,open the bedroom door brandon fast asleep on the bed
eng_train_track_a_02562,My wife is non-religious.,0,0,0,0,0,eng,my wife is nonreligious
eng_train_track_a_02563,The couple broke up a few months after we moved in and the tension was insane.,1,1,0,1,1,eng,the couple broke up a few months after we moved in and the tension was insane
eng_train_track_a_02564,"Almost straight up, cannot tell how high, I saw this weird rainbow.",0,0,1,0,1,eng,almost straight up cannot tell how high i saw this weird rainbow
eng_train_track_a_02565,As my eyes adjusted I found a dark pair of goggles looking back at me.,0,0,0,0,1,eng,as my eyes adjusted i found a dark pair of goggles looking back at me
eng_train_track_a_02566,Now I'm a mostly law abiding student and moderately successful artist.,0,0,1,0,0,eng,now im a mostly law abiding student and moderately successful artist
eng_train_track_a_02567,"Kidnapping, Assault, Vandalism and Arson I guess.",1,1,0,0,1,eng,kidnapping assault vandalism and arson i guess
eng_train_track_a_02568,"I got a full bottle of Vicodin for pain, and a soft cast on my wrist.",0,1,0,0,0,eng,i got a full bottle of vicodin for pain and a soft cast on my wrist
eng_train_track_a_02569,"So, I was ten years old at the time.",0,0,0,0,0,eng,so i was ten years old at the time
eng_train_track_a_02570,"It hurt my ears and gave me a headache, but I left it loud to protest my mom-ness.",1,0,0,0,0,eng,it hurt my ears and gave me a headache but i left it loud to protest my momness
eng_train_track_a_02571,All of the sudden I hear both of them scream bloody murder.,0,1,0,0,1,eng,all of the sudden i hear both of them scream bloody murder
eng_train_track_a_02572,"Everything, and I mean everything, matched up.",0,0,1,0,0,eng,everything and i mean everything matched up
eng_train_track_a_02573,He shook his head and chuckled to himself before leaning down and pressing his forehead to his best friend's.,0,0,1,0,0,eng,he shook his head and chuckled to himself before leaning down and pressing his forehead to his best friends
eng_train_track_a_02574,He was naked from the waist down.,0,1,0,0,1,eng,he was naked from the waist down
eng_train_track_a_02575,"so hard, till my eyes burned.",0,1,0,0,0,eng,so hard till my eyes burned
eng_train_track_a_02576,I was scared shitless because I knew I was going to be in huge trouble.,0,1,0,0,0,eng,i was scared shitless because i knew i was going to be in huge trouble
eng_train_track_a_02577,I clearly indicated I certainly did not.,1,0,0,0,0,eng,i clearly indicated i certainly did not
eng_train_track_a_02578,I was kicking and cupping my hands for dear life.,0,1,0,0,0,eng,i was kicking and cupping my hands for dear life
eng_train_track_a_02579,"I was partly dehydrated, and partly `` festive '' and was sitting in my chair with my feet in the pool, drinking water, wanting to take a nap.",0,0,1,0,0,eng,i was partly dehydrated and partly festive and was sitting in my chair with my feet in the pool drinking water wanting to take a nap
eng_train_track_a_02580,I'm finally going to be going back to work... haven't been able to work because of my knee.,0,1,1,1,0,eng,im finally going to be going back to work havent been able to work because of my knee
eng_train_track_a_02581,My heart dropped.,0,1,0,0,0,eng,my heart dropped
eng_train_track_a_02582,I spent most of it explaining / excusing my eyes-closed style.,0,0,1,0,0,eng,i spent most of it explaining excusing my eyesclosed style
eng_train_track_a_02583,I did send Darren a message via facebook at 4.14 am as I had to get what was in my head out there.,0,1,0,0,0,eng,i did send darren a message via facebook at 414 am as i had to get what was in my head out there
eng_train_track_a_02584,I said thank you and thought nothing of it.,0,0,1,0,0,eng,i said thank you and thought nothing of it
eng_train_track_a_02585,"However, I get sick to my stomach when I think about the fact that I have been sleeping with my brother for so long.",0,1,0,0,0,eng,however i get sick to my stomach when i think about the fact that i have been sleeping with my brother for so long
eng_train_track_a_02586,"my little dog:: 1 / 12 / Jane, originally uploaded by sarah...... a heartbeat at my feet.",0,0,1,0,0,eng,my little dog 1 12 jane originally uploaded by sarah a heartbeat at my feet
eng_train_track_a_02587,"As usual, I was attempting to jump off as far as I could go.",0,1,1,0,0,eng,as usual i was attempting to jump off as far as i could go
eng_train_track_a_02588,"I was 7 and woke up early, so I went to the basement to watch cartoons.",0,0,1,0,0,eng,i was 7 and woke up early so i went to the basement to watch cartoons
eng_train_track_a_02589,"The anesthesiologist put an oxygen mask over my face, told me it wasn't the good stuff yet, then I woke up to the room flipping around.",0,1,0,0,1,eng,the anesthesiologist put an oxygen mask over my face told me it wasnt the good stuff yet then i woke up to the room flipping around
eng_train_track_a_02590,"I'm sure the squats, situps, back extensions, and other weights strained my back a bit, but I felt fine.",0,0,0,0,0,eng,im sure the squats situps back extensions and other weights strained my back a bit but i felt fine
eng_train_track_a_02591,"I am not a car person, and could care less if a car is clean, but every surface on this car seemed to sparkle with cleanliness.",0,0,1,0,1,eng,i am not a car person and could care less if a car is clean but every surface on this car seemed to sparkle with cleanliness
eng_train_track_a_02592,"Yes, the Oklahoma city bombing.",1,1,0,1,1,eng,yes the oklahoma city bombing
eng_train_track_a_02593,"Like, practice in the morning until all my eye bags come out and my eyes become smaller.",0,1,0,1,0,eng,like practice in the morning until all my eye bags come out and my eyes become smaller
eng_train_track_a_02594,My brain is fried at this point.,0,1,0,0,0,eng,my brain is fried at this point
eng_train_track_a_02595,and then my cheeks get even redder.,0,0,0,0,0,eng,and then my cheeks get even redder
eng_train_track_a_02596,"i basically have two perceptions of myself, one is that im too sensitive, and the other is that i do nt care enough and that im a narcissist, i debate which one is right in my head and its a daily struggle to figure it out cuz what i decide for that day decides how im gon na act the rest of the day.",1,1,0,1,0,eng,i basically have two perceptions of myself one is that im too sensitive and the other is that i do nt care enough and that im a narcissist i debate which one is right in my head and its a daily struggle to figure it out cuz what i decide for that day decides how im gon na act the rest of the day
eng_train_track_a_02597,I washed it out and for about 3 days my eye stayed bloodshot.,0,1,0,1,0,eng,i washed it out and for about 3 days my eye stayed bloodshot
eng_train_track_a_02598,My head pounded from all the screaming.,0,1,0,0,0,eng,my head pounded from all the screaming
eng_train_track_a_02599,"I finally managed to sit up on my hands and knees, and glaring up at her.",1,0,0,0,0,eng,i finally managed to sit up on my hands and knees and glaring up at her
eng_train_track_a_02600,I want to face turmoil or something tragic.,0,1,0,1,0,eng,i want to face turmoil or something tragic
eng_train_track_a_02601,"You guys were asking me, why am i so quiet and you guys are not use to me shutting my mouth.",0,0,0,0,0,eng,you guys were asking me why am i so quiet and you guys are not use to me shutting my mouth
eng_train_track_a_02602,I'd trust the terrorist with my life.,0,1,0,0,1,eng,id trust the terrorist with my life
eng_train_track_a_02603,"Just going for a walk once, I saw a car turn down a road that was a dead end.",0,0,0,0,1,eng,just going for a walk once i saw a car turn down a road that was a dead end
eng_train_track_a_02604,He was so very sad.,0,0,0,1,0,eng,he was so very sad
eng_train_track_a_02605,I tried to do some heavy OHS with my back saying `` no '' to that.,0,1,0,0,0,eng,i tried to do some heavy ohs with my back saying no to that
eng_train_track_a_02606,We stare at the monitor and see him head right to the kitchen utensils section.,0,0,0,0,1,eng,we stare at the monitor and see him head right to the kitchen utensils section
eng_train_track_a_02607,"Sleepy, but too awake, my brain spiraling around sad thought after thought after thought.",0,1,0,1,0,eng,sleepy but too awake my brain spiraling around sad thought after thought after thought
eng_train_track_a_02608,The sun hung high in the deep blue sky as a slight ocean breeze ticked my face.,0,0,1,0,0,eng,the sun hung high in the deep blue sky as a slight ocean breeze ticked my face
eng_train_track_a_02609,There's a couple dead rats and the basement had a lot of old broken furniture.,0,1,0,1,0,eng,theres a couple dead rats and the basement had a lot of old broken furniture
eng_train_track_a_02610,Couldn't find it.,1,1,0,1,0,eng,couldnt find it
eng_train_track_a_02611,I keep thinking about how almost a year ago exactly I found my PCP and had 2 problems-my shoulder and my back.,0,1,0,1,0,eng,i keep thinking about how almost a year ago exactly i found my pcp and had 2 problemsmy shoulder and my back
eng_train_track_a_02612,So I got up and tried him again.,0,1,0,0,0,eng,so i got up and tried him again
eng_train_track_a_02613,"In one dream, I was pulling those long, white, stringy, watery stir-fry type vegetables out of my chest.",0,1,0,1,1,eng,in one dream i was pulling those long white stringy watery stirfry type vegetables out of my chest
eng_train_track_a_02614,"`` Mom, I am so cold, mostly my hands are so cold.",0,1,0,0,0,eng,mom i am so cold mostly my hands are so cold
eng_train_track_a_02615,"After repainting my face i realised that i was running about 5-10 minutes behind my schedule to be at my gig on time, but nothing that a little `` safe speeding '' couldn't get me back infront.",0,1,0,0,0,eng,after repainting my face i realised that i was running about 510 minutes behind my schedule to be at my gig on time but nothing that a little safe speeding couldnt get me back infront
eng_train_track_a_02616,"so after more than six months ( Ok, a year ) of pain in my hip, I finally started to try and get a diagnosis.",0,1,0,1,0,eng,so after more than six months ok a year of pain in my hip i finally started to try and get a diagnosis
eng_train_track_a_02617,That was my first big heart break.,0,1,0,1,0,eng,that was my first big heart break
eng_train_track_a_02618,.....[dispatcher must be talking],0,1,0,0,0,eng,dispatcher must be talking
eng_train_track_a_02619,"Face down in an unfamiliar bed, he turned blinking in unexpected sunlight.",0,1,0,0,1,eng,face down in an unfamiliar bed he turned blinking in unexpected sunlight
eng_train_track_a_02620,i had already decided that i was completely fine other than my ankle.,0,1,0,1,0,eng,i had already decided that i was completely fine other than my ankle
eng_train_track_a_02621,So was the suddenly loss of strength in my legs.,0,1,0,0,0,eng,so was the suddenly loss of strength in my legs
eng_train_track_a_02622,The whole time i couldn't see because my toes were blocking my view.,0,0,0,0,0,eng,the whole time i couldnt see because my toes were blocking my view
eng_train_track_a_02623,JJ had gotten drunk and taken the car.,1,1,0,0,1,eng,jj had gotten drunk and taken the car
eng_train_track_a_02624,"It was a dark, awful feeling.",0,1,0,1,0,eng,it was a dark awful feeling
eng_train_track_a_02625,My lungs were still taking in air as I breathed.,0,0,0,0,0,eng,my lungs were still taking in air as i breathed
eng_train_track_a_02626,Not even a detention.,1,0,0,0,1,eng,not even a detention
eng_train_track_a_02627,My brain still is not figuring it out so I am just standing there waiting for my body to cooperate with me.,0,1,0,0,0,eng,my brain still is not figuring it out so i am just standing there waiting for my body to cooperate with me
eng_train_track_a_02628,I nodded my head excitedly.,0,0,1,0,0,eng,i nodded my head excitedly
eng_train_track_a_02629,"This will get lost but whatever, Nobody fucking believes me.",1,1,0,1,0,eng,this will get lost but whatever nobody fucking believes me
eng_train_track_a_02630,We pray with him.,0,0,1,0,0,eng,we pray with him
eng_train_track_a_02631,This is the most terrifying experience of my life.,0,1,0,1,0,eng,this is the most terrifying experience of my life
eng_train_track_a_02632,I need to get my feet wet ( or whet ) first.,0,0,0,0,0,eng,i need to get my feet wet or whet first
eng_train_track_a_02633,Though you can guess that I already have that scene in my head.,0,0,0,0,0,eng,though you can guess that i already have that scene in my head
eng_train_track_a_02634,"But the thought of sleeping alone... I'm weak, I admit it.June 26, 2008 * Dear Dani, I can't talk to you about everything that's going on with me without feeling the burden of guilt settle over my heart.",0,1,0,1,0,eng,but the thought of sleeping alone im weak i admit itjune 26 2008 dear dani i cant talk to you about everything thats going on with me without feeling the burden of guilt settle over my heart
eng_train_track_a_02635,"i'm like amused by the auntie who's holding my arm all the way, and i'm thinking of all the weird pictures i took with yongqing, then i remembered my flying eyebrows, and my smile = & %!",0,0,1,0,0,eng,im like amused by the auntie whos holding my arm all the way and im thinking of all the weird pictures i took with yongqing then i remembered my flying eyebrows and my smile
eng_train_track_a_02636,I go to sleep unshed tears burning in my eyes.,0,1,0,1,0,eng,i go to sleep unshed tears burning in my eyes
eng_train_track_a_02637,It was pretty heavy late night TV.,0,0,0,0,1,eng,it was pretty heavy late night tv
eng_train_track_a_02638,But I opened my own eyes and knew my eyes were no longer there.,0,1,0,1,1,eng,but i opened my own eyes and knew my eyes were no longer there
eng_train_track_a_02639,Actually we just used some giftcards we got for Christmas but that doesn't mean I wasn't swept off my feet.,0,0,1,0,0,eng,actually we just used some giftcards we got for christmas but that doesnt mean i wasnt swept off my feet
eng_train_track_a_02640,You might actually say they're almost angelic....,0,0,1,0,1,eng,you might actually say theyre almost angelic
eng_train_track_a_02641,"It expresses what I feel in my soul, what I hear in my head, and what I see when I shut my eyes in silence.",0,0,1,0,0,eng,it expresses what i feel in my soul what i hear in my head and what i see when i shut my eyes in silence
eng_train_track_a_02642,Seventh grade Spanish test.,0,1,0,0,0,eng,seventh grade spanish test
eng_train_track_a_02643,Douse them in infanticide.,1,1,0,1,0,eng,douse them in infanticide
eng_train_track_a_02644,My fingers are crossed!,0,1,1,0,0,eng,my fingers are crossed
eng_train_track_a_02645,Immediately my throat tightens.,0,1,0,0,0,eng,immediately my throat tightens
eng_train_track_a_02646,The black lady was completely offended and started screaming at us.,1,1,0,0,1,eng,the black lady was completely offended and started screaming at us
eng_train_track_a_02647,"Chapter Nine: Honestly, when I was alive you could not have paid me to show my face at the community center.",1,0,0,1,0,eng,chapter nine honestly when i was alive you could not have paid me to show my face at the community center
eng_train_track_a_02648,I've been thinking about it more and can't get my head around it.,0,1,0,0,0,eng,ive been thinking about it more and cant get my head around it
eng_train_track_a_02649,"It was damp, dark, and dirty.",0,1,0,0,0,eng,it was damp dark and dirty
eng_train_track_a_02650,"I get a huge grin on my face and say, `` Why yes, he's been sleeping all night for two weeks now.",0,0,1,0,0,eng,i get a huge grin on my face and say why yes hes been sleeping all night for two weeks now
eng_train_track_a_02651,I also noticed that last year my back was killing me and I was popping Ibuprofen all night.,0,1,0,1,0,eng,i also noticed that last year my back was killing me and i was popping ibuprofen all night
eng_train_track_a_02652,"If I am trying to get to sleep in  a very dark room I will see, hear, and feel things.",0,1,0,0,1,eng,if i am trying to get to sleep in a very dark room i will see hear and feel things
eng_train_track_a_02653,My sisters were scared.,0,1,0,1,0,eng,my sisters were scared
eng_train_track_a_02654,I filed a complaint.,1,0,0,0,0,eng,i filed a complaint
eng_train_track_a_02655,I couldn't believe my eyes.,0,0,0,0,1,eng,i couldnt believe my eyes
eng_train_track_a_02656,I had to get on my knees and hang over the back of the seat.,0,1,0,0,0,eng,i had to get on my knees and hang over the back of the seat
eng_train_track_a_02657,My ex was a pathological liar - he lied about everything.,1,0,0,1,0,eng,my ex was a pathological liar he lied about everything
eng_train_track_a_02658,I was still worrying about the whole messed up situation when I felt an arm drape across my shoulders.,0,1,1,0,0,eng,i was still worrying about the whole messed up situation when i felt an arm drape across my shoulders
eng_train_track_a_02659,You should've just slit open my veins and let the romance bleed away when you had the chance.,1,0,0,1,0,eng,you shouldve just slit open my veins and let the romance bleed away when you had the chance
eng_train_track_a_02660,I am groggy with 1 eye half closed.,0,1,0,0,0,eng,i am groggy with 1 eye half closed
eng_train_track_a_02661,"In between extremely difficult contractions as I was bent over to let the epiduralist do his work with a minimum of motion from me, I asked veikko to repeat `` you are not dying '' to me, because it really felt like my brain believed that despite all logic.",0,1,0,1,0,eng,in between extremely difficult contractions as i was bent over to let the epiduralist do his work with a minimum of motion from me i asked veikko to repeat you are not dying to me because it really felt like my brain believed that despite all logic
eng_train_track_a_02662,"Something banged against the window (2nd floor), despite there being nothing that could have done it (the tree was too far away).",0,1,0,0,1,eng,something banged against the window 2nd floor despite there being nothing that could have done it the tree was too far away
eng_train_track_a_02663,"I opened it up and there was a different tape in it titled ""new year""",0,0,0,0,1,eng,i opened it up and there was a different tape in it titled new year
eng_train_track_a_02664,w.... l....... y the whole time because of my back.,0,1,0,1,0,eng,w l y the whole time because of my back
eng_train_track_a_02665,"I sat there and closed my eyes as the water ( oyu for hot water, people, not mizu ) swirled around me like a mini massage.",0,0,1,0,0,eng,i sat there and closed my eyes as the water oyu for hot water people not mizu swirled around me like a mini massage
eng_train_track_a_02666,"One day not only did they have one, but it was old, yellowed, an a little dusty.",0,0,0,0,1,eng,one day not only did they have one but it was old yellowed an a little dusty
eng_train_track_a_02667,"He stops, scribbling down my number all quick, takes my hand-OMG, it was like I stuck my hand in a socket... electric!!!",0,1,1,0,1,eng,he stops scribbling down my number all quick takes my handomg it was like i stuck my hand in a socket electric
eng_train_track_a_02668,"My left molar came loose, and looking at it, there was a mushroom-like thing ( like a Mario mushroom, with a red cap ) and black mold coming from the root, as it came out of my mouth.",0,1,0,1,1,eng,my left molar came loose and looking at it there was a mushroomlike thing like a mario mushroom with a red cap and black mold coming from the root as it came out of my mouth
eng_train_track_a_02669,It's the feeling of injecting crap into my veins and feeling my soul being sucked slowly through the needle drinking from my arm like a giant mosquito that I loathe.,1,1,0,1,0,eng,its the feeling of injecting crap into my veins and feeling my soul being sucked slowly through the needle drinking from my arm like a giant mosquito that i loathe
eng_train_track_a_02670,"months before that, i just prayed to God that i wanted to meet someone right for me, my heart felt depressed on how no one seems to fit the `` perfect girl for me ''.",0,0,0,1,0,eng,months before that i just prayed to god that i wanted to meet someone right for me my heart felt depressed on how no one seems to fit the perfect girl for me
eng_train_track_a_02671,"She would always scream and try to get him to swim across the river to her, but he refused.",1,1,0,1,0,eng,she would always scream and try to get him to swim across the river to her but he refused
eng_train_track_a_02672,"It did help that I didn't have to think about switching the hand my iPod was in ( yes, I carry it, no armband here ) and it was much easier to pump my arms without the headphone cords to get tangled up in.",0,0,1,0,0,eng,it did help that i didnt have to think about switching the hand my ipod was in yes i carry it no armband here and it was much easier to pump my arms without the headphone cords to get tangled up in
eng_train_track_a_02673,"(Although, there are many more than this.",0,0,0,0,1,eng,although there are many more than this
eng_train_track_a_02674,"I started another deep and serious post yesterday when the cold wind was blowing the heck out of the freezer-burnt landscape outside and the happy post-Christmas thoughts from my brain, but was unable to complete it due to two meetings I had to attend and a large pot of chicken soup that needed making.",0,1,0,0,0,eng,i started another deep and serious post yesterday when the cold wind was blowing the heck out of the freezerburnt landscape outside and the happy postchristmas thoughts from my brain but was unable to complete it due to two meetings i had to attend and a large pot of chicken soup that needed making
eng_train_track_a_02675,Late yesterday afternoon my shoulder began to ache.,0,1,0,0,0,eng,late yesterday afternoon my shoulder began to ache
eng_train_track_a_02676,Their dad got home just a tad bit early and barged into the room because he heard the moaning.,1,1,0,0,1,eng,their dad got home just a tad bit early and barged into the room because he heard the moaning
eng_train_track_a_02677,"Yes, my belly is getting big.",0,0,0,1,0,eng,yes my belly is getting big
eng_train_track_a_02678,I swear my heart halted for a split second before sprinting.,0,1,0,0,1,eng,i swear my heart halted for a split second before sprinting
eng_train_track_a_02679,He is still serving time in prison for drug trafficking.,1,1,0,1,0,eng,he is still serving time in prison for drug trafficking
eng_train_track_a_02680,"Plus, writing it down helped to cement it in my heart.",0,0,1,0,0,eng,plus writing it down helped to cement it in my heart
eng_train_track_a_02681,"I also told them about the dream I had which involved a bunch of worms coming out of one of the pots next to my bed, and then a disgustingly large one ( about as big as my leg ) that tried to come out of the pot and eat me.",0,1,0,0,1,eng,i also told them about the dream i had which involved a bunch of worms coming out of one of the pots next to my bed and then a disgustingly large one about as big as my leg that tried to come out of the pot and eat me
eng_train_track_a_02682,He begged the nurse not to leave him.,0,1,0,1,0,eng,he begged the nurse not to leave him
eng_train_track_a_02683,one and a million car/van ride.,0,0,1,0,1,eng,one and a million carvan ride
eng_train_track_a_02684,I wiped the tears from my eyes and took a deep breath calming down slightly.,0,0,0,1,0,eng,i wiped the tears from my eyes and took a deep breath calming down slightly
eng_train_track_a_02685,Who was perfectly fine.,0,0,0,0,0,eng,who was perfectly fine
eng_train_track_a_02686,"My brother was tapping me on my shoulder, and I was like `` What? ''",0,0,0,0,0,eng,my brother was tapping me on my shoulder and i was like what
eng_train_track_a_02687,He changed our last name ever-so-slightly and was never caught.,0,0,0,0,1,eng,he changed our last name eversoslightly and was never caught
eng_train_track_a_02688,It was decent music but felt so much like just someone hit play on a playlist with commercials and walked away.,0,0,0,0,0,eng,it was decent music but felt so much like just someone hit play on a playlist with commercials and walked away
eng_train_track_a_02689,"I was scared shitless and thought I was maybe dreaming, but that kick HURT!",0,1,0,0,1,eng,i was scared shitless and thought i was maybe dreaming but that kick hurt
eng_train_track_a_02690,And I have my toe to thank.,0,0,1,0,0,eng,and i have my toe to thank
eng_train_track_a_02691,"My eyes drank in the wild landscapes, like I'd discovered a new land.",0,0,1,0,0,eng,my eyes drank in the wild landscapes like id discovered a new land
eng_train_track_a_02692,"""I LOVE YOU, I LOVE YOU, I LOVE YOU...""",0,0,1,0,0,eng,i love you i love you i love you
eng_train_track_a_02693,"The latter sounds much more fun but I know I ain't got time what with going to Wales this weekend, hypnotherapy coaching the weekend after as well as a birthday and the firms chrimbo pissup then christmas... Its not easy having a good time, even smiling makes my face ache",0,0,0,1,0,eng,the latter sounds much more fun but i know i aint got time what with going to wales this weekend hypnotherapy coaching the weekend after as well as a birthday and the firms chrimbo pissup then christmas its not easy having a good time even smiling makes my face ache
eng_train_track_a_02694,same thing similar with my job.,0,0,0,0,0,eng,same thing similar with my job
eng_train_track_a_02695,I COULD NOT do it!,1,1,0,0,1,eng,i could not do it
eng_train_track_a_02696,"Eventually it faded, leaving me scared shitless and her more curious than I liked.",0,1,0,0,1,eng,eventually it faded leaving me scared shitless and her more curious than i liked
eng_train_track_a_02697,"It hit ground floor with a heavy bump, my stomach bounced into my throat and back again.",0,1,0,0,0,eng,it hit ground floor with a heavy bump my stomach bounced into my throat and back again
eng_train_track_a_02698,I take her home.,0,0,0,0,0,eng,i take her home
eng_train_track_a_02699,Moral of the story?,0,0,0,0,1,eng,moral of the story
eng_train_track_a_02700,This will get buried so it is probably for the best.,0,0,0,1,0,eng,this will get buried so it is probably for the best
eng_train_track_a_02701,My sister was one of her bridesmaids.,0,0,0,0,0,eng,my sister was one of her bridesmaids
eng_train_track_a_02702,"Tears in my eyes, too much on my mind, and deep sadness in my heart.",0,1,0,1,0,eng,tears in my eyes too much on my mind and deep sadness in my heart
eng_train_track_a_02703,"I opened the do0r to his bedro0m and saw... Awwww... His whole ro0m was filled with red, pink and white ballo0ns...:] thats my babe tryin to walk through all of the ballo0ns... and i had to sort through all the ballo0ns and lo0k for two ballo0ns with surprises in them Then he gave me roses he made out of M & ms:], you know what i mean ( ( sorry my thumbs retarded ) )",0,1,1,0,1,eng,i opened the do0r to his bedro0m and saw a his whole ro0m was filled with red pink and white ballo0ns thats my babe tryin to walk through all of the ballo0ns and i had to sort through all the ballo0ns and lo0k for two ballo0ns with surprises in them then he gave me roses he made out of m ms you know what i mean sorry my thumbs retarded
eng_train_track_a_02704,It seemed so arbitrary.,0,1,0,1,1,eng,it seemed so arbitrary
eng_train_track_a_02705,I know this will probably get buried with all the other stories onhere but here's mine.,0,0,0,1,0,eng,i know this will probably get buried with all the other stories onhere but heres mine
eng_train_track_a_02706,"Then I decided to try and get up to go to the restroom, but I couldn't move!",0,1,0,0,1,eng,then i decided to try and get up to go to the restroom but i couldnt move
eng_train_track_a_02707,Another one that is far worse happened maybe a year ago.,0,1,0,1,0,eng,another one that is far worse happened maybe a year ago
eng_train_track_a_02708,`` The dead elf that lives in my head. '',0,1,1,1,1,eng,the dead elf that lives in my head
eng_train_track_a_02709,"MY DAY Cold water pouring down my throat, drink, with the sun coming up, before despair tries to become the daily habit, cross my legs, brush aside the dream, still almost clear.",0,1,0,1,0,eng,my day cold water pouring down my throat drink with the sun coming up before despair tries to become the daily habit cross my legs brush aside the dream still almost clear
eng_train_track_a_02710,See my thumbs.,0,0,0,0,0,eng,see my thumbs
eng_train_track_a_02711,"Such a soft mouth, such sweet breath tickeling the fuzz on my skin.",0,0,1,0,0,eng,such a soft mouth such sweet breath tickeling the fuzz on my skin
eng_train_track_a_02712,mukhang champoy '' at the back of my head.,0,0,0,0,0,eng,mukhang champoy at the back of my head
eng_train_track_a_02713,I had an answer to every question and made sure to raise my hand.,0,0,1,0,0,eng,i had an answer to every question and made sure to raise my hand
eng_train_track_a_02714,I threw it onto the ground and cut my hand with it.,1,1,0,0,0,eng,i threw it onto the ground and cut my hand with it
eng_train_track_a_02715,"It took a while, my elbows were stiff, like no matter wich way i layed down my arms were killing me, i was sharing a bed with jamie.",0,1,0,1,0,eng,it took a while my elbows were stiff like no matter wich way i layed down my arms were killing me i was sharing a bed with jamie
eng_train_track_a_02716,"With a surge of excitement about making the trip to Meadowlands, I also had a sense of dread because I realized what kind of car they were driving.",0,1,1,0,0,eng,with a surge of excitement about making the trip to meadowlands i also had a sense of dread because i realized what kind of car they were driving
eng_train_track_a_02717,"They had amazing sex (apparently), and passed out.",0,0,1,0,1,eng,they had amazing sex apparently and passed out
eng_train_track_a_02718,... I need to get this list of shit that's happened off my chest.,1,1,0,1,0,eng,i need to get this list of shit thats happened off my chest
eng_train_track_a_02719,But when this isn't possible my nerves run a little thin.,0,1,0,0,0,eng,but when this isnt possible my nerves run a little thin
eng_train_track_a_02720,Things started going through my head at this point.,0,1,0,0,0,eng,things started going through my head at this point
eng_train_track_a_02721,"now i have a bad habit of wearing my heart on my sleave, and jumping to the possiblity of a girlfriend too quickley.",0,1,0,1,0,eng,now i have a bad habit of wearing my heart on my sleave and jumping to the possiblity of a girlfriend too quickley
eng_train_track_a_02722,I immediately stretched my arm to grab my phone.,0,0,0,0,0,eng,i immediately stretched my arm to grab my phone
eng_train_track_a_02723,"Horrible nightmares that seem real, because you recognize your surroundings as your bedroom, but they're still just nightmares.",0,1,0,1,1,eng,horrible nightmares that seem real because you recognize your surroundings as your bedroom but theyre still just nightmares
eng_train_track_a_02724,I've got it all planned up in my head,0,0,1,0,0,eng,ive got it all planned up in my head
eng_train_track_a_02725,under my skin the itch is unscratched.,0,1,0,0,0,eng,under my skin the itch is unscratched
eng_train_track_a_02726,"Something bad, I mean.",0,1,0,1,0,eng,something bad i mean
eng_train_track_a_02727,"Quite the opposite, it took literally 4 shots worth of liquor to make him stinking, piss/shit in pants drunk.",0,0,0,0,1,eng,quite the opposite it took literally 4 shots worth of liquor to make him stinking pissshit in pants drunk
eng_train_track_a_02728,I closed my eyes as I took in a deep breath.,0,0,1,0,0,eng,i closed my eyes as i took in a deep breath
eng_train_track_a_02729,I liked the Trains better than the Refers.,0,0,1,0,0,eng,i liked the trains better than the refers
eng_train_track_a_02730,But my fingers were starting to go numb as well.,0,1,0,0,0,eng,but my fingers were starting to go numb as well
eng_train_track_a_02731,"I didn't realize how sore I was from the whole thing until later, and the not being able to turn my head thing didn't start until yesterday.",0,1,0,0,0,eng,i didnt realize how sore i was from the whole thing until later and the not being able to turn my head thing didnt start until yesterday
eng_train_track_a_02732,"They all bombarded me, pulling at my hair, repeatedly taunting me without rest... My chest began to tighten; that last of breath of air forced out of my lungs.",1,1,0,1,0,eng,they all bombarded me pulling at my hair repeatedly taunting me without rest my chest began to tighten that last of breath of air forced out of my lungs
eng_train_track_a_02733,"Thats right,  this iPhone had been lying on train tracks, in broad daylight, for 6 months, and it still worked flawlessly.",0,0,1,0,1,eng,thats right this iphone had been lying on train tracks in broad daylight for 6 months and it still worked flawlessly
eng_train_track_a_02734,I open the door and step through while turning to close it behind me.,0,0,0,0,0,eng,i open the door and step through while turning to close it behind me
eng_train_track_a_02735,Tonight the sweaty hands of the air held me down And closed around my chest The geese and ducks could barely move against the coagulating water That thickened and slowed without a ripple.,0,1,0,0,0,eng,tonight the sweaty hands of the air held me down and closed around my chest the geese and ducks could barely move against the coagulating water that thickened and slowed without a ripple
eng_train_track_a_02736,"With my heart in my throat, my voice thick with emotion said, `` OH!",0,1,0,0,0,eng,with my heart in my throat my voice thick with emotion said oh
eng_train_track_a_02737,It looks like dark smelly applesauce.,0,1,0,0,1,eng,it looks like dark smelly applesauce
eng_train_track_a_02738,"Sad, and creepy huh?",0,1,0,1,1,eng,sad and creepy huh
eng_train_track_a_02739,"My face, I could almost swear, is still red, flushing.",0,1,0,0,0,eng,my face i could almost swear is still red flushing
eng_train_track_a_02740,"I tilt my head down to examine the bottom of the glass to see that there is a large, open terrain where the gash does not touch.",0,0,0,0,1,eng,i tilt my head down to examine the bottom of the glass to see that there is a large open terrain where the gash does not touch
eng_train_track_a_02741,"'No problem,' he said.",0,0,1,0,0,eng,no problem he said
eng_train_track_a_02742,"My manager is an African American man.. Who just recently got a very large black Jeep with dark, tinted windows.",0,1,0,0,1,eng,my manager is an african american man who just recently got a very large black jeep with dark tinted windows
eng_train_track_a_02743,"I close my mouth in a fine line, remembering one line after another.",0,1,0,1,0,eng,i close my mouth in a fine line remembering one line after another
eng_train_track_a_02744,There was a swath of terrain in between two apple trees that had been tamped down.,0,1,0,0,1,eng,there was a swath of terrain in between two apple trees that had been tamped down
eng_train_track_a_02745,Only to be horrified.,0,1,0,1,1,eng,only to be horrified
eng_train_track_a_02746,Later when we got home she saw all her presents on the kitchen table.,0,0,1,0,1,eng,later when we got home she saw all her presents on the kitchen table
eng_train_track_a_02747,"Two words came out of my mouth `` Piss off '' I was staying at my friends on the week of my 18th, just because his parents had gone on holiday and we were getting drunk everyday.",1,0,0,0,0,eng,two words came out of my mouth piss off i was staying at my friends on the week of my 18th just because his parents had gone on holiday and we were getting drunk everyday
eng_train_track_a_02748,"Occasionally they will sit out there and smoke cigarettes, which is fine..",0,0,0,0,0,eng,occasionally they will sit out there and smoke cigarettes which is fine
eng_train_track_a_02749,She ended up going home after that.,0,0,0,1,0,eng,she ended up going home after that
eng_train_track_a_02750,I had to be flown to the hospital.,0,1,0,1,1,eng,i had to be flown to the hospital
eng_train_track_a_02751,"But I was happy and pretty tickled that I was able to get out and go fight or hunt / scrap for materials that I do nt have to pay for, as well as just get out in the open air.The downside was... I really twisted my ankle and its slowing me down considerably.",0,0,1,1,0,eng,but i was happy and pretty tickled that i was able to get out and go fight or hunt scrap for materials that i do nt have to pay for as well as just get out in the open airthe downside was i really twisted my ankle and its slowing me down considerably
eng_train_track_a_02752,Just before my Garmin watch went `` beep beep '' I could officially feel my fingers.,0,0,1,0,0,eng,just before my garmin watch went beep beep i could officially feel my fingers
eng_train_track_a_02753,When it's right under my nose I can't see what's what.,0,1,0,0,0,eng,when its right under my nose i cant see whats what
eng_train_track_a_02754,it took a little longer for my feet to hurt which was nice.,0,0,1,0,0,eng,it took a little longer for my feet to hurt which was nice
eng_train_track_a_02755,So now my knee is hyperextended and it hurts like a bitch.,1,1,0,1,0,eng,so now my knee is hyperextended and it hurts like a bitch
eng_train_track_a_02756,The pain was immediate and intense.,0,1,0,1,0,eng,the pain was immediate and intense
eng_train_track_a_02757,it was pure terror.,0,1,0,0,0,eng,it was pure terror
eng_train_track_a_02758,"The art room is exactly opposite the gym, so going either way is the same distance.",0,0,0,0,0,eng,the art room is exactly opposite the gym so going either way is the same distance
eng_train_track_a_02759,"If I'd have had to wait on her to drive me home, that woulda been fucking terrible.",1,1,0,0,0,eng,if id have had to wait on her to drive me home that woulda been fucking terrible
eng_train_track_a_02760,"driving 20 some year old cars, or nearly.",0,0,0,0,1,eng,driving 20 some year old cars or nearly
eng_train_track_a_02761,Fairly certain I got a back rub from my boyfriend though.,0,0,1,0,1,eng,fairly certain i got a back rub from my boyfriend though
eng_train_track_a_02762,She had been lucid.,0,0,0,0,1,eng,she had been lucid
eng_train_track_a_02763,"like, brain freeze on my leg!!",0,1,0,1,1,eng,like brain freeze on my leg
eng_train_track_a_02764,"She cants her hip against my waist into my side, almost knocking me into a stumble before tugging me upright with a dizzy laugh that rolls into my ears and I have to smile back.",0,0,1,0,1,eng,she cants her hip against my waist into my side almost knocking me into a stumble before tugging me upright with a dizzy laugh that rolls into my ears and i have to smile back
eng_train_track_a_02765,"I then did the dishes, whitened my teeth, watched some more daytime tv, and had some lunch.",0,0,0,0,0,eng,i then did the dishes whitened my teeth watched some more daytime tv and had some lunch
eng_train_track_a_02766,It just kind of gradually vanished over a couple of hours.,0,0,0,0,1,eng,it just kind of gradually vanished over a couple of hours
eng_train_track_a_02767,I didn't look out of my hands.,0,1,0,0,0,eng,i didnt look out of my hands
eng_train_track_a_02768,"`` I'm fine, '' Amanda said forcefully, shrugging off her hand.",1,0,0,0,0,eng,im fine amanda said forcefully shrugging off her hand
