id,text,anger,disgust,fear,joy,sadness,surprise,language,processed_text
hau_train_track_a_00001,"Kotu Ta Yi Hukunci Kan Shari'ar Zaben Dan Majalisar PDP, Ta Yi Hukuncin Bazata",0,0,0,0,0,1,hau,kotu ta yi hukunci kan shariar zaben dan majalisar pdp ta yi hukuncin bazata
hau_train_track_a_00002,"Toh fah inji 'yan magana suka ce """"""""ana wata ga wata""""""""🤣😂",0,0,0,0,0,1,hau,toh fah inji yan magana suka ce ana wata ga wata🤣😂
hau_train_track_a_00003,Bincike ya nuna yan Najeriya sun fi damuwa da rashin tsaro da talauci fiye da korona,0,0,1,0,1,0,hau,bincike ya nuna yan najeriya sun fi damuwa da rashin tsaro da talauci fiye da korona
hau_train_track_a_00004,Kwamishina Ya Musanta Rahoton Masari Ya Cire Kusan Miliyan N500m Don Tarban Buhari,0,0,0,0,0,0,hau,kwamishina ya musanta rahoton masari ya cire kusan miliyan n500m don tarban buhari
hau_train_track_a_00005,Innalillahi wa inna ilaihir raji'un: Allah ya yi wa mahaifiyar Halima Atete rasuwa,0,0,0,0,1,0,hau,innalillahi wa inna ilaihir rajiun allah ya yi wa mahaifiyar halima atete rasuwa
hau_train_track_a_00006,gsky ne wanan daman temakon allah muke so kuma atiku shine ze zama sila allah yasaka da alheri atiku up up atiku️️,0,0,0,1,0,0,hau,gsky ne wanan daman temakon allah muke so kuma atiku shine ze zama sila allah yasaka da alheri atiku up up atiku️️
hau_train_track_a_00007,Allah Yasa Yadawo Shekanke in banda tsiya miyake tsinanawa Yan Nigeria🙄🙄🙄,1,0,0,0,0,0,hau,allah yasa yadawo shekanke in banda tsiya miyake tsinanawa yan nigeria🙄🙄🙄
hau_train_track_a_00008,Duk abun da zakuyi wlh duniyar gaba daya sai kunbarta bama mulkin kadai ba marasa kishi kawai komai baku kirkiraras sai idan wani sha'ani na addininku yazo azzaluman ban da akayi edi dai sai munyi muga aban da zai hana mu☹️☹️☹️☹️ boss mustapha kake ko wa😞,1,0,0,0,0,0,hau,duk abun da zakuyi wlh duniyar gaba daya sai kunbarta bama mulkin kadai ba marasa kishi kawai komai baku kirkiraras sai idan wani shaani na addininku yazo azzaluman ban da akayi edi dai sai munyi muga aban da zai hana mu☹️☹️☹️☹️ boss mustapha kake ko wa😞
hau_train_track_a_00009,abun mamaki bata karewah,0,0,0,0,0,1,hau,abun mamaki bata karewah
hau_train_track_a_00010,Ramadan: Kalli yadda Sarkin Kano yake karatun Al-Qur’ani a Masallacin Annabi (SA.W),0,0,0,0,0,1,hau,ramadan kalli yadda sarkin kano yake karatun alqur’ani a masallacin annabi saw
hau_train_track_a_00011,allah yajikanshi allah yagafarta mashi allah yasa karshen wahalar kenan dasauran musulmi,0,0,0,0,1,0,hau,allah yajikanshi allah yagafarta mashi allah yasa karshen wahalar kenan dasauran musulmi
hau_train_track_a_00012,"Yaron yayi kashi a pampas din sa, kuma bata dauke ba, yana nan tsakar ɗaki.",0,1,0,0,0,0,hau,yaron yayi kashi a pampas din sa kuma bata dauke ba yana nan tsakar ɗaki
hau_train_track_a_00013,"Keƙe da ƙeƙe: Bayan janye takara, Adamu Garba ya fidda sunayen wadanda suka tara masa N83.2m",0,0,0,0,0,1,hau,keƙe da ƙeƙe bayan janye takara adamu garba ya fidda sunayen wadanda suka tara masa n832m
hau_train_track_a_00014,duk sanda naga irin wannan labari ina murna da kokarin irin wanna mutane sannan ina tausayawa shugabanninmu domin yawancin su basa tsoron haduwa da ubangijinmu allah ya isar mana,1,0,0,1,1,0,hau,duk sanda naga irin wannan labari ina murna da kokarin irin wanna mutane sannan ina tausayawa shugabanninmu domin yawancin su basa tsoron haduwa da ubangijinmu allah ya isar mana
hau_train_track_a_00015,shege ka fasadan yarinya munjima muna jinka karka fasa kaji,1,0,0,0,0,0,hau,shege ka fasadan yarinya munjima muna jinka karka fasa kaji
hau_train_track_a_00016,Zasuci broubansune 😡😢😡😢 jahilai na asara,1,0,0,0,0,0,hau,zasuci broubansune 😡😢😡😢 jahilai na asara
hau_train_track_a_00017,allah duk wanda yakawoma musulunci wannan allah kayimuna maganin su bakidaya,0,0,1,0,0,0,hau,allah duk wanda yakawoma musulunci wannan allah kayimuna maganin su bakidaya
hau_train_track_a_00018,"TO ALLAH SUBHANAHU WATA'ALA YADUBEMU DA IDON RAHMA YAKAWOMANA KARSHEN WANNAN TA'ADDANCIN, YAHAYYU YA QAYYOOM. 👌👏👏👏",0,0,1,0,1,0,hau,to allah subhanahu wataala yadubemu da idon rahma yakawomana karshen wannan taaddancin yahayyu ya qayyoom 👌👏👏👏
hau_train_track_a_00019,alhamdullilah albarkan dake ciki allah ya hada mu dashi allah yayi mana jagora yayi riko da hannayenmu wajen aikata alheri allah ya karbi ibadunmu ya yafe mana zunubanmu ya bamu hakuri da juriya wajen yin ibada ameen,0,0,0,0,0,0,hau,alhamdullilah albarkan dake ciki allah ya hada mu dashi allah yayi mana jagora yayi riko da hannayenmu wajen aikata alheri allah ya karbi ibadunmu ya yafe mana zunubanmu ya bamu hakuri da juriya wajen yin ibada ameen
hau_train_track_a_00020,Hhhhhhh kuna wuta yanzu naija 🇳🇬 🇳🇬,0,0,0,1,0,0,hau,hhhhhhh kuna wuta yanzu naija 🇳🇬 🇳🇬
hau_train_track_a_00021,zakaci kutumar ubanka wallahi idan lawakiri ya kama ka,1,1,0,0,0,0,hau,zakaci kutumar ubanka wallahi idan lawakiri ya kama ka
hau_train_track_a_00022,"Tun muna yara muke wasan ango da amarya, sai gashi Allah ya hada aurenmu yanzu - Amarya ta bada tarihin rayuwarsu",0,0,0,1,0,1,hau,tun muna yara muke wasan ango da amarya sai gashi allah ya hada aurenmu yanzu amarya ta bada tarihin rayuwarsu
hau_train_track_a_00023,Kwarkwata na fadowa daga gashin mahaukachin.,0,1,0,0,0,0,hau,kwarkwata na fadowa daga gashin mahaukachin
hau_train_track_a_00024,Buhari ya nada Karebo Samson a matsayin mukaddashin kwanturola Janar na hukumar kashe gobara,0,0,0,1,0,0,hau,buhari ya nada karebo samson a matsayin mukaddashin kwanturola janar na hukumar kashe gobara
hau_train_track_a_00025,Haka su Kace kina da girman kae idan kikayi post mutum yayi maki comment bakya reply bara naga da gaske suke Kokuma Karya suke 🤔🤔🤔,0,0,0,0,0,0,hau,haka su kace kina da girman kae idan kikayi post mutum yayi maki comment bakya reply bara naga da gaske suke kokuma karya suke 🤔🤔🤔
hau_train_track_a_00026,Masari ya baiwa masu garkuwa sa’o’i 48 su saki mutanen da suka sace ko su fuskanci fushin sa,1,0,0,0,0,0,hau,masari ya baiwa masu garkuwa sa’o’i 48 su saki mutanen da suka sace ko su fuskanci fushin sa
hau_train_track_a_00027,"Na matsu sosai, zan biya sadaki kuma zan ɗau nauyin komai, Wata kyakkyawar budurwa na neman mijin Aure",0,0,0,0,1,0,hau,na matsu sosai zan biya sadaki kuma zan ɗau nauyin komai wata kyakkyawar budurwa na neman mijin aure
hau_train_track_a_00028,Haba rahama me akayi akayi 550 keda ynx zaki iya mai da ninki ninkin ta ! Wuyar ta ki bada qofane pha wani ya shiga shikenan 😩,0,1,0,0,0,1,hau,haba rahama me akayi akayi 550 keda ynx zaki iya mai da ninki ninkin ta wuyar ta ki bada qofane pha wani ya shiga shikenan 😩
hau_train_track_a_00029,Allah kawo mana saukin wannan musiba🙏🏽,0,0,1,0,0,0,hau,allah kawo mana saukin wannan musiba🙏🏽
hau_train_track_a_00030,kuci Uwar mutumin nan kawai Babaa! Ya matsa maku 😭 ##URL##,1,0,0,0,0,0,hau,kuci uwar mutumin nan kawai babaa ya matsa maku 😭 url
hau_train_track_a_00031,alhamdulillah wlh nafi jin kowa dadi because dama sometimes sabo sukeyi,0,0,0,1,0,0,hau,alhamdulillah wlh nafi jin kowa dadi because dama sometimes sabo sukeyi
hau_train_track_a_00032,"Kujerun nan duk Gara tabi ta cinye katako, yadikan jiki duk sun fashe, kana zama ƙura zata biyo kayanka",0,1,0,0,0,0,hau,kujerun nan duk gara tabi ta cinye katako yadikan jiki duk sun fashe kana zama ƙura zata biyo kayanka
hau_train_track_a_00033,bansan meh yasa baamma duk lokacin da naga hoton mutumin nan seh zuciyata ta tsinke,0,0,0,0,1,0,hau,bansan meh yasa baamma duk lokacin da naga hoton mutumin nan seh zuciyata ta tsinke
hau_train_track_a_00034,An sayar mana da 'yancinmu': Wasu sojoji sun yi Allah-wadai da Buratai,1,1,0,0,0,0,hau,an sayar mana da yancinmu wasu sojoji sun yi allahwadai da buratai
hau_train_track_a_00035,Beran da mage ta kashe a daki tsutsa ta baibaye shi tana cin namansa,0,1,0,0,0,0,hau,beran da mage ta kashe a daki tsutsa ta baibaye shi tana cin namansa
hau_train_track_a_00036,"Sama da Kashi 75% Na Yan Najeriya Basa Jin Daɗin Gwamnatin Buhari, Sanatan APC",1,0,0,0,1,0,hau,sama da kashi 75 na yan najeriya basa jin daɗin gwamnatin buhari sanatan apc
hau_train_track_a_00037,Akwai damuwa fa😰 Allah shi yaye mana waɗan ga lalura,0,0,1,0,1,0,hau,akwai damuwa fa😰 allah shi yaye mana waɗan ga lalura
hau_train_track_a_00038,allah ya yaye mn musiba amma f n hango wasu en yara,0,0,1,0,0,0,hau,allah ya yaye mn musiba amma f n hango wasu en yara
hau_train_track_a_00039,Sheikh Dahiru Bauchi ya bayyana babban sirrinsa na haddar Al-Qur'ani,0,0,0,1,0,0,hau,sheikh dahiru bauchi ya bayyana babban sirrinsa na haddar alqurani
hau_train_track_a_00040,Mutane 2 sun sheka barzahu bayan gamuwa da ajalinsu a cikin ruwan Kano,0,0,0,0,1,0,hau,mutane 2 sun sheka barzahu bayan gamuwa da ajalinsu a cikin ruwan kano
hau_train_track_a_00041,🤔 abin alajabi be karewa a kasata Nigeria,0,0,0,0,0,1,hau,🤔 abin alajabi be karewa a kasata nigeria
hau_train_track_a_00042,"Ikon Allah 🤔director meh kake nufi,kar dai kace mahmud din take aure dai😲😲",0,0,0,0,0,1,hau,ikon allah 🤔director meh kake nufikar dai kace mahmud din take aure dai😲😲
hau_train_track_a_00043,Ku ma baku yadda ba kenan? 😊,0,0,0,0,0,0,hau,ku ma baku yadda ba kenan 😊
hau_train_track_a_00044,Bidiyon Shugaban Kasan South Sudan Yana Fitsari A Wando Ana Tsakiyar Taro,0,1,0,0,0,0,hau,bidiyon shugaban kasan south sudan yana fitsari a wando ana tsakiyar taro
hau_train_track_a_00045,Shekara dubu arba'in har da uku fa kuka ce😲?,0,0,0,0,0,1,hau,shekara dubu arbain har da uku fa kuka ce😲
hau_train_track_a_00046,Bidiyon matasan da suka shiga hannu yayin da suke kokarin yin asirin kudi da wata budurwa,0,1,0,0,0,0,hau,bidiyon matasan da suka shiga hannu yayin da suke kokarin yin asirin kudi da wata budurwa
hau_train_track_a_00047,"Alhamdulillah na samu lafiya, mun kusa hadari cikin hazo - Aisha Buhari ta yi maganarta na farko",0,0,0,1,0,0,hau,alhamdulillah na samu lafiya mun kusa hadari cikin hazo aisha buhari ta yi maganarta na farko
hau_train_track_a_00048,Kulu Allah wadai shi kene kawai 🤔,0,0,0,0,1,0,hau,kulu allah wadai shi kene kawai 🤔
hau_train_track_a_00049,Tashin hankali anyiwa uwar kortoh fyade yace mama rike min wando na yau daga makwafta za'a Fara🤣🤣 #Ranar_hausa,0,0,0,1,0,0,hau,tashin hankali anyiwa uwar kortoh fyade yace mama rike min wando na yau daga makwafta zaa fara🤣🤣 ranarhausa
hau_train_track_a_00050,Ashe kinsan waye king 👑,0,0,0,0,0,1,hau,ashe kinsan waye king 👑
hau_train_track_a_00051,"Idan har wannan labarin haka yake toh zaman Zina zasu, A haifi Yayan zina kuma..Allah kada ka jarrabemu da Wayewa wadda zata fitine mu cikin addininmu🙏Wannan karshen jahilaci da lalacewa Kenan subhanallah.",1,1,0,0,1,0,hau,idan har wannan labarin haka yake toh zaman zina zasu a haifi yayan zina kumaallah kada ka jarrabemu da wayewa wadda zata fitine mu cikin addininmu🙏wannan karshen jahilaci da lalacewa kenan subhanallah
hau_train_track_a_00052,zancan banxa zancan isakamudai kawai allah ya isa zamuce,1,0,0,0,0,0,hau,zancan banxa zancan isakamudai kawai allah ya isa zamuce
hau_train_track_a_00053,inyeee atayamu murna saura kadan kasar mu tazama kmr dubai tunda ga sunan ma kamr na yan biyu,0,0,0,1,0,0,hau,inyeee atayamu murna saura kadan kasar mu tazama kmr dubai tunda ga sunan ma kamr na yan biyu
hau_train_track_a_00054,Bidiyon fitaccen Faston Najeriya yana karanta ayoyin Alkur'ani mai girma,0,0,0,0,0,1,hau,bidiyon fitaccen faston najeriya yana karanta ayoyin alkurani mai girma
hau_train_track_a_00055,Allah mai iko: Yadda mata ta haihu bayan shekaru 10 da daukar ciki,0,0,0,0,0,1,hau,allah mai iko yadda mata ta haihu bayan shekaru 10 da daukar ciki
hau_train_track_a_00056,Buhari ya aike wa Sarkin Jordan wasikar son barka,0,0,0,1,0,0,hau,buhari ya aike wa sarkin jordan wasikar son barka
hau_train_track_a_00057,Ya Allah kai mana maganin muta nennan dan Girman ka kafimu sanin ta wacce hanya xaka biyo musu Allah kana gani Allah ka bi mana hiqqin mu Amin 😭😭😭😭😭,0,0,1,0,1,0,hau,ya allah kai mana maganin muta nennan dan girman ka kafimu sanin ta wacce hanya xaka biyo musu allah kana gani allah ka bi mana hiqqin mu amin 😭😭😭😭😭
hau_train_track_a_00058,"Don jaraba yaro ba ƙashi har a cikin madafi, kana jawo kwabo suna biyo hannunka",0,0,0,0,0,0,hau,don jaraba yaro ba ƙashi har a cikin madafi kana jawo kwabo suna biyo hannunka
hau_train_track_a_00059,BBC me kuma ya faru?? 🙆🙆,0,0,0,0,0,1,hau,bbc me kuma ya faru 🙆🙆
hau_train_track_a_00060,ya gama shasshafesu a waje ya game rungumesu sannan zai yi mana wani maganar sunnah munafukin banza munafukin wofi hian,1,0,0,0,1,0,hau,ya gama shasshafesu a waje ya game rungumesu sannan zai yi mana wani maganar sunnah munafukin banza munafukin wofi hian
hau_train_track_a_00061,"Malam yasha giyan tsamiya tana nunamai hauka,😂",0,0,0,0,1,0,hau,malam yasha giyan tsamiya tana nunamai hauka😂
hau_train_track_a_00062,"Uba Ya Fusata, Ya Garkame Shagon Diyarsa da Ta Ki Tafiya Italiya Yawon Karuwanci",1,1,0,0,0,0,hau,uba ya fusata ya garkame shagon diyarsa da ta ki tafiya italiya yawon karuwanci
hau_train_track_a_00063,kutttt wai dama bai da aure,0,0,0,0,0,1,hau,kutttt wai dama bai da aure
hau_train_track_a_00064,Wata sabuwa: Matan Najeriya sun zo na 15 a jerin matan da suka fi iskanci a duniya a kasashen duniya,0,0,0,0,1,0,hau,wata sabuwa matan najeriya sun zo na 15 a jerin matan da suka fi iskanci a duniya a kasashen duniya
hau_train_track_a_00065,a ina yaushe su waye su ina aka birnesu zaku maimaita da larabci wlh,1,0,0,0,0,0,hau,a ina yaushe su waye su ina aka birnesu zaku maimaita da larabci wlh
hau_train_track_a_00066,shi a abuja akabarshi kenan,0,0,0,0,0,1,hau,shi a abuja akabarshi kenan
hau_train_track_a_00067,Banza irinki wawuya bokon ki na banza ne🙄🙄,1,0,0,0,0,0,hau,banza irinki wawuya bokon ki na banza ne🙄🙄
hau_train_track_a_00068,😂😂 Har da hararanshi ko? Bari ya cireka wlhi,0,0,0,0,0,0,hau,😂😂 har da hararanshi ko bari ya cireka wlhi
hau_train_track_a_00069,😭Allah yasa mugama da dunia lfy. Kai kuma Allah kara lfy,0,0,0,0,1,0,hau,😭allah yasa mugama da dunia lfy kai kuma allah kara lfy
hau_train_track_a_00070,Amfani 8 na ruman ga lafiyar ɗan Adam,0,0,0,1,0,0,hau,amfani 8 na ruman ga lafiyar ɗan adam
hau_train_track_a_00071,Tou su wanne suke a qauye basu da account talk less of BVN ya zaayi dasu? 🤔,0,0,0,0,0,1,hau,tou su wanne suke a qauye basu da account talk less of bvn ya zaayi dasu 🤔
hau_train_track_a_00072,Allah Ya yi wa dankashi Mai Kukuma rasuwa,0,0,0,0,1,0,hau,allah ya yi wa dankashi mai kukuma rasuwa
hau_train_track_a_00073,"Budurwa ta kalubalanci mutane da su shiga gasar rubutu mai kyau, ta wallafa hoton littafinta",0,0,0,0,0,0,hau,budurwa ta kalubalanci mutane da su shiga gasar rubutu mai kyau ta wallafa hoton littafinta
hau_train_track_a_00074,muna yimaka fatan alheri baba buhari,0,0,0,1,0,0,hau,muna yimaka fatan alheri baba buhari
hau_train_track_a_00075,Kai Jama’a gwamnan namu😂😅 wai suma sai da suka wanki gara,0,0,0,1,0,1,hau,kai jama’a gwamnan namu😂😅 wai suma sai da suka wanki gara
hau_train_track_a_00076,Allah sarki Tani su yaya Dan Kwambo sun kassara ta😭,0,0,0,0,1,0,hau,allah sarki tani su yaya dan kwambo sun kassara ta😭
hau_train_track_a_00077,"Allah ya kyauta: 'Yan Bindiga sun hari gidan Sarki a jihar Sokoto, sun kashe dogari sun kuma yi awon gaba da kanin Sarkin",0,0,1,0,1,0,hau,allah ya kyauta yan bindiga sun hari gidan sarki a jihar sokoto sun kashe dogari sun kuma yi awon gaba da kanin sarkin
hau_train_track_a_00078,🤣🤣tirkashi Kasuwar madamfara zata mutu,0,0,0,0,0,1,hau,🤣🤣tirkashi kasuwar madamfara zata mutu
hau_train_track_a_00079,"Cikin kwanaki 4 ku mika wuya ko ku fuskanci fushin gwamnati, Matawalle ga 'yan bindiga",1,0,0,0,0,0,hau,cikin kwanaki 4 ku mika wuya ko ku fuskanci fushin gwamnati matawalle ga yan bindiga
hau_train_track_a_00080,Allah ya kawo sauki Dama ana mata kirari Tadabo tunbin giwa Koda mai kazo an fika Bashakka kano zata iya zama ta daya anawa hasashen Allah ya kawomana karshen wannan annoba bar😢😢😢😢😢😢😢😢,0,0,1,0,1,0,hau,allah ya kawo sauki dama ana mata kirari tadabo tunbin giwa koda mai kazo an fika bashakka kano zata iya zama ta daya anawa hasashen allah ya kawomana karshen wannan annoba bar😢😢😢😢😢😢😢😢
hau_train_track_a_00081,Tatsuniya kenan 😂😂🤣🤣😘😘 wai kayan yan kasuwa Allah dea wadaran naka ya lalace wato kai kaine baka tsoran Allah shiyasa suka turoka kayi bayani,1,0,0,0,1,0,hau,tatsuniya kenan 😂😂🤣🤣😘😘 wai kayan yan kasuwa allah dea wadaran naka ya lalace wato kai kaine baka tsoran allah shiyasa suka turoka kayi bayani
hau_train_track_a_00082,Shegu bbc!! 🤣 Wai beji dadi ba ko uban waye ya gayamuku haka?,1,0,0,0,0,0,hau,shegu bbc 🤣 wai beji dadi ba ko uban waye ya gayamuku haka
hau_train_track_a_00083,so yanxu dai mutu ba kenan yana nan da ransa ‍️,0,0,0,0,0,1,hau,so yanxu dai mutu ba kenan yana nan da ransa ‍️
hau_train_track_a_00084,Alhmdlh muyi farin ciki kamar yadda kuka kammala wannan shiri mae dogon xango lpy allah yabamu ikon kala lpy allah yasa muna cikin masu rayuwa kuma munawa kowa da yabada gudun muwa acikin wannan fatan alkhairi daga mal.aminu saira harxuwa ma aikatan shirin🙏,0,0,0,1,0,0,hau,alhmdlh muyi farin ciki kamar yadda kuka kammala wannan shiri mae dogon xango lpy allah yabamu ikon kala lpy allah yasa muna cikin masu rayuwa kuma munawa kowa da yabada gudun muwa acikin wannan fatan alkhairi daga malaminu saira harxuwa ma aikatan shirin🙏
hau_train_track_a_00085,"Allah ya jikan malam, Allah ya kai haske kabarin sa, Allah ya hada fuskokin mu a jannatul Firdaus 🤲🏻🤲🏻🤲🏻🤲🏻",0,0,0,0,1,0,hau,allah ya jikan malam allah ya kai haske kabarin sa allah ya hada fuskokin mu a jannatul firdaus 🤲🏻🤲🏻🤲🏻🤲🏻
hau_train_track_a_00086,Yanzu-yanzu: Fusatattun matasa sun kone ofishin Yan sanda a Katsina (Hotuna),1,0,0,0,0,0,hau,yanzuyanzu fusatattun matasa sun kone ofishin yan sanda a katsina hotuna
hau_train_track_a_00087,da meye zaa tantance yawan yayan nasa,0,0,0,0,0,1,hau,da meye zaa tantance yawan yayan nasa
hau_train_track_a_00088,Tsarabar juma'a: Abubuwa 5 da ya kamata ku sani game da kabarin Annabi Muhammad SAW,0,0,0,1,0,0,hau,tsarabar jumaa abubuwa 5 da ya kamata ku sani game da kabarin annabi muhammad saw
hau_train_track_a_00089,Waga DUNIYA 🌎👈 allah yasa mutashi daga cikinta lafiya zamani kenan 🤔🤔🤔,0,0,1,0,0,0,hau,waga duniya 🌎👈 allah yasa mutashi daga cikinta lafiya zamani kenan 🤔🤔🤔
hau_train_track_a_00090,"Almubazzaranci tsantsa, wannan kwalliya Baata wuce awa bakwai (7) an wanke ta an koma Kama(look) na asali. 😂. Abun mamaki kuma shine Kashi tamanin (80%) na maza irin wannan kwalliya ta (make up) Bata burgesu.",1,0,0,0,0,1,hau,almubazzaranci tsantsa wannan kwalliya baata wuce awa bakwai 7 an wanke ta an koma kamalook na asali 😂 abun mamaki kuma shine kashi tamanin 80 na maza irin wannan kwalliya ta make up bata burgesu
hau_train_track_a_00091,Ya fada cikin masai,0,1,0,0,0,0,hau,ya fada cikin masai
hau_train_track_a_00092,"Yayi sallah,sannan yayi dawafi,ya sha zam-zam,bagaruwa da dabino idan ya samu kaza kada ya saurara mata,bayan ya gama sai ya siyi jallabiya ya dawo kasar sa ta haihuwa ya ci gaba da haquri😂😂😂",0,0,0,1,0,0,hau,yayi sallahsannan yayi dawafiya sha zamzambagaruwa da dabino idan ya samu kaza kada ya saurara matabayan ya gama sai ya siyi jallabiya ya dawo kasar sa ta haihuwa ya ci gaba da haquri😂😂😂
hau_train_track_a_00093,Banɗakin asibitin baya shiguwa saboda ko Ina kashi ne a ƙasa yana warin tsiya.,0,1,0,0,0,0,hau,banɗakin asibitin baya shiguwa saboda ko ina kashi ne a ƙasa yana warin tsiya
hau_train_track_a_00094,"Allah ka bamu mata na gari: Bayan shafe shekara 10 yana wahala da yaron tun yana jariri har ya girma, mahaifin ya gano cewa ashe yaron ba nashi bane",0,0,0,0,1,1,hau,allah ka bamu mata na gari bayan shafe shekara 10 yana wahala da yaron tun yana jariri har ya girma mahaifin ya gano cewa ashe yaron ba nashi bane
hau_train_track_a_00095,Intanet kalmar Hausa ce? 🤔,0,0,0,0,0,1,hau,intanet kalmar hausa ce 🤔
hau_train_track_a_00096,"Jawabin Tinubu Bata Lokaci Da Yaudara Ne Kawai, Atiku Ya Caccaki Shugaban Kasa",1,0,0,0,1,0,hau,jawabin tinubu bata lokaci da yaudara ne kawai atiku ya caccaki shugaban kasa
hau_train_track_a_00097,Su kam ai basu ki kowa ya mutu ba saboda su samu kudin shiga😁,0,0,0,0,1,0,hau,su kam ai basu ki kowa ya mutu ba saboda su samu kudin shiga😁
hau_train_track_a_00098,Allah mai iko akuya ta haifi dodo bayan an yi mata tiyata,0,0,0,0,0,1,hau,allah mai iko akuya ta haifi dodo bayan an yi mata tiyata
hau_train_track_a_00099,Uwar gidan sa ta bashi ruwan kashi yasha,0,1,0,0,0,0,hau,uwar gidan sa ta bashi ruwan kashi yasha
hau_train_track_a_00100,"Ku cire ni daga bakinku: Maishadda bai yaudare ni ba, babu komai tsakaninmu – Aisha Humaira",0,0,0,0,0,0,hau,ku cire ni daga bakinku maishadda bai yaudare ni ba babu komai tsakaninmu – aisha humaira
hau_train_track_a_00101,Dubun wani babban fasto mai tsafi da kananan yara ta cika (Hotuna),0,1,0,1,0,0,hau,dubun wani babban fasto mai tsafi da kananan yara ta cika hotuna
hau_train_track_a_00102,"Ladduban da ake bi Allah ya amsa addu'a, Sheikh Aminu Daurawa",0,0,0,0,0,0,hau,ladduban da ake bi allah ya amsa addua sheikh aminu daurawa
hau_train_track_a_00103,Toh! Allah ka tsare mu daga wannan musibar🤲,0,0,1,0,0,0,hau,toh allah ka tsare mu daga wannan musibar🤲
hau_train_track_a_00104,"Buhari, Gwamnonin Arewa sun sa labule a Aso Villa a kan matsalar rashin tsaro",0,0,0,1,0,0,hau,buhari gwamnonin arewa sun sa labule a aso villa a kan matsalar rashin tsaro
hau_train_track_a_00105,"Baku isa ku tilasta mana mu baku shugabancin Najeriya ba, El-Rufa'i ya fadawa Gwamnonin Kudu",1,0,0,0,0,0,hau,baku isa ku tilasta mana mu baku shugabancin najeriya ba elrufai ya fadawa gwamnonin kudu
hau_train_track_a_00106,"""Na Gode Wa Allah An Kama Mu"", Mai Garkuwa Bayan Yan Sanda Sun Kama Shi",0,0,0,1,0,1,hau,na gode wa allah an kama mu mai garkuwa bayan yan sanda sun kama shi
hau_train_track_a_00107,"Dan Allah ku taya ni da addu’ar samun lafiya, Olisa Metuh ya roki ‘yan Najeriya",0,0,0,0,1,0,hau,dan allah ku taya ni da addu’ar samun lafiya olisa metuh ya roki ‘yan najeriya
hau_train_track_a_00108,Sojoji a bariki na farin ciki da shewa yayinda suka samun labarin sallaman Buratai da sauran hafsoshin tsaro,0,0,0,1,0,0,hau,sojoji a bariki na farin ciki da shewa yayinda suka samun labarin sallaman buratai da sauran hafsoshin tsaro
hau_train_track_a_00109,wannan zancen banzane yakeyi ️️️,1,0,0,0,0,0,hau,wannan zancen banzane yakeyi ️️️
hau_train_track_a_00110,Jerin Koci 8 da aka sallama daga aiki yayin da Cristiano Ronaldo ke taka leda a karkashinsu,0,0,0,0,0,0,hau,jerin koci 8 da aka sallama daga aiki yayin da cristiano ronaldo ke taka leda a karkashinsu
hau_train_track_a_00111,Baba wanka kawai kake diba a Villa amma bai san ma abin da ke faruwa a Nigeria 🇳🇬 ba ko kadan 🤔,1,0,0,0,1,0,hau,baba wanka kawai kake diba a villa amma bai san ma abin da ke faruwa a nigeria 🇳🇬 ba ko kadan 🤔
hau_train_track_a_00112,Kaii wlhy qarya kuke 😂 masu cin dadi sunfi kowa yawan jima’i,0,0,0,0,0,0,hau,kaii wlhy qarya kuke 😂 masu cin dadi sunfi kowa yawan jima’i
hau_train_track_a_00113,kai jamaa allah kayi mana maganin masifa,0,0,1,0,1,0,hau,kai jamaa allah kayi mana maganin masifa
hau_train_track_a_00114,"Yanzu-yanzu: Allah ya yi wa Dan Iyan Kano, Alhaji Yusuf Bayero rasuwa",0,0,0,0,1,0,hau,yanzuyanzu allah ya yi wa dan iyan kano alhaji yusuf bayero rasuwa
hau_train_track_a_00115,An kashe wani matashi da ya nuna farin cikinsa da kisan da yan ta’adda suka yi ma janar Alkali a garin Jos,0,0,0,0,1,1,hau,an kashe wani matashi da ya nuna farin cikinsa da kisan da yan ta’adda suka yi ma janar alkali a garin jos
hau_train_track_a_00116,ita dai wannan taga kanta duk pictures din da nike gani nata duk babu na dabia wani na ganta dana miji wani kuma kaya neh a jikinta amma kamar tsirara please wai wacece wannan,0,1,0,0,0,0,hau,ita dai wannan taga kanta duk pictures din da nike gani nata duk babu na dabia wani na ganta dana miji wani kuma kaya neh a jikinta amma kamar tsirara please wai wacece wannan
hau_train_track_a_00117,aslm fatima douboun gaisuwa dafatan alhéri dafatan kin wini lfy gaskiya mouna jindadin akuchi da rufi sosai allah ya kara basira sunana hassan,0,0,0,1,0,0,hau,aslm fatima douboun gaisuwa dafatan alhéri dafatan kin wini lfy gaskiya mouna jindadin akuchi da rufi sosai allah ya kara basira sunana hassan
hau_train_track_a_00118,Tana al'ada ta cire audugar jini tayi kacha-kacha da bandakin,0,1,0,0,0,0,hau,tana alada ta cire audugar jini tayi kachakacha da bandakin
hau_train_track_a_00119,Abu kamar wasa: Zakuna sun cinye mutumin da ya raine su tun suna yara a lokacin da suke wasa da shi,0,0,0,0,0,1,hau,abu kamar wasa zakuna sun cinye mutumin da ya raine su tun suna yara a lokacin da suke wasa da shi
hau_train_track_a_00120,Ina tayata murna mahakurci mawadace 😊😊😊,0,0,0,1,0,0,hau,ina tayata murna mahakurci mawadace 😊😊😊
hau_train_track_a_00121,ya allah ka kawo mana ƙarshen wannan balai,0,0,1,0,1,0,hau,ya allah ka kawo mana ƙarshen wannan balai
hau_train_track_a_00122,Ai be kyauta ba....mutanen Zamfara be daukesu a bakin komi ba....kodan next level ne....expect the unexpected😎.....Allah yakawo mana karshen wannan musibar a koina🙏,0,0,0,0,1,0,hau,ai be kyauta bamutanen zamfara be daukesu a bakin komi bakodan next level neexpect the unexpected😎allah yakawo mana karshen wannan musibar a koina🙏
hau_train_track_a_00123,Hadiza El-Rufai na son mace ta gaji Sarkin Zazzau Shehu Idris,0,0,0,0,0,0,hau,hadiza elrufai na son mace ta gaji sarkin zazzau shehu idris
hau_train_track_a_00124,"Riɓaɓen mushen da ke kan hanya, har ya fara tsutsa",0,1,0,0,0,0,hau,riɓaɓen mushen da ke kan hanya har ya fara tsutsa
hau_train_track_a_00125,kai kalli mutanen arewa abun farin ciki yasamu amma kalli like yayi karanci amma da abun sukan shugaban kasa daga likes dayawato allah yasaka da alheri shugaba buhari,0,0,0,0,0,1,hau,kai kalli mutanen arewa abun farin ciki yasamu amma kalli like yayi karanci amma da abun sukan shugaban kasa daga likes dayawato allah yasaka da alheri shugaba buhari
hau_train_track_a_00126,Sojoji sun kashe ’yan Boko Haram 16 a Borno,0,0,0,1,0,0,hau,sojoji sun kashe ’yan boko haram 16 a borno
hau_train_track_a_00127,Irin Alherin da Muke Samu A Sana'ar Bola,0,0,0,1,0,0,hau,irin alherin da muke samu a sanaar bola
hau_train_track_a_00128,Kanta wari yake yi saboda kurajen kanta sunyi ruwa har sun zama gyambo,0,1,0,0,0,0,hau,kanta wari yake yi saboda kurajen kanta sunyi ruwa har sun zama gyambo
hau_train_track_a_00129,Jonathan ya fusata saboda rashin daukar nauyin Kiristoci masu ziyara a Arewa,1,0,0,0,0,0,hau,jonathan ya fusata saboda rashin daukar nauyin kiristoci masu ziyara a arewa
hau_train_track_a_00130,Buhari ya halarci bikin taya Nijar murnar cika shekaru 60 da zama Jamhuriya,0,0,0,1,0,0,hau,buhari ya halarci bikin taya nijar murnar cika shekaru 60 da zama jamhuriya
hau_train_track_a_00131,Mutanen daji sun samo rubabben biri suna ci,0,1,0,0,0,0,hau,mutanen daji sun samo rubabben biri suna ci
hau_train_track_a_00132,Ina ga Nigeria nan gaba Dan north Korea 🇰🇷 zamu je mu dauko yazo ya mulke kawai musha wahalan kowa ya gyaru,1,0,0,0,1,0,hau,ina ga nigeria nan gaba dan north korea 🇰🇷 zamu je mu dauko yazo ya mulke kawai musha wahalan kowa ya gyaru
hau_train_track_a_00133,"Wani malalacin Maigida ya gamu da fushin Uwargida, ta kwance masa zani cikin kasuwa",1,0,0,0,0,1,hau,wani malalacin maigida ya gamu da fushin uwargida ta kwance masa zani cikin kasuwa
hau_train_track_a_00134,Ta kwara amaı a jikin sabbin kayan sa.,0,1,0,0,0,0,hau,ta kwara amaı a jikin sabbin kayan sa
hau_train_track_a_00135,Ran maza ya bace🙆🏻‍♂️,1,0,1,0,0,0,hau,ran maza ya bace🙆🏻‍♂️
hau_train_track_a_00136,Wajen taron ya cika da warin hammatar gardawa,0,1,0,0,0,0,hau,wajen taron ya cika da warin hammatar gardawa
hau_train_track_a_00137,Kamata yayi ace a fara gwajin akansa tunda shine shugaba🤷🏻‍♀️,0,0,0,0,0,0,hau,kamata yayi ace a fara gwajin akansa tunda shine shugaba🤷🏻‍♀️
hau_train_track_a_00138,"Idan naga mace tana firar ƙwallo sai abun yayi min wani banbarakwai kamar naga 'yar daudun mata, ko ni dinne dan kauye oho!🤷",0,0,0,0,0,1,hau,idan naga mace tana firar ƙwallo sai abun yayi min wani banbarakwai kamar naga yar daudun mata ko ni dinne dan kauye oho🤷
hau_train_track_a_00139,gasar premier southampton ta bai wa mamaki da ci cc,0,0,0,0,0,1,hau,gasar premier southampton ta bai wa mamaki da ci cc
hau_train_track_a_00140,Nigeria @ 60: Sarauniyar Ingila ta aike wa Buhari da sakon taya murna,0,0,0,1,0,0,hau,nigeria 60 sarauniyar ingila ta aike wa buhari da sakon taya murna
hau_train_track_a_00141,Yajin aiki: Ma'aikatan jiragen sama zasu rufe filayen jirage don taya ASUU nuna fushi,0,0,0,0,1,0,hau,yajin aiki maaikatan jiragen sama zasu rufe filayen jirage don taya asuu nuna fushi
hau_train_track_a_00142,An yi babban rashi: Allah ya yiwa mai masallacin matafiya da ke hanyar Kaduna-Zariya rasuwa,0,0,0,0,1,0,hau,an yi babban rashi allah ya yiwa mai masallacin matafiya da ke hanyar kadunazariya rasuwa
hau_train_track_a_00143,"Kauye garin su kare, kare yace a'a garinsu yaya jaki ne, yaya jaki yace kaya na kawo ina saukewa zan koma 😂😂😂",0,0,0,0,0,0,hau,kauye garin su kare kare yace aa garinsu yaya jaki ne yaya jaki yace kaya na kawo ina saukewa zan koma 😂😂😂
hau_train_track_a_00144,"Bayan harin masallaci, yan Bijilanti sun kashe mutum 9, sun ƙona gidaje a wata rugar Fulani a jihar Neja",0,0,1,0,1,0,hau,bayan harin masallaci yan bijilanti sun kashe mutum 9 sun ƙona gidaje a wata rugar fulani a jihar neja
hau_train_track_a_00145,😠Su zauna ayita kashesu karsu dawo arewa tunda su mayu ne Basu San datajar ransu da mutuncin su ba. Daure su akayi ne ko dole ne Sai sun zauna a kudu,1,0,0,0,0,0,hau,😠su zauna ayita kashesu karsu dawo arewa tunda su mayu ne basu san datajar ransu da mutuncin su ba daure su akayi ne ko dole ne sai sun zauna a kudu
hau_train_track_a_00146,yan bura ubaaa ku dabbobi ne suka dameku,1,0,0,0,0,0,hau,yan bura ubaaa ku dabbobi ne suka dameku
hau_train_track_a_00147,Mu taimaki kanmu da kanmu,0,0,0,0,0,0,hau,mu taimaki kanmu da kanmu
hau_train_track_a_00148,Yadda fasinjoji 18 suka kone kurmus a wani hatsari da afku a jihar Neja,0,0,0,0,1,0,hau,yadda fasinjoji 18 suka kone kurmus a wani hatsari da afku a jihar neja
hau_train_track_a_00149,allah katausayamana albarka watanka mai albarka mun tuba ya allah,0,0,1,0,1,0,hau,allah katausayamana albarka watanka mai albarka mun tuba ya allah
hau_train_track_a_00150,Akwai Matsala: Basarake Ya Ga Abun Mamaki Yayin da Ya Je Bankin Neman Sabbin Kuɗi,0,0,0,0,0,1,hau,akwai matsala basarake ya ga abun mamaki yayin da ya je bankin neman sabbin kuɗi
hau_train_track_a_00151,Bikin murnar cika shekara 50 da fara zuwa duniyar wata (2),0,0,0,1,0,0,hau,bikin murnar cika shekara 50 da fara zuwa duniyar wata 2
hau_train_track_a_00152,rakumi girman ka na wofi danakuya yafika duwawu,0,1,0,0,0,0,hau,rakumi girman ka na wofi danakuya yafika duwawu
hau_train_track_a_00153,Duniya ta na taya Aisha Buhari murnar cika shekaru 49 da haihuwa,0,0,0,1,0,0,hau,duniya ta na taya aisha buhari murnar cika shekaru 49 da haihuwa
hau_train_track_a_00154,Subahanallah Allah kayi Mana maganinmu😏😏,0,0,1,0,1,0,hau,subahanallah allah kayi mana maganinmu😏😏
hau_train_track_a_00155,Adeji tsoron Allah wlh asan miye ake fada Azumi ne🙄,1,0,0,0,0,0,hau,adeji tsoron allah wlh asan miye ake fada azumi ne🙄
hau_train_track_a_00156,Amma ina tausaya masa Ya kashe rai Ya kashe kansa Tamb!!!🤔🤔,0,0,0,0,1,0,hau,amma ina tausaya masa ya kashe rai ya kashe kansa tamb🤔🤔
hau_train_track_a_00157,Kotu ta ɗaure wasu mutum biyu saboda 'Sihirin ninka kuɗi' a Sokoto,1,0,0,0,0,0,hau,kotu ta ɗaure wasu mutum biyu saboda sihirin ninka kuɗi a sokoto
hau_train_track_a_00158,An tsaurara matakan tsaro a Gombe yayinda aka rantsar da Inuwa Yahaya a matsayin gwamna,0,0,1,0,0,0,hau,an tsaurara matakan tsaro a gombe yayinda aka rantsar da inuwa yahaya a matsayin gwamna
hau_train_track_a_00159,Sarkin Damaturu ga Osinbajo: Muna addua'ar Allah yasa ka gaji Buhari a 2023,0,0,0,0,0,0,hau,sarkin damaturu ga osinbajo muna adduaar allah yasa ka gaji buhari a 2023
hau_train_track_a_00160,ku kun fiye jan bala.i BBC 🙄😷,1,0,0,0,0,0,hau,ku kun fiye jan balai bbc 🙄😷
hau_train_track_a_00161,Tsaro: Gwamnan Arewa Ya Faɗi Alamun da Ke Nuna Allah SWT Ya Karɓi Addu'o'in Talakawa a Ramadan,0,0,0,0,0,0,hau,tsaro gwamnan arewa ya faɗi alamun da ke nuna allah swt ya karɓi adduoin talakawa a ramadan
hau_train_track_a_00162,Danda nafara shirin yin protest 😂😂,0,0,0,0,0,0,hau,danda nafara shirin yin protest 😂😂
hau_train_track_a_00163,Ai!? To suwayehhh?😨😨,0,0,0,0,0,1,hau,ai to suwayehhh😨😨
hau_train_track_a_00164,Allah ya yi wa shugaban ƙaramar hukuma rasuwa,0,0,0,0,1,0,hau,allah ya yi wa shugaban ƙaramar hukuma rasuwa
hau_train_track_a_00165,innalillahi wainna ilaihirrajiun ya allah ka kawo mana karshen wannan masifa,0,0,1,0,0,0,hau,innalillahi wainna ilaihirrajiun ya allah ka kawo mana karshen wannan masifa
hau_train_track_a_00166,Mai Gida ya yi kaki ya tofar a jikin garu,0,1,0,0,0,0,hau,mai gida ya yi kaki ya tofar a jikin garu
hau_train_track_a_00167,"Ya bazai Hana ba daman, tunda baya samun kudin revenue ta gurin su 🤷‍♂️",0,0,0,0,1,0,hau,ya bazai hana ba daman tunda baya samun kudin revenue ta gurin su 🤷‍♂️
hau_train_track_a_00168,Allah ka kawomana qarshen wannan bala'in😭😭😭😢😢😢,0,0,1,0,1,0,hau,allah ka kawomana qarshen wannan balain😭😭😭😢😢😢
hau_train_track_a_00169,Amma Kuma mai lalata tarbiya da watsa ingancin macen aure ne!!👌,0,1,0,0,1,0,hau,amma kuma mai lalata tarbiya da watsa ingancin macen aure ne👌
hau_train_track_a_00170,"Magidanci ya zargi matarsa da maita, yace zata kashe shi",0,0,0,0,0,0,hau,magidanci ya zargi matarsa da maita yace zata kashe shi
hau_train_track_a_00171,Matashi ya mutu lokacin da yake lalata da budurwa a otal,0,1,0,0,0,0,hau,matashi ya mutu lokacin da yake lalata da budurwa a otal
hau_train_track_a_00172,"""Mun Rantse Ba Zamu Rabu Ba"" Budurwa Ta Kaiwa Saurayinta Da Ya Haukace Abinci, Bidiyo Ya Kayatar",0,0,0,0,0,1,hau,mun rantse ba zamu rabu ba budurwa ta kaiwa saurayinta da ya haukace abinci bidiyo ya kayatar
hau_train_track_a_00173,Tana kwance dankwalinta sai ga wasu ɓula ɓulan kwarkwata suna ta yawo a tsakar kan,0,1,0,0,0,0,hau,tana kwance dankwalinta sai ga wasu ɓula ɓulan kwarkwata suna ta yawo a tsakar kan
hau_train_track_a_00174,Wannan ba sabgar ki bace tsohuwa dan haka keep ur m*ther f**king mouth🤫,1,0,0,0,0,0,hau,wannan ba sabgar ki bace tsohuwa dan haka keep ur mther fking mouth🤫
hau_train_track_a_00175,aikin banza a banza wawayen mutane yan majalisar kasata wallahì aikin soja guda yafi na duk taronku mi kuke barkatawa talaka a nigeriar kashi cikin dari naku bakuda amfani ga talakawanku wawaye kawai allah shi sakawa talakawa akanku,1,0,0,0,1,0,hau,aikin banza a banza wawayen mutane yan majalisar kasata wallahì aikin soja guda yafi na duk taronku mi kuke barkatawa talaka a nigeriar kashi cikin dari naku bakuda amfani ga talakawanku wawaye kawai allah shi sakawa talakawa akanku
hau_train_track_a_00176,"""Godiya Ta Tabbata Ga Tinubu"": Tsohon IGP Ya Bayyana Yadda Tinubu Ya Masa Wata Babban Alfarma",0,0,0,1,0,0,hau,godiya ta tabbata ga tinubu tsohon igp ya bayyana yadda tinubu ya masa wata babban alfarma
hau_train_track_a_00177,"Amma gaskiyaaa🤔 binciken ya fara xama hauka, kawai sai ta kwanta xuma su ringa harbinta da ke ta xama irinku. Mtsewww",1,0,0,0,0,0,hau,amma gaskiyaaa🤔 binciken ya fara xama hauka kawai sai ta kwanta xuma su ringa harbinta da ke ta xama irinku mtsewww
hau_train_track_a_00178,ashe dai an kusa a daura auren da gaske,0,0,0,0,0,1,hau,ashe dai an kusa a daura auren da gaske
hau_train_track_a_00179,"Boko Haram sun kashe wani ango, sun yi amfani da wayarsa wajen sanar cewa ""ni dan wuta ne""",1,0,1,0,1,0,hau,boko haram sun kashe wani ango sun yi amfani da wayarsa wajen sanar cewa ni dan wuta ne
hau_train_track_a_00180,abun haushi saboda pizza da shawarma sai a wuni ana yawo dake a mota kamar ragon layya da sunan chilling️ ba dai aji,1,0,0,0,0,0,hau,abun haushi saboda pizza da shawarma sai a wuni ana yawo dake a mota kamar ragon layya da sunan chilling️ ba dai aji
hau_train_track_a_00181,Subhanallah! Wai iyayen nashine basuda imani😳 kaji hege.,1,0,0,0,1,1,hau,subhanallah wai iyayen nashine basuda imani😳 kaji hege
hau_train_track_a_00182,"22,40,Allah Ya yi wa Sarkin Nufawan Benin rasuwa",0,0,0,0,1,0,hau,2240allah ya yi wa sarkin nufawan benin rasuwa
hau_train_track_a_00183,An kashe almajiri an kwakule idonsa a Jigawa,0,0,0,0,1,0,hau,an kashe almajiri an kwakule idonsa a jigawa
hau_train_track_a_00184,"Agaskiya Mu yan Nigeria Ana Matukar Raina mana Hankali... Ai koh kirge ake koya mana da wannan Kare-karen yawan masu CORONA a Nigeria, Ai yaci Ace kowa ya mallaki kwalin degree a lisaafin Na kirge...😣😡",1,0,0,0,1,0,hau,agaskiya mu yan nigeria ana matukar raina mana hankali ai koh kirge ake koya mana da wannan karekaren yawan masu corona a nigeria ai yaci ace kowa ya mallaki kwalin degree a lisaafin na kirge😣😡
hau_train_track_a_00185,inda ake son ki daban inda kike so daban 🤔,0,0,0,0,0,1,hau,inda ake son ki daban inda kike so daban 🤔
hau_train_track_a_00186,"Shukakken Bam ya tashi da motar Sojoji, yayi sanadiyar mutuwar hafsan Soja, Abdullahi Alhassan",0,0,1,0,1,0,hau,shukakken bam ya tashi da motar sojoji yayi sanadiyar mutuwar hafsan soja abdullahi alhassan
hau_train_track_a_00187,Kutumar uba! Sai ka ce gwanja 😅,0,0,0,0,0,0,hau,kutumar uba sai ka ce gwanja 😅
hau_train_track_a_00188,Halin taskun da Musulmin Rohingya ke ciki a Bangladesh,0,0,0,0,1,0,hau,halin taskun da musulmin rohingya ke ciki a bangladesh
hau_train_track_a_00189,uhmm lallaima wannan aikin haka 😍😍😍,0,0,0,0,0,1,hau,uhmm lallaima wannan aikin haka 😍😍😍
hau_train_track_a_00190,dan allah ku daina kawo mana irin wadannan labarun haushin shi buharin duk kashe kashe da ake yi a arewa yataba yin wata maganar,1,0,0,0,1,0,hau,dan allah ku daina kawo mana irin wadannan labarun haushin shi buharin duk kashe kashe da ake yi a arewa yataba yin wata maganar
hau_train_track_a_00191,"FG Ta Yi Alkawarin Kakaba Yaren China A Tsangayoyin Jami'o'in Najeriya, Ta Bayyana Alfanun Hakan",0,0,0,1,0,0,hau,fg ta yi alkawarin kakaba yaren china a tsangayoyin jamioin najeriya ta bayyana alfanun hakan
hau_train_track_a_00192,Allah mai iko: Wani Kirista da yake zuwa Masallacin Juma'a yana shiryawa masallata takalmansu sannan yayi musu gadi,0,0,0,0,0,1,hau,allah mai iko wani kirista da yake zuwa masallacin jumaa yana shiryawa masallata takalmansu sannan yayi musu gadi
hau_train_track_a_00193,Babbar Sallah: Farashin tikitin jirgin sama ya ƙaru musamman zuwa jihohin arewa,0,0,0,0,0,0,hau,babbar sallah farashin tikitin jirgin sama ya ƙaru musamman zuwa jihohin arewa
hau_train_track_a_00194,Shugaba Buhari na taya China murnanr cika shekaru 69 da zama gurguzu,0,0,0,1,0,0,hau,shugaba buhari na taya china murnanr cika shekaru 69 da zama gurguzu
hau_train_track_a_00195,Kadan daga cikin aikin wannan Jaaaaaaaaaa😂😂,1,0,0,0,0,0,hau,kadan daga cikin aikin wannan jaaaaaaaaaa😂😂
hau_train_track_a_00196,Ina gaiyatarsu ranan daurin aurena 😂,0,0,0,1,0,0,hau,ina gaiyatarsu ranan daurin aurena 😂
hau_train_track_a_00197,Yaro a zaune dagaje-dagaje da majina a kusa da abinci,0,1,0,0,0,0,hau,yaro a zaune dagajedagaje da majina a kusa da abinci
hau_train_track_a_00198,"Yar musulma ta samu tallafin fasto, mahaifiyarta ta durkusa a coci domin nuna godiya",0,0,0,1,0,1,hau,yar musulma ta samu tallafin fasto mahaifiyarta ta durkusa a coci domin nuna godiya
hau_train_track_a_00199,garin yaya ko dama dan neman baya ne,0,0,0,0,0,1,hau,garin yaya ko dama dan neman baya ne
hau_train_track_a_00200,Daama can wannan bashi da seti 😂,0,0,0,0,0,0,hau,daama can wannan bashi da seti 😂
hau_train_track_a_00201,Hhhhh nidai dadi naji dama duk su mutu😁😁,0,0,0,1,0,0,hau,hhhhh nidai dadi naji dama duk su mutu😁😁
hau_train_track_a_00202,"Majalisa Ta Bukaci Tinubu Ya Dakatar da Turo Kudaden Kananan Hukumomi Kan Dalili 1 Tak, Ta Fusata",1,0,0,0,0,0,hau,majalisa ta bukaci tinubu ya dakatar da turo kudaden kananan hukumomi kan dalili 1 tak ta fusata
hau_train_track_a_00203,BBC ba duwaiwai😜😜,0,0,0,0,0,0,hau,bbc ba duwaiwai😜😜
hau_train_track_a_00204,An shiga Kotu da wani Bawan Allah da ake zargi ya kashe matar sa da hannun sa,0,1,0,0,0,0,hau,an shiga kotu da wani bawan allah da ake zargi ya kashe matar sa da hannun sa
hau_train_track_a_00205,"Kowa anan zai nuna shi he is pure while he isa devil himself wasunku masu zagin anan shahararrun yen iskane wasuma yen luwadi ne wasu kawalai ne kannanku wasu karuwai ne irin shigar dasukeyi ma ya baci sune zuwa party,club amma kunaku ba iskanci sukeba idiots😠😠😠",1,1,0,0,1,0,hau,kowa anan zai nuna shi he is pure while he isa devil himself wasunku masu zagin anan shahararrun yen iskane wasuma yen luwadi ne wasu kawalai ne kannanku wasu karuwai ne irin shigar dasukeyi ma ya baci sune zuwa partyclub amma kunaku ba iskanci sukeba idiots😠😠😠
hau_train_track_a_00206,Wata mata tana wanke kaya wanda suka fara tsustsa,0,1,0,0,0,0,hau,wata mata tana wanke kaya wanda suka fara tsustsa
hau_train_track_a_00207,Yan Najeriya sun san na yi iyakan kokari na kan tsaro - Buhari,0,0,0,0,1,0,hau,yan najeriya sun san na yi iyakan kokari na kan tsaro buhari
hau_train_track_a_00208,allah shi qara nisantar damu daga wannan muguwa cutar,0,0,1,0,0,0,hau,allah shi qara nisantar damu daga wannan muguwa cutar
hau_train_track_a_00209,🤣🤣 Allah karabamu da jahillan shugabanni.,1,0,0,0,1,0,hau,🤣🤣 allah karabamu da jahillan shugabanni
hau_train_track_a_00210,"Ya gama fuffukarsa, tabbas lokaci na zuwa da za'a cire shi daga kujerarsa ta riƙon ƙwarya. In ya yi Sa'a a bashi dagacin Ganduje, ko ya karba ko kar Allah Ya sa ya karba, amma ba zai koma hakimi ba.🤣🤣",0,0,0,0,1,0,hau,ya gama fuffukarsa tabbas lokaci na zuwa da zaa cire shi daga kujerarsa ta riƙon ƙwarya in ya yi saa a bashi dagacin ganduje ko ya karba ko kar allah ya sa ya karba amma ba zai koma hakimi ba🤣🤣
hau_train_track_a_00211,Ji gemun shege....shege dan gidan abun kwari.😾😾,1,1,0,0,0,0,hau,ji gemun shegeshege dan gidan abun kwari😾😾
hau_train_track_a_00212,"Innalillahi Wa’inna Ilaihi Raji’un. Allah Ya Jikan sa da Rahma, Allah Yasa Aljannah Firdaus ce makomar sa. Ameen Yaa Rabbal Alamein. 💔😭",0,0,0,0,1,0,hau,innalillahi wa’inna ilaihi raji’un allah ya jikan sa da rahma allah yasa aljannah firdaus ce makomar sa ameen yaa rabbal alamein 💔😭
hau_train_track_a_00213,Naziru sarkin waka ya yiwa Ladin Cima da Fati Slow kyautan miliyoyi naira,0,0,0,1,0,0,hau,naziru sarkin waka ya yiwa ladin cima da fati slow kyautan miliyoyi naira
hau_train_track_a_00214,Zamu bawa duniya mamaki kuma zamuci Barcelona daren yau ina fatan duniya ta shaida 😎,0,0,0,1,0,0,hau,zamu bawa duniya mamaki kuma zamuci barcelona daren yau ina fatan duniya ta shaida 😎
hau_train_track_a_00215,ae koda an fara dauka ba talaka aciki daga su sai yayan ministoci in sun dawo daga england ko america mu kuma sun kasa biyan malamai albashi saboda ba yayansu a university din nigeria azzalumai,1,0,0,0,1,0,hau,ae koda an fara dauka ba talaka aciki daga su sai yayan ministoci in sun dawo daga england ko america mu kuma sun kasa biyan malamai albashi saboda ba yayansu a university din nigeria azzalumai
hau_train_track_a_00216,Sunan Allah ya bayyana a jikin bishiyar zogale,0,0,0,0,0,1,hau,sunan allah ya bayyana a jikin bishiyar zogale
hau_train_track_a_00217,anya babu lauje cikin nadi kuwa,0,0,0,0,0,1,hau,anya babu lauje cikin nadi kuwa
hau_train_track_a_00218,😁 Hava BBC wanga ai qazantace ina lefin kunemo haroran jikin close up ai sunfi dadin gani hhh 😅😅,0,1,0,0,0,0,hau,😁 hava bbc wanga ai qazantace ina lefin kunemo haroran jikin close up ai sunfi dadin gani hhh 😅😅
hau_train_track_a_00219,IGP Alkali Baba Yayi Umarnin Gaggauta Bincike da Gurfanar da ‘Dan Sandan da ya Halaka Lauya,0,0,0,0,1,0,hau,igp alkali baba yayi umarnin gaggauta bincike da gurfanar da ‘dan sandan da ya halaka lauya
hau_train_track_a_00220,"Daga Baya kenan* """"""""""""""""""""""""""""""""Tusane ya qarewa bodari"""""""""""""""""""""""""""""""" """"""""""""""""""""""""""""""""Kuma babu wata shiga da kunun zaqi zaiyi yabawa koko tsoro"""""""""""""""""""""""""""""""" U can't undo what has happened girl Cuz u created the chance. Emmm sorry bby😟",1,0,0,0,0,0,hau,daga baya kenan tusane ya qarewa bodari kuma babu wata shiga da kunun zaqi zaiyi yabawa koko tsoro u cant undo what has happened girl cuz u created the chance emmm sorry bby😟
hau_train_track_a_00221,Uba ya kashe ɗansa saboda fitsarin kwance,0,1,0,0,1,0,hau,uba ya kashe ɗansa saboda fitsarin kwance
hau_train_track_a_00222,Nabi haraji da gudu 🤣🤣,1,0,0,0,0,0,hau,nabi haraji da gudu 🤣🤣
hau_train_track_a_00223,Mudai a yankin arewacin najeriya illar da cutar cizon sauro take mana yafi Na corona virus 🦠,0,0,0,0,1,0,hau,mudai a yankin arewacin najeriya illar da cutar cizon sauro take mana yafi na corona virus 🦠
hau_train_track_a_00224,Wani irin yaki? Da makami ko dame 🤔?,0,0,0,0,0,1,hau,wani irin yaki da makami ko dame 🤔
hau_train_track_a_00225,shegu tsinannu masu ci da addini kaji fa wai masu hana badala a doran kasa karshe su ake kamawa da matan mutane a hotelallah ya wadaran naka ya lalace️️️,1,0,0,0,0,0,hau,shegu tsinannu masu ci da addini kaji fa wai masu hana badala a doran kasa karshe su ake kamawa da matan mutane a hotelallah ya wadaran naka ya lalace️️️
hau_train_track_a_00226,Masu garkuwa da mutane sun sace Bajamushe a Kano,0,0,1,0,1,0,hau,masu garkuwa da mutane sun sace bajamushe a kano
hau_train_track_a_00227,"Makaryatan banza da wofi! Kudai wlh bakuda kunya, tsiya da talauci ya kare a gindinku 😎",1,0,0,0,0,0,hau,makaryatan banza da wofi kudai wlh bakuda kunya tsiya da talauci ya kare a gindinku 😎
hau_train_track_a_00228,Yadda ‘Dan Majalisar Legas Ya Rasu Wajen Taron Kamfen Bola Tinubu a Garin Jos,0,0,0,0,1,0,hau,yadda ‘dan majalisar legas ya rasu wajen taron kamfen bola tinubu a garin jos
hau_train_track_a_00229,😁😁hhahaha ina tausaya miki randa mulki ya bar hannunku. Karki manta kafin ya yabi ubanki saida ya yabi shekarau kuma shi ya para nuna shi a gwamnati amma da yabar gwamnati bbu irin zagin da beyi mai ba... Balle k da ubanki yapi kowa kayan zagi ..muje zuwa indai rarara ne,1,0,0,0,1,0,hau,😁😁hhahaha ina tausaya miki randa mulki ya bar hannunku karki manta kafin ya yabi ubanki saida ya yabi shekarau kuma shi ya para nuna shi a gwamnati amma da yabar gwamnati bbu irin zagin da beyi mai ba balle k da ubanki yapi kowa kayan zagi muje zuwa indai rarara ne
hau_train_track_a_00230,An yankewa wani mutumi mai coronavirus hukuncin kisa a Saudiyya bayan ya tofa yawu a jikin kofa dan wani ya taba ya dauki cutar,0,1,0,0,0,0,hau,an yankewa wani mutumi mai coronavirus hukuncin kisa a saudiyya bayan ya tofa yawu a jikin kofa dan wani ya taba ya dauki cutar
hau_train_track_a_00231,allah ya jikan sa da rahama allah yasa aljannah ce makomar sa allah ya jadaddah rahama allah gareshi muma idan tamu tazo allah yasa mu cika da kyau imani albarkacin annabi muhammad saw,0,0,0,0,1,0,hau,allah ya jikan sa da rahama allah yasa aljannah ce makomar sa allah ya jadaddah rahama allah gareshi muma idan tamu tazo allah yasa mu cika da kyau imani albarkacin annabi muhammad saw
hau_train_track_a_00232,Hhhhh wallahi Yan darika basajin kunyar karya😂😂,0,0,0,1,0,0,hau,hhhhh wallahi yan darika basajin kunyar karya😂😂
hau_train_track_a_00233,"Babban sarki a Najeriya ya saki matarsa, ya ce ta zama sarauniya mai 'murabus'",0,0,0,0,0,0,hau,babban sarki a najeriya ya saki matarsa ya ce ta zama sarauniya mai murabus
hau_train_track_a_00234,Bikin murnar cika shekara 50 da fara zuwa duniyar wata (7),0,0,0,1,0,0,hau,bikin murnar cika shekara 50 da fara zuwa duniyar wata 7
hau_train_track_a_00235,Toh shima yasan baya Kan gaskiyane ai🤷🏻‍♂️,0,0,0,0,0,0,hau,toh shima yasan baya kan gaskiyane ai🤷🏻‍♂️
hau_train_track_a_00236,🙆‍♂️ Shi kuwa trump me yayi zafi hk?,0,0,0,0,0,1,hau,🙆‍♂️ shi kuwa trump me yayi zafi hk
hau_train_track_a_00237,wai dankali kike nufi,0,0,0,0,0,1,hau,wai dankali kike nufi
hau_train_track_a_00238,"Labari da duminsa: Hotunan mummunan fashewar butalin iskar gas a Legas, ana fargabar wasu sun mutu",0,0,1,0,1,0,hau,labari da duminsa hotunan mummunan fashewar butalin iskar gas a legas ana fargabar wasu sun mutu
hau_train_track_a_00239,Allah ya haskaka kabarinsa yasa aljanna ce makoma👏🙏🙏🙏,0,0,0,0,1,0,hau,allah ya haskaka kabarinsa yasa aljanna ce makoma👏🙏🙏🙏
hau_train_track_a_00240,Chaiiiii Ashe dai ba iya Nageria ake abin mamaki ba 🙆🏻‍♂️🤣🤣🤣,0,0,0,0,0,1,hau,chaiiiii ashe dai ba iya nageria ake abin mamaki ba 🙆🏻‍♂️🤣🤣🤣
hau_train_track_a_00241,Yaro ya tauna busasshen kashi,0,1,0,0,0,0,hau,yaro ya tauna busasshen kashi
hau_train_track_a_00242,Hahhah wannna Stamp duty din Cuta ce kawai wlh..... ai ke sun miki da sauqi ni almost 9k suka cire min 😂😂 wannan ai gwanda a dena free transfer din a dawo tsohon tsari😂😂😂,1,0,0,0,0,0,hau,hahhah wannna stamp duty din cuta ce kawai wlh ai ke sun miki da sauqi ni almost 9k suka cire min 😂😂 wannan ai gwanda a dena free transfer din a dawo tsohon tsari😂😂😂
hau_train_track_a_00243,kenan ke fizaran riyace rahama💔😭😂,0,0,0,0,1,0,hau,kenan ke fizaran riyace rahama💔😭😂
hau_train_track_a_00244,Ni abinda ke kara bani mamaki anan shine....Ance wai namijine yayi recorded din bidiyon....How come she take off her clothes agaban namijin da ba maharramintaba sabo Allah.......? To be honest the guy leaked the clip was wrong 👎🏿 But her careless was 85% in the incident 😭,1,0,0,0,0,1,hau,ni abinda ke kara bani mamaki anan shineance wai namijine yayi recorded din bidiyonhow come she take off her clothes agaban namijin da ba maharramintaba sabo allah to be honest the guy leaked the clip was wrong 👎🏿 but her careless was 85 in the incident 😭
hau_train_track_a_00245,Ranar talauchi kuma?? Allah Ka tsare mu da talauchi Ka kuma yimana katangar larfe da ita. Amiin Ya Allah🤲🤲🤲,0,0,1,0,0,1,hau,ranar talauchi kuma allah ka tsare mu da talauchi ka kuma yimana katangar larfe da ita amiin ya allah🤲🤲🤲
hau_train_track_a_00246,Allah ya kyauta Allah ya kawo mana karshen wan nan masifan🙏🙏🙏,0,0,1,0,1,0,hau,allah ya kyauta allah ya kawo mana karshen wan nan masifan🙏🙏🙏
hau_train_track_a_00247,"Yanzu Yanzu: Yan bindiga sun kashe jigon PDP, sun yi garkuwa da yayansa mata su 3",0,0,1,0,1,0,hau,yanzu yanzu yan bindiga sun kashe jigon pdp sun yi garkuwa da yayansa mata su 3
hau_train_track_a_00248,"Matashi ya tura sakon zagi ga hadimin gwamnan Katsina, ya gamu da fushin 'yan sanda",1,0,0,0,1,0,hau,matashi ya tura sakon zagi ga hadimin gwamnan katsina ya gamu da fushin yan sanda
hau_train_track_a_00249,Abun al'ajabi: Sunan Allah ya fito a cikin kankana,0,0,0,0,0,1,hau,abun alajabi sunan allah ya fito a cikin kankana
hau_train_track_a_00250,kayan da ya sa tsabar dauɗana sun yi bakin ƙirin kamar zunibi,0,1,0,0,0,0,hau,kayan da ya sa tsabar dauɗana sun yi bakin ƙirin kamar zunibi
hau_train_track_a_00251,Kuma dai 😲 Ba'a rabu da Bukar ba kuma an haifi habu,0,0,0,0,0,1,hau,kuma dai 😲 baa rabu da bukar ba kuma an haifi habu
hau_train_track_a_00252,Ashe tana da aiki 😏,0,0,0,0,0,1,hau,ashe tana da aiki 😏
hau_train_track_a_00253,"Gaskiya ni tnda aka haife ban taba ganin shekarar da aka shiga TSANANI ba sama shekarar 2020, dan akwai tarin abubuwa burkitattu kuma rikitattu a cikin ta. Fatan mu shine shekar 2021 ta zamo wadda yan Najeriya zasu dara kuma su samu saukin kuncin rayuwa. Allah yasa mu dace.🙏",0,0,1,0,1,0,hau,gaskiya ni tnda aka haife ban taba ganin shekarar da aka shiga tsanani ba sama shekarar 2020 dan akwai tarin abubuwa burkitattu kuma rikitattu a cikin ta fatan mu shine shekar 2021 ta zamo wadda yan najeriya zasu dara kuma su samu saukin kuncin rayuwa allah yasa mu dace🙏
hau_train_track_a_00254,Jiga-Jigan Siyasa a Gombe Sun Yi Watsi da Matakin Sanata Ɗanjuma Goje a 2023,1,0,0,0,0,0,hau,jigajigan siyasa a gombe sun yi watsi da matakin sanata ɗanjuma goje a 2023
hau_train_track_a_00255,ae zamance baa addinance ba basu da laifin komai tunda sun ga har ƴan maɗigo da luwaɗi suma sun fito fili suna neman a basu ƴanci yin abin da suke so kuma wasu manyan ƙasashe sun nuna suna goyon bayansu,0,0,0,0,0,0,hau,ae zamance baa addinance ba basu da laifin komai tunda sun ga har ƴan maɗigo da luwaɗi suma sun fito fili suna neman a basu ƴanci yin abin da suke so kuma wasu manyan ƙasashe sun nuna suna goyon bayansu
hau_train_track_a_00256,Idan masu sulhun sun tashi suje da Dollars sulhun zaifi yiyuwa ko kuma su bawa gwaggo Dollars din sai ta umarce shi da yabar maganar🤣🤣🤣,0,0,0,0,0,0,hau,idan masu sulhun sun tashi suje da dollars sulhun zaifi yiyuwa ko kuma su bawa gwaggo dollars din sai ta umarce shi da yabar maganar🤣🤣🤣
hau_train_track_a_00257,Ashe dai Matan Ghana basuda kyau🤔,0,1,0,0,0,1,hau,ashe dai matan ghana basuda kyau🤔
hau_train_track_a_00258,Tushen banɗaki ya toshe kuma yana zubar da kashi cikin bandakin.,0,1,0,0,0,0,hau,tushen banɗaki ya toshe kuma yana zubar da kashi cikin bandakin
hau_train_track_a_00259,"2023: Zan nunka rokon Allah don ka samu nasara, Ɗahiru Bauchi ga Osinbajo",0,0,0,0,0,0,hau,2023 zan nunka rokon allah don ka samu nasara ɗahiru bauchi ga osinbajo
hau_train_track_a_00260,allah yajikanshi da rahama yasa aljance makoma ameen,0,0,0,0,1,0,hau,allah yajikanshi da rahama yasa aljance makoma ameen
hau_train_track_a_00261,😂🤣😂🤣😂 Inuwar giginya kenan. Allah yasa mu gama lafiya,0,0,0,0,0,0,hau,😂🤣😂🤣😂 inuwar giginya kenan allah yasa mu gama lafiya
hau_train_track_a_00262,Hotunan Abdulmumin Jubrin da kyakyawar matarsa,0,0,0,1,0,0,hau,hotunan abdulmumin jubrin da kyakyawar matarsa
hau_train_track_a_00263,sheganta kawai aikin banza kawai,1,0,0,0,0,0,hau,sheganta kawai aikin banza kawai
hau_train_track_a_00264,Maman mu tana zuke majina daga hancin Yaro idan yana mura.,0,1,0,0,0,0,hau,maman mu tana zuke majina daga hancin yaro idan yana mura
hau_train_track_a_00265,"Allah ya yi diyata za tayi sanadiyar kubuta na daga hannun yan bindiga, Mahaifin Daya Daga daliban Jangebe",0,0,0,1,1,0,hau,allah ya yi diyata za tayi sanadiyar kubuta na daga hannun yan bindiga mahaifin daya daga daliban jangebe
hau_train_track_a_00266,"Ba mamaki faruwar hakan tsakanin su domin tun nan Nigeria shugaba Buhari yasan bakowane zai bashi kwarin guiwar cigaba da mulkiba musamman talakkawa, duba da irin halinda mu talakkawa muke ciki fargabarmu a nan itace ya sake darewa kaddara ta auku ya mutu yabar da cizon yats😭😭.",1,0,1,0,1,0,hau,ba mamaki faruwar hakan tsakanin su domin tun nan nigeria shugaba buhari yasan bakowane zai bashi kwarin guiwar cigaba da mulkiba musamman talakkawa duba da irin halinda mu talakkawa muke ciki fargabarmu a nan itace ya sake darewa kaddara ta auku ya mutu yabar da cizon yats😭😭
hau_train_track_a_00267,’Yan bindiga sun sake kashe mutum 10 a kauyen Birnin Gwari,0,0,0,0,1,0,hau,’yan bindiga sun sake kashe mutum 10 a kauyen birnin gwari
hau_train_track_a_00268,Gsky ne ina ruwan mu da end sars Secure arewa shine damuwar mu Allah yasa su hankalta🤦‍♂️,1,0,0,0,1,0,hau,gsky ne ina ruwan mu da end sars secure arewa shine damuwar mu allah yasa su hankalta🤦‍♂️
hau_train_track_a_00269,"Alhamdulillah, Masha Allah, muna mika godiya ga yan uwa da Abokan arziki, wanda suka taimaka akan wannan al-amari da ya faru. Allah ya saka da alkhairi, Allah yabar zumunci 🙏❤️ ##URL##",0,0,0,1,0,0,hau,alhamdulillah masha allah muna mika godiya ga yan uwa da abokan arziki wanda suka taimaka akan wannan alamari da ya faru allah ya saka da alkhairi allah yabar zumunci 🙏❤️ url
hau_train_track_a_00270,Kaji yanda bawan Allah Nan Ke Bayani Kai Kace An Nemi Shawararsa🤔🤔,1,0,0,0,0,0,hau,kaji yanda bawan allah nan ke bayani kai kace an nemi shawararsa🤔🤔
hau_train_track_a_00271,Ainahin dalilan da su ka sa na fadi zaben 2015 – Goodluck Jonathan,0,0,0,0,0,0,hau,ainahin dalilan da su ka sa na fadi zaben 2015 – goodluck jonathan
hau_train_track_a_00272,"Duniya kenan: Matashi mai shekaru 35 ya kashe mahaifiyarsa, ya gamu da fushin alkali",1,1,0,0,1,0,hau,duniya kenan matashi mai shekaru 35 ya kashe mahaifiyarsa ya gamu da fushin alkali
hau_train_track_a_00273,Kwado ya fada ruwan Xafi😂,0,0,0,0,0,0,hau,kwado ya fada ruwan xafi😂
hau_train_track_a_00274,👀Babu yanda za'ai jinin yan uwanmu yana malala🩸kuyi tunanin zamu tayaku murnar Democracy Day🤔 Wallahi karyane 😭 #NorthernLivesMatter,1,0,0,0,1,0,hau,👀babu yanda zaai jinin yan uwanmu yana malala🩸kuyi tunanin zamu tayaku murnar democracy day🤔 wallahi karyane 😭 northernlivesmatter
hau_train_track_a_00275,allah ya sa kar ayi kashe mu raba muna fatan saƙon ya isa ga mabuƙata,0,0,1,0,0,0,hau,allah ya sa kar ayi kashe mu raba muna fatan saƙon ya isa ga mabuƙata
hau_train_track_a_00276,"🤣😂Dama inba jaraba irin ta dan Adam ba...kai ba dabba ba amma kana yin abinda dabbobi keyi waikuma nan kai mai hankali ne,Ni naga auren da ya mutu wai saboda mijin bai sa bakin a al'aurarta matar,acewar matar """"""""""""""""""""""""""""""""ya bana kyamarsa shikuma yana kyamata""""""""""""""""""""""""""""""""?mane irin masifane haka???",1,1,0,0,0,0,hau,🤣😂dama inba jaraba irin ta dan adam bakai ba dabba ba amma kana yin abinda dabbobi keyi waikuma nan kai mai hankali neni naga auren da ya mutu wai saboda mijin bai sa bakin a alaurarta mataracewar matar ya bana kyamarsa shikuma yana kyamatamane irin masifane haka
hau_train_track_a_00277,Ali Nuhu da jerin fitattun jarumai da su ka taya Buhari murna,0,0,0,1,0,0,hau,ali nuhu da jerin fitattun jarumai da su ka taya buhari murna
hau_train_track_a_00278,to ko yaushe zata gayyaci baba ganduje,0,0,0,0,0,1,hau,to ko yaushe zata gayyaci baba ganduje
hau_train_track_a_00279,Yar gidan cabal jairar yarinya marar kunya 😏,0,1,0,0,0,0,hau,yar gidan cabal jairar yarinya marar kunya 😏
hau_train_track_a_00280,Allah gwanin kyauta a lokacin da ya so: Wata mata mai shekaru 70 ta haifi danta na fari,0,0,0,1,0,1,hau,allah gwanin kyauta a lokacin da ya so wata mata mai shekaru 70 ta haifi danta na fari
hau_train_track_a_00281,"Allah yakawo mana karshen masifan nan, ameen 🙏",0,0,1,0,1,0,hau,allah yakawo mana karshen masifan nan ameen 🙏
hau_train_track_a_00282,Allah Ya Yafe Miki: Magidanci Ya Yi Wa Budurwa Martani Bayan Ta Roke Shi Ya Zama 'Sugar Daddy' Dinta,0,0,0,0,1,0,hau,allah ya yafe miki magidanci ya yi wa budurwa martani bayan ta roke shi ya zama sugar daddy dinta
hau_train_track_a_00283,"Da duminsa: Allah Yayi wa Jigon APC kuma 'Dan Takarar Kujerar Sanata, Rasuwa",0,0,0,0,1,0,hau,da duminsa allah yayi wa jigon apc kuma dan takarar kujerar sanata rasuwa
hau_train_track_a_00284,Jami’an Hisbah Sun Kama Mata Masu Yawan Gaske Saboda Kwankwadar Barasa Da Karuwanci A Wata Jihar Arewa,0,0,0,0,0,0,hau,jami’an hisbah sun kama mata masu yawan gaske saboda kwankwadar barasa da karuwanci a wata jihar arewa
hau_train_track_a_00285,"Yan bindiga sun kaddamar da hari a jahar Neja, sun halaka mutane 8",0,0,1,0,1,0,hau,yan bindiga sun kaddamar da hari a jahar neja sun halaka mutane 8
hau_train_track_a_00286,Fashewar gas ta jefa garin Ilorin cikin zullumi,0,0,1,0,0,0,hau,fashewar gas ta jefa garin ilorin cikin zullumi
hau_train_track_a_00287,Allah wadae d aekin zalunci na siyasa😏,1,0,0,0,0,0,hau,allah wadae d aekin zalunci na siyasa😏
hau_train_track_a_00288,Ambaliyan ruwa ya karya gadar da ta shiga tsakanin jahar Adamawa da Boko Haram,0,0,0,0,0,0,hau,ambaliyan ruwa ya karya gadar da ta shiga tsakanin jahar adamawa da boko haram
hau_train_track_a_00289,Ka fada wa jama'a malaman da ke son kudi ko ka rufe mana baki - Fasto ya caccaki El-Rufai,1,0,0,0,0,0,hau,ka fada wa jamaa malaman da ke son kudi ko ka rufe mana baki fasto ya caccaki elrufai
hau_train_track_a_00290,masu manufa mai kyau ba irin su oo ba iyayen baragada😨,1,0,0,0,0,0,hau,masu manufa mai kyau ba irin su oo ba iyayen baragada😨
hau_train_track_a_00291,Yanzu-yanzu: Allah ya yi wa Sanata Adebayo Salami rasuwa,0,0,0,0,1,0,hau,yanzuyanzu allah ya yi wa sanata adebayo salami rasuwa
hau_train_track_a_00292,Samari sun hada daba suna shaye shaye duk sun bata wurin da karan sigari,0,1,0,0,0,0,hau,samari sun hada daba suna shaye shaye duk sun bata wurin da karan sigari
hau_train_track_a_00293,"Allah ya yiwa babban Malamin addini, Sheikh Saleh Al-Luhaidan, rasuwa",0,0,0,0,1,0,hau,allah ya yiwa babban malamin addini sheikh saleh alluhaidan rasuwa
hau_train_track_a_00294,dan kasuwa ya boye almajiri tsawon wata 2 yana lalata da shi a Suleja,0,1,0,0,0,0,hau,dan kasuwa ya boye almajiri tsawon wata 2 yana lalata da shi a suleja
hau_train_track_a_00295,"An kama wata mahaukaciya da ke bara dauke da N200,000 a Anambra",0,0,0,0,0,1,hau,an kama wata mahaukaciya da ke bara dauke da n200000 a anambra
hau_train_track_a_00296,Toh mizamu Qarudashi Acikin tarihinnasa🤔🤔🤔,0,0,0,0,0,1,hau,toh mizamu qarudashi acikin tarihinnasa🤔🤔🤔
hau_train_track_a_00297,pls kuna yada labaran qarya dayawa wlh a wace kasuwar naira tai muguwar faduwa yau kuji tsoron Allah 😷,1,0,0,0,1,0,hau,pls kuna yada labaran qarya dayawa wlh a wace kasuwar naira tai muguwar faduwa yau kuji tsoron allah 😷
hau_train_track_a_00298,An kashe matashi an binne shi a dakinsa,0,0,0,0,1,0,hau,an kashe matashi an binne shi a dakinsa
hau_train_track_a_00299,Wani Mutum ya saki matarsa bayan tayi yunkurin kashe kanta,0,0,0,0,1,1,hau,wani mutum ya saki matarsa bayan tayi yunkurin kashe kanta
hau_train_track_a_00300,Yaro yana shan ruwan da bera ya mutu a ciki,0,1,0,0,0,0,hau,yaro yana shan ruwan da bera ya mutu a ciki
hau_train_track_a_00301,Labarin tada hankali bbc mungaji haka🤫🤫🤫,0,0,0,0,0,0,hau,labarin tada hankali bbc mungaji haka🤫🤫🤫
hau_train_track_a_00302,"Allah ya tsinewa kalaman garba shehu makaryaci wawa marassa kisin yankinsu , idan hakane meyasa akanemi kuri'ar su a 2015 da kuma 2019 ?, wlh Allah wadai da kai DA buhari Allah , ya isa kuncin Amanar mu wlh zakuga karshinku,😭",1,0,0,0,0,0,hau,allah ya tsinewa kalaman garba shehu makaryaci wawa marassa kisin yankinsu idan hakane meyasa akanemi kuriar su a 2015 da kuma 2019 wlh allah wadai da kai da buhari allah ya isa kuncin amanar mu wlh zakuga karshinku😭
hau_train_track_a_00303,Shi sugaban kasa vaima kamata ya fadi hakaba don koshi yayi fita kasar waje shan magani 🤣 🤣,1,0,0,0,0,0,hau,shi sugaban kasa vaima kamata ya fadi hakaba don koshi yayi fita kasar waje shan magani 🤣 🤣
hau_train_track_a_00304,Sun tara bola a kan titi wurin se wari yake kudaje suna bi,0,1,0,0,0,0,hau,sun tara bola a kan titi wurin se wari yake kudaje suna bi
hau_train_track_a_00305,toh allah ubangiji ya kawo mana karshen wan nan fitintinun ya allah ka tausaya mana don rahamar ka,0,0,1,0,0,0,hau,toh allah ubangiji ya kawo mana karshen wan nan fitintinun ya allah ka tausaya mana don rahamar ka
hau_train_track_a_00306,idan ba tsoroba yayi irin ta buhari ya kira zangazangar lumana,0,0,0,0,0,0,hau,idan ba tsoroba yayi irin ta buhari ya kira zangazangar lumana
hau_train_track_a_00307,Yan Bindiga Sun Kashe Hadimin Shugaban Karamar Hukuma a Legas,0,0,0,0,1,0,hau,yan bindiga sun kashe hadimin shugaban karamar hukuma a legas
hau_train_track_a_00308,Hangen nasara: Magoya bayan PDP sun fara rera waka suna tikar rawar murna,0,0,0,1,0,0,hau,hangen nasara magoya bayan pdp sun fara rera waka suna tikar rawar murna
hau_train_track_a_00309,"Abun ma sai gaba-gaba yake, Allah ya kare.😡",0,0,1,0,1,0,hau,abun ma sai gabagaba yake allah ya kare😡
hau_train_track_a_00310,💞 ALLAH 💞 yay mana maganin wannan musiba,0,0,0,0,1,0,hau,💞 allah 💞 yay mana maganin wannan musiba
hau_train_track_a_00311,yajin aikin cin abinci kuma,0,0,0,0,0,1,hau,yajin aikin cin abinci kuma
hau_train_track_a_00312,"Korona: Mutane 184 sun karu a Najeriya, Jigawa, Bauchi da Katsina sun biyo bayan Legas",0,0,1,0,0,0,hau,korona mutane 184 sun karu a najeriya jigawa bauchi da katsina sun biyo bayan legas
hau_train_track_a_00313,Suna takura masa fa🤣,0,0,0,0,1,0,hau,suna takura masa fa🤣
hau_train_track_a_00314,"Naga kowa saya kawai yake, manya da yara 😂",0,0,0,0,0,1,hau,naga kowa saya kawai yake manya da yara 😂
hau_train_track_a_00315,Kwalara ta kashe 20 wasu 322 sun harbu a Bauchi,0,0,1,0,1,0,hau,kwalara ta kashe 20 wasu 322 sun harbu a bauchi
hau_train_track_a_00316,Dalilin da nake neman na kaina duk da arzikin mahaifina —Yayar Davido,0,0,0,0,0,0,hau,dalilin da nake neman na kaina duk da arzikin mahaifina —yayar davido
hau_train_track_a_00317,Karnuka na cin mushen akuya,0,1,0,0,0,0,hau,karnuka na cin mushen akuya
hau_train_track_a_00318,Tsohuwa mai Shekaru 90 ta Kammala Digiri Bayan Shekaru 71 da Shiga Jami’a,0,0,0,1,0,1,hau,tsohuwa mai shekaru 90 ta kammala digiri bayan shekaru 71 da shiga jami’a
hau_train_track_a_00319,muna taya mutanen garin farin ciki,0,0,0,1,0,0,hau,muna taya mutanen garin farin ciki
hau_train_track_a_00320,Haiwuwan farko horon gindi 😂... Ngla... Muje zuwa mahaukaci ya hau kura,0,0,0,0,0,0,hau,haiwuwan farko horon gindi 😂 ngla muje zuwa mahaukaci ya hau kura
hau_train_track_a_00321,Dan Allah bbc abinda yadace yakamata a dunga fada 🙏🏽,0,0,0,0,0,0,hau,dan allah bbc abinda yadace yakamata a dunga fada 🙏🏽
hau_train_track_a_00322,toh farrrr ita kuma wannan ta ina deexel yaxama bro din ta,0,0,0,0,0,1,hau,toh farrrr ita kuma wannan ta ina deexel yaxama bro din ta
hau_train_track_a_00323,Yana da kyau a yi bikin murnar haihuwa Annabi Isa – Sheikh Abduljabbar Kabara,0,0,0,1,0,0,hau,yana da kyau a yi bikin murnar haihuwa annabi isa – sheikh abduljabbar kabara
hau_train_track_a_00324,karyan banxa kenan,1,0,0,0,0,0,hau,karyan banxa kenan
hau_train_track_a_00325,Matsalar wiwi kenan pha inji ubanwa yace umurnin Buhari ne 😏,1,0,0,0,0,0,hau,matsalar wiwi kenan pha inji ubanwa yace umurnin buhari ne 😏
hau_train_track_a_00326,Me Yasa Kake Kwapsawa Don Girman Allah 😭😭,0,0,0,0,1,0,hau,me yasa kake kwapsawa don girman allah 😭😭
hau_train_track_a_00327,"""Allah Ya Kaddara Tinubu Zama Shugaban Kasa"": Oba Na Benin Ya Aika da Muhimmin Sako Ga Yan Najeriya",0,0,0,0,0,0,hau,allah ya kaddara tinubu zama shugaban kasa oba na benin ya aika da muhimmin sako ga yan najeriya
hau_train_track_a_00328,Ruwan ya gurbace da fıtsari da kashin mutane,0,1,0,0,0,0,hau,ruwan ya gurbace da fıtsari da kashin mutane
hau_train_track_a_00329,Allah ya kara kawo muna saukin wannan musiba 🤲,0,0,1,0,1,0,hau,allah ya kara kawo muna saukin wannan musiba 🤲
hau_train_track_a_00330,Kikace kin daina Sa dan kwali😁😁,0,0,0,0,0,1,hau,kikace kin daina sa dan kwali😁😁
hau_train_track_a_00331,Allah ya yiwa mahaifiyar Sheikh Dr Bashir Aliyu Umar AlFurqan rasuwa,0,0,0,0,1,0,hau,allah ya yiwa mahaifiyar sheikh dr bashir aliyu umar alfurqan rasuwa
hau_train_track_a_00332,Kiristocin Arewacin Najeriya sun yi wa Kabiru Turaki mubaya’a,0,0,0,1,0,0,hau,kiristocin arewacin najeriya sun yi wa kabiru turaki mubaya’a
hau_train_track_a_00333,"Subhanallah ya Allah ka kawo mana karshen wadannan masifu,Astaghfirullah wa'atubu ilaik🤲",0,0,1,0,1,0,hau,subhanallah ya allah ka kawo mana karshen wadannan masifuastaghfirullah waatubu ilaik🤲
hau_train_track_a_00334,Kaga garinda suka maida karuwanci sana’a 😂🤣🤣,0,0,0,0,0,1,hau,kaga garinda suka maida karuwanci sana’a 😂🤣🤣
hau_train_track_a_00335,Ya tara kayan wanki a daki se bashi suke suna tsami,0,1,0,0,0,0,hau,ya tara kayan wanki a daki se bashi suke suna tsami
hau_train_track_a_00336,Matsalar shaye-shaye 'yan mata da samari a arewa ta kai Innaa-Lillahi,0,0,1,0,1,0,hau,matsalar shayeshaye yan mata da samari a arewa ta kai innaalillahi
hau_train_track_a_00337,allah ya kawo mana ƙarshen wannan cuta a duniya baki ɗaya,0,0,1,0,0,0,hau,allah ya kawo mana ƙarshen wannan cuta a duniya baki ɗaya
hau_train_track_a_00338,kude jakunane kawai shine yasaka bakwa fashimta,1,1,0,0,0,0,hau,kude jakunane kawai shine yasaka bakwa fashimta
hau_train_track_a_00339,"Sabon hari: 'Yan bindiga sun sake kai hari jihar Neja, sun sace mutane sama da 40",0,0,1,0,1,0,hau,sabon hari yan bindiga sun sake kai hari jihar neja sun sace mutane sama da 40
hau_train_track_a_00340,"Dandalin Kannywood: Allah yayi wa fitaccen dan fim din Hausa, waragis rasuwa",0,0,0,0,1,0,hau,dandalin kannywood allah yayi wa fitaccen dan fim din hausa waragis rasuwa
hau_train_track_a_00341,Mummunan kisa: Uwargida ta tuntsuro Maigidanta daga gidan sama a jahar Kano,0,1,0,0,1,0,hau,mummunan kisa uwargida ta tuntsuro maigidanta daga gidan sama a jahar kano
hau_train_track_a_00342,Abin haushin na da yawa😞,1,0,0,0,0,0,hau,abin haushin na da yawa😞
hau_train_track_a_00343,Lalle zamu baka mamaki yau 😂😂🤣🤣,0,0,0,0,0,0,hau,lalle zamu baka mamaki yau 😂😂🤣🤣
hau_train_track_a_00344,"Na Kashe Mutane Sama Da 15 A Katsina Amma Ina Neman Afuwa, Ɗan Ta'adda Mai Shekaru 28 Da Dubunsa Ta Cika",0,0,0,0,1,0,hau,na kashe mutane sama da 15 a katsina amma ina neman afuwa ɗan taadda mai shekaru 28 da dubunsa ta cika
hau_train_track_a_00345,tab Allah shi wadaran naka ya lalace! 😂,0,0,0,0,1,0,hau,tab allah shi wadaran naka ya lalace 😂
hau_train_track_a_00346,Abin da ya hada ni da Adam A. Zango —Ummi Rahab,0,0,0,0,0,0,hau,abin da ya hada ni da adam a zango —ummi rahab
hau_train_track_a_00347,Kungiyar matasan Arewa ta yi Allah wadai da kiran a saki Sowore,1,0,0,0,0,0,hau,kungiyar matasan arewa ta yi allah wadai da kiran a saki sowore
hau_train_track_a_00348,Bayan 'sa hannun' Ganduje: Jerin kananan hukumomin dake karkashin masarautun Kano 5,0,0,0,0,0,0,hau,bayan sa hannun ganduje jerin kananan hukumomin dake karkashin masarautun kano 5
hau_train_track_a_00349,to daman baa gama waec ba,0,0,0,0,0,1,hau,to daman baa gama waec ba
hau_train_track_a_00350,Sun ci mushen akuya me wari a bikin kirisimeti,0,1,0,0,0,0,hau,sun ci mushen akuya me wari a bikin kirisimeti
hau_train_track_a_00351,Kyakkyawan bikin Halima Buhari a 2012,0,0,0,1,0,0,hau,kyakkyawan bikin halima buhari a 2012
hau_train_track_a_00352,allah ya walakanta su kafiran banza,1,0,0,0,0,0,hau,allah ya walakanta su kafiran banza
hau_train_track_a_00353,"Yo Sau Nawa suke fadar wannan maganar? Haka Ankayi Sakkwato komai yayi shiru, To Shin Kaka harkagga take ta sakkwato Koko itama ta wuce kamar sauran?😂😂",0,0,0,0,0,1,hau,yo sau nawa suke fadar wannan maganar haka ankayi sakkwato komai yayi shiru to shin kaka harkagga take ta sakkwato koko itama ta wuce kamar sauran😂😂
hau_train_track_a_00354,Ana zargin wani maigadi da yin lalata da mata ‘yan firamare 54,0,1,0,0,0,0,hau,ana zargin wani maigadi da yin lalata da mata ‘yan firamare 54
hau_train_track_a_00355,"Barawon tukunyar farfesun nama ya gamu da fushin kotu, ya sha bulalai!",1,0,0,0,0,0,hau,barawon tukunyar farfesun nama ya gamu da fushin kotu ya sha bulalai
hau_train_track_a_00356,Wannan tsohon nikam wai meh neh damuwar sa yin karya neh! Fisabillahi 🤔🤨😐,1,0,0,0,1,0,hau,wannan tsohon nikam wai meh neh damuwar sa yin karya neh fisabillahi 🤔🤨😐
hau_train_track_a_00357,Ya gamu da yan uwansa aljanu ai😂😂,0,0,0,1,0,0,hau,ya gamu da yan uwansa aljanu ai😂😂
hau_train_track_a_00358,Hukumar Hisbah a Kano ta lalata manyan tireloli 30 da aka cika da barasa,0,0,0,1,0,0,hau,hukumar hisbah a kano ta lalata manyan tireloli 30 da aka cika da barasa
hau_train_track_a_00359,"Sheikh Bello Yabo ya yi addu'ar Allah yasa a sace Buhari, El-Rufai da Garba Shehu",1,0,0,0,0,0,hau,sheikh bello yabo ya yi adduar allah yasa a sace buhari elrufai da garba shehu
hau_train_track_a_00360,Tarihin Mai martaba Sarkin Zazzau Alhaji Shehu Idris,0,0,0,0,0,0,hau,tarihin mai martaba sarkin zazzau alhaji shehu idris
hau_train_track_a_00361,allah ya kyauta allah ubangiji ya karemu,0,0,1,0,0,0,hau,allah ya kyauta allah ubangiji ya karemu
hau_train_track_a_00362,"Motar 'yan kungiyar Lobi stars ta yi gobara, wasu 'yan wasa sun jikkata",0,0,1,0,1,0,hau,motar yan kungiyar lobi stars ta yi gobara wasu yan wasa sun jikkata
hau_train_track_a_00363,"“Allah Ya Ba Ku Ikon Sauke Nauyi”, Tinubu Ya Taya Diri, Ododo, Uzodimma Murna",0,0,0,1,0,0,hau,“allah ya ba ku ikon sauke nauyi” tinubu ya taya diri ododo uzodimma murna
hau_train_track_a_00364,"Ahmad Gumi: Hakurin Gwamnatin Tarayya Ya Kare, Ta Dauki Mataki Kan Malamin Musulunci",1,0,0,0,0,0,hau,ahmad gumi hakurin gwamnatin tarayya ya kare ta dauki mataki kan malamin musulunci
hau_train_track_a_00365,Kenan duk taron yuyuyu ne a gidan da basu kula ba 😂😂😂,0,0,0,1,0,0,hau,kenan duk taron yuyuyu ne a gidan da basu kula ba 😂😂😂
hau_train_track_a_00366,"Bola Tinubu Ya Hadu da Sarakuna, Yayi Masu Godiya Amma Ya Roki Taimako 1",0,0,0,1,0,0,hau,bola tinubu ya hadu da sarakuna yayi masu godiya amma ya roki taimako 1
hau_train_track_a_00367,"Buhari Bai Taɓuka Komai Ba, Bai San Makamar Aiki Ba, Sanata Rufa'i Hanga",1,0,0,0,0,0,hau,buhari bai taɓuka komai ba bai san makamar aiki ba sanata rufai hanga
hau_train_track_a_00368,Yaran yayi kashi a cikin dakin duk yabata bangon dakin,0,1,0,0,0,0,hau,yaran yayi kashi a cikin dakin duk yabata bangon dakin
hau_train_track_a_00369,Ke dan gidanku👊 bakasan yiwa mutane Reply ko🙄 @<username>,1,0,0,0,0,0,hau,ke dan gidanku👊 bakasan yiwa mutane reply ko🙄 username
hau_train_track_a_00370,Yaro da kashi a jikin sa yana yawo,0,1,0,0,0,0,hau,yaro da kashi a jikin sa yana yawo
hau_train_track_a_00371,tappp ba zasu daina ba knan,0,0,0,0,0,1,hau,tappp ba zasu daina ba knan
hau_train_track_a_00372,"Guguwar iska ta rusa gidaje 1,000 a Kebbi da Zamfara",0,0,1,0,1,0,hau,guguwar iska ta rusa gidaje 1000 a kebbi da zamfara
hau_train_track_a_00373,Alheri gadon barci: Attajiri ya fara rabon kayan Sallah ga gajiyayyu da talakawa a Sakkwato,0,0,0,1,0,0,hau,alheri gadon barci attajiri ya fara rabon kayan sallah ga gajiyayyu da talakawa a sakkwato
hau_train_track_a_00374,Allah ka kawo karshen tashin hankalin nan😩🙏🏾,0,0,1,0,0,0,hau,allah ka kawo karshen tashin hankalin nan😩🙏🏾
hau_train_track_a_00375,wai har yanzu lokacin shan ruwa baiyyi ba ne,0,0,0,0,0,1,hau,wai har yanzu lokacin shan ruwa baiyyi ba ne
hau_train_track_a_00376,"Ku yi rayuwa mai kyau, ko za ku samu makoma kyau - Obasanjo ya shawarci 'yan Najeriya",0,0,0,0,0,0,hau,ku yi rayuwa mai kyau ko za ku samu makoma kyau obasanjo ya shawarci yan najeriya
hau_train_track_a_00377,"Ashe ba iya mu yake yaudara ba har da matarsa , toh kishiya xaiyo maki kike wage baki 😁😁😁",0,0,0,0,0,1,hau,ashe ba iya mu yake yaudara ba har da matarsa toh kishiya xaiyo maki kike wage baki 😁😁😁
hau_train_track_a_00378,Sojoji 37 aka kashe a harin hanyar Maiduguri zuwa Damboa - Majiyoyi,0,0,1,0,1,0,hau,sojoji 37 aka kashe a harin hanyar maiduguri zuwa damboa majiyoyi
hau_train_track_a_00379,"Goron Juma'a: Auren Jari Hujja, Tare da Sheikh Aminu Ibrahim Daurawa",0,0,0,0,0,0,hau,goron jumaa auren jari hujja tare da sheikh aminu ibrahim daurawa
hau_train_track_a_00380,Ta. Wannan katabbata kazami n Shekara biyar ba kwana biyar bane.... Anyakuwa likitane da gaske??? Amma wannan hoton na shekara biyar da suka gabata ne ko? Don nasan kazamin yanxu ko Mubarak black yafishi haske 🚶🚶🚶🚶,0,1,0,0,0,1,hau,ta wannan katabbata kazami n shekara biyar ba kwana biyar bane anyakuwa likitane da gaske amma wannan hoton na shekara biyar da suka gabata ne ko don nasan kazamin yanxu ko mubarak black yafishi haske 🚶🚶🚶🚶
hau_train_track_a_00381,Ya lashe aman da ya yi,0,1,0,0,0,0,hau,ya lashe aman da ya yi
hau_train_track_a_00382,Allah ya kawo mana sauki wannan al amari Ameen ya Allah 🙏🙏🙏,0,0,1,0,1,0,hau,allah ya kawo mana sauki wannan al amari ameen ya allah 🙏🙏🙏
hau_train_track_a_00383,Gida bai koshi ba: Manyan ayyuka 69 Buhari ke malalawa a kudancin Najeriya,0,0,0,0,1,0,hau,gida bai koshi ba manyan ayyuka 69 buhari ke malalawa a kudancin najeriya
hau_train_track_a_00384,hajiya rahama mu fa bamu gane emojin nan naki ba fa kodai,0,0,0,0,0,1,hau,hajiya rahama mu fa bamu gane emojin nan naki ba fa kodai
hau_train_track_a_00385,1)idan fitsari banzane kaza tayi😀 2)Kallom hadarin kaji😀 Tabb wllh na manta ragowa😀😀🙈🙈,0,0,0,0,0,0,hau,1idan fitsari banzane kaza tayi😀 2kallom hadarin kaji😀 tabb wllh na manta ragowa😀😀🙈🙈
hau_train_track_a_00386,allah ya kawo muna karshen wannan taaddanci a nigeria amin,0,0,1,0,1,0,hau,allah ya kawo muna karshen wannan taaddanci a nigeria amin
hau_train_track_a_00387,"Son hada kan Najeriya na saka ni hauka, Okorocha ya nuna damuwarsa kan Najeriya",0,0,0,0,1,0,hau,son hada kan najeriya na saka ni hauka okorocha ya nuna damuwarsa kan najeriya
hau_train_track_a_00388,kai wallahi naji dadi sosai wallahi cant wait to see dear allah yakara ilimi da basira ameen,0,0,0,1,0,0,hau,kai wallahi naji dadi sosai wallahi cant wait to see dear allah yakara ilimi da basira ameen
hau_train_track_a_00389,Wata sabuwa trump fa yana so yayi inconclusive🤣🤣,0,0,0,0,0,1,hau,wata sabuwa trump fa yana so yayi inconclusive🤣🤣
hau_train_track_a_00390,Matar da ta rubuta jarrabawa awanni kadan bayan ta haihu ta fita da sakamako mai kyau,0,0,0,1,0,1,hau,matar da ta rubuta jarrabawa awanni kadan bayan ta haihu ta fita da sakamako mai kyau
hau_train_track_a_00391,Tirkash🤔 to Allah sa Mahamat yafi karfin zuciyarsa enba hakabaaaa.....Hmm,0,0,0,0,0,1,hau,tirkash🤔 to allah sa mahamat yafi karfin zuciyarsa enba hakabaaaahmm
hau_train_track_a_00392,Yaron ya yi Amai a rigar Babansa.,0,1,0,0,0,0,hau,yaron ya yi amai a rigar babansa
hau_train_track_a_00393,first lady kuma yau kan garba shehu ta dira kenan,0,0,0,0,0,0,hau,first lady kuma yau kan garba shehu ta dira kenan
hau_train_track_a_00394,Rahma kina burgeni wllh kuma inason films dinki burina Inganki ido da ido zanyi murna sosai💃💃,0,0,0,1,0,0,hau,rahma kina burgeni wllh kuma inason films dinki burina inganki ido da ido zanyi murna sosai💃💃
hau_train_track_a_00395,Ina jin mutuwa zanyi - 'Yar aiki a kasar Saudiyya ta bayyana yadda ubangidanta yake cin zarafinta a wani bidiyo,0,0,0,0,1,0,hau,ina jin mutuwa zanyi yar aiki a kasar saudiyya ta bayyana yadda ubangidanta yake cin zarafinta a wani bidiyo
hau_train_track_a_00396,Lalle wannan kurtun dan iskane wato har yasamu daman posting da wayarta. 🤔🤔🤔🤔,1,0,0,0,0,0,hau,lalle wannan kurtun dan iskane wato har yasamu daman posting da wayarta 🤔🤔🤔🤔
hau_train_track_a_00397,"Tsakanin Mu da ke Sai Allah ya Isa kawai,Dun da baki Saka Wa ennan Hotunan ba, tun farko, da hakan Bata Faru ba, kuma Ma Kukan Me Zaki Zo nan kinayi, me Yasa Bakiyi tunani, tun Kafin ki Saka su ba, A dole ke kin waye, ke ga Celebrity, A zindir Allah ya isar mana Wlh 😢😢",1,1,0,0,0,0,hau,tsakanin mu da ke sai allah ya isa kawaidun da baki saka wa ennan hotunan ba tun farko da hakan bata faru ba kuma ma kukan me zaki zo nan kinayi me yasa bakiyi tunani tun kafin ki saka su ba a dole ke kin waye ke ga celebrity a zindir allah ya isar mana wlh 😢😢
hau_train_track_a_00398,Kasuwarmu ta samu bunkasar tattalin arziki sosai – Alhaji Abdallah,0,0,0,1,0,0,hau,kasuwarmu ta samu bunkasar tattalin arziki sosai – alhaji abdallah
hau_train_track_a_00399,"Dan takarar gwamnan PDP ya amince da shan kaye, ya taya Soludo murna",0,0,0,0,0,0,hau,dan takarar gwamnan pdp ya amince da shan kaye ya taya soludo murna
hau_train_track_a_00400,"Don Allah, don soyayyar ma'aiki Sallallahu Alaihi Wa Sallam mu taimaka kan wannan yarinya",0,0,0,0,1,0,hau,don allah don soyayyar maaiki sallallahu alaihi wa sallam mu taimaka kan wannan yarinya
hau_train_track_a_00401,‘Don taya Fintiri murnar cin zabe muke tattaki daga Kaduna zuwa Yola’,0,0,0,1,0,0,hau,‘don taya fintiri murnar cin zabe muke tattaki daga kaduna zuwa yola’
hau_train_track_a_00402,Wlh hemunci uwarsu 😡😡,1,0,0,0,0,0,hau,wlh hemunci uwarsu 😡😡
hau_train_track_a_00403,Musulunci addini ne mai matukar rinjaye shine yasa mutanen duniya suka tsane shi - Karen Armstrong,0,0,0,0,0,0,hau,musulunci addini ne mai matukar rinjaye shine yasa mutanen duniya suka tsane shi karen armstrong
hau_train_track_a_00404,"Alheri danko: Wata kungiyar musulunci ta kawo alheri Kaduna, ta yi aikin jinyar ido kyauta",0,0,0,1,0,0,hau,alheri danko wata kungiyar musulunci ta kawo alheri kaduna ta yi aikin jinyar ido kyauta
hau_train_track_a_00405,"Lol uhmm, ama ba a irin wurinki baaa,😉😉😉",0,0,0,0,0,0,hau,lol uhmm ama ba a irin wurinki baaa😉😉😉
hau_train_track_a_00406,🤣🤣🤣 wae dan Allah ina ruwan ku,1,0,0,0,0,0,hau,🤣🤣🤣 wae dan allah ina ruwan ku
hau_train_track_a_00407,"Allahu Akbar: Yadda tsawa ta faɗa Taraba, ta kashe ƴan gida ɗaya su 3",0,0,0,0,1,0,hau,allahu akbar yadda tsawa ta faɗa taraba ta kashe ƴan gida ɗaya su 3
hau_train_track_a_00408,Bazata Iya ba fah malam kawai dai fada take 😀😀😀,0,0,0,0,0,0,hau,bazata iya ba fah malam kawai dai fada take 😀😀😀
hau_train_track_a_00409,"Yayi ta banzar , abin daya kamata yayi ne dashi da duk wasu musulmin yan kwallon kafa, amma sun kasa, anyi mishi kuma wai zai kai kara..kaji shashasha😒",1,0,0,0,0,0,hau,yayi ta banzar abin daya kamata yayi ne dashi da duk wasu musulmin yan kwallon kafa amma sun kasa anyi mishi kuma wai zai kai karakaji shashasha😒
hau_train_track_a_00410,‘Yan Hisbah sun kama litoci fiye da 2000 na burkutu da kwalaben giya 96 a Jigawa,0,0,0,0,0,1,hau,‘yan hisbah sun kama litoci fiye da 2000 na burkutu da kwalaben giya 96 a jigawa
hau_train_track_a_00411,ashe Tanko na tsoron Corona virus🤣,0,0,0,0,0,0,hau,ashe tanko na tsoron corona virus🤣
hau_train_track_a_00412,Ma'aurata na cin naman kwaɗo,0,1,0,0,0,0,hau,maaurata na cin naman kwaɗo
hau_train_track_a_00413,Allah ka karemu katsaremu da wannan cutar🙏,0,0,1,0,0,0,hau,allah ka karemu katsaremu da wannan cutar🙏
hau_train_track_a_00414,Akwai 'yan ta'adda a cikinta👍👍,0,0,1,0,0,0,hau,akwai yan taadda a cikinta👍👍
hau_train_track_a_00415,"Toh fa Allah ya kyauta, wani Abu sai Nigeria🙏",0,0,0,0,1,1,hau,toh fa allah ya kyauta wani abu sai nigeria🙏
hau_train_track_a_00416,Mutane miliyan 25 na iya rasa abin yi saboda tashin Dala da wahalar kayan abinci inji PAN,0,0,1,0,1,0,hau,mutane miliyan 25 na iya rasa abin yi saboda tashin dala da wahalar kayan abinci inji pan
hau_train_track_a_00417,Aisha Yesufu ta bada shawarar 'Yan ta'addan kungiyar IPOB su hada-kai da Jam’iyyar APGA,0,0,0,0,0,0,hau,aisha yesufu ta bada shawarar yan taaddan kungiyar ipob su hadakai da jam’iyyar apga
hau_train_track_a_00418,aslm ya allah ka kawo wa alummar annabi muhammad saw dauki ka sassauta mana ya allah kai mana maganin damuwar mu alfarmar wannan watan na ramadan na annabi yace amin,0,0,0,0,1,0,hau,aslm ya allah ka kawo wa alummar annabi muhammad saw dauki ka sassauta mana ya allah kai mana maganin damuwar mu alfarmar wannan watan na ramadan na annabi yace amin
hau_train_track_a_00419,allah ya kawomana karshen wannan masifakuma muna fatan gwamnati zatayi duk mai yuwuwa gorin kamo masu hannu awannandakuma hukuntasudomin kaucewa faruwan haka a gaba allah ya kyauta,0,0,0,0,1,0,hau,allah ya kawomana karshen wannan masifakuma muna fatan gwamnati zatayi duk mai yuwuwa gorin kamo masu hannu awannandakuma hukuntasudomin kaucewa faruwan haka a gaba allah ya kyauta
hau_train_track_a_00420,subahanallah subahanallah allah yasa mudace,0,0,1,0,1,0,hau,subahanallah subahanallah allah yasa mudace
hau_train_track_a_00421,Atiku ya koka kan yadda ake kashe rayukan bayin Allah a Jos,0,0,0,0,1,0,hau,atiku ya koka kan yadda ake kashe rayukan bayin allah a jos
hau_train_track_a_00422,Tsaro: An fitar da kididdigar adadin mutanen da aka kashe a Zamfara cikin mako guda,0,0,0,0,1,0,hau,tsaro an fitar da kididdigar adadin mutanen da aka kashe a zamfara cikin mako guda
hau_train_track_a_00423,Biredin da ya tsufa da yawa ya fara wari mara dadi har ƙwari na fitowa daga cikin sa,0,1,0,0,0,0,hau,biredin da ya tsufa da yawa ya fara wari mara dadi har ƙwari na fitowa daga cikin sa
hau_train_track_a_00424,“@<username> An yi wa 'yan adawa bulala a Sudan ##URL## 😄😄,0,0,0,0,0,0,hau,“username an yi wa yan adawa bulala a sudan url 😄😄
hau_train_track_a_00425,"Mahaifiyar Hameed Ali, shugaban kwastam ta riga mu gidan gaskiya",0,0,0,0,1,0,hau,mahaifiyar hameed ali shugaban kwastam ta riga mu gidan gaskiya
hau_train_track_a_00426,Lilin Baba zai angwance da Ummi Rahab,0,0,0,1,0,0,hau,lilin baba zai angwance da ummi rahab
hau_train_track_a_00427,"Allah yayi wa Ore Falomo, likitan MKO Abiola rasuwa",0,0,0,0,1,0,hau,allah yayi wa ore falomo likitan mko abiola rasuwa
hau_train_track_a_00428,"Yan daba sun kai wa 'yan kwana-kwana hari a Kogi, sun raunata wasu sun lalata motar kashe gobara",0,0,1,0,1,0,hau,yan daba sun kai wa yan kwanakwana hari a kogi sun raunata wasu sun lalata motar kashe gobara
hau_train_track_a_00429,Na daga yaron Sama Ina mishi wasa kawai se tunbudi a cikin bakina,0,1,0,0,0,0,hau,na daga yaron sama ina mishi wasa kawai se tunbudi a cikin bakina
hau_train_track_a_00430,Warin ɓera ya hana zaman taro.,0,1,0,0,0,0,hau,warin ɓera ya hana zaman taro
hau_train_track_a_00431,Barkonon tsohuwa zaa harba mar😀,0,0,0,1,0,0,hau,barkonon tsohuwa zaa harba mar😀
hau_train_track_a_00432,"Surukar marigayi Bilyaminu, Maimuna Aliyu tana kotu bisa tuhumar wawurar dukiyar gwamnati",0,0,0,0,0,0,hau,surukar marigayi bilyaminu maimuna aliyu tana kotu bisa tuhumar wawurar dukiyar gwamnati
hau_train_track_a_00433,Allah ya yi wa ƙanin Sarkin Daura rasuwa sakamakon hatsarin mota,0,0,0,0,1,0,hau,allah ya yi wa ƙanin sarkin daura rasuwa sakamakon hatsarin mota
hau_train_track_a_00434,Kumai tsiyar Buhari 😂,0,0,0,0,0,0,hau,kumai tsiyar buhari 😂
hau_train_track_a_00435,Binne gawa na neman zama alkakai ga ’yan Arewa mazauna Fatakwal,0,0,0,0,1,0,hau,binne gawa na neman zama alkakai ga ’yan arewa mazauna fatakwal
hau_train_track_a_00436,Kaji yan Kutumar uba ai kuwa akwai dadi ka Dannama mutum ashar Musamman kayimai irin mai steps dinnan like uban babanka🤨,1,0,0,0,0,0,hau,kaji yan kutumar uba ai kuwa akwai dadi ka dannama mutum ashar musamman kayimai irin mai steps dinnan like uban babanka🤨
hau_train_track_a_00437,Karar kwana: Yan biki su 21 sun gamu da ajalinsu a wani mummunan hatsari akan hanyar zuwa daurin aure,0,0,0,0,1,0,hau,karar kwana yan biki su 21 sun gamu da ajalinsu a wani mummunan hatsari akan hanyar zuwa daurin aure
hau_train_track_a_00438,Mtwss qaryar banza 🙄🙄,1,0,0,0,0,0,hau,mtwss qaryar banza 🙄🙄
hau_train_track_a_00439,Kin koma aikin gidan radio ne😂😂😂,0,0,0,0,0,1,hau,kin koma aikin gidan radio ne😂😂😂
hau_train_track_a_00440,Ya lashe koriyar majinar da ke fita hancinsa,0,1,0,0,0,0,hau,ya lashe koriyar majinar da ke fita hancinsa
hau_train_track_a_00441,A shirye mu ke tsaf mu shiga Kotu da Ganduje – Mawallafin Daily Nigerian Jafar Jafar,1,0,0,0,0,0,hau,a shirye mu ke tsaf mu shiga kotu da ganduje – mawallafin daily nigerian jafar jafar
hau_train_track_a_00442,Matashi yana yawo da Kai duk amosali,0,1,0,0,0,0,hau,matashi yana yawo da kai duk amosali
hau_train_track_a_00443,"Kai wannan matan ta kwashi kudi, rai da kwadayi knan ina zataje da kuddi kuma na haram ma haka 🤔🤔",0,0,0,0,0,0,hau,kai wannan matan ta kwashi kudi rai da kwadayi knan ina zataje da kuddi kuma na haram ma haka 🤔🤔
hau_train_track_a_00444,"Matawalle Ya Fusata Kan Tsaro, Ya Tura Zazzafan Gargadi Ga Sabbin Sojin da Suka Samu Karin Girma",1,0,0,0,0,0,hau,matawalle ya fusata kan tsaro ya tura zazzafan gargadi ga sabbin sojin da suka samu karin girma
hau_train_track_a_00445,Zakuci naman baba lale ko 😂,0,0,0,0,0,0,hau,zakuci naman baba lale ko 😂
hau_train_track_a_00446,"Nike da abunda bazan manta dashiba a 2020, har nabar duniya, nabarwa zuciya ta wannan takaicin Allah ya Kara mana imani duniya da lafira Amin.😭😭",1,0,0,0,1,0,hau,nike da abunda bazan manta dashiba a 2020 har nabar duniya nabarwa zuciya ta wannan takaicin allah ya kara mana imani duniya da lafira amin😭😭
hau_train_track_a_00447,Ay fa Kin ga haza😅 Allah ya kyauta,0,0,0,1,0,0,hau,ay fa kin ga haza😅 allah ya kyauta
hau_train_track_a_00448,Tab zakuga mamaki daganin idoh ku😹,0,0,0,0,0,0,hau,tab zakuga mamaki daganin idoh ku😹
hau_train_track_a_00449,Lafiya Uwar Jiki: Anfanin kafar kaza 4 a jikin dan adam da zasu baku mamaki,0,0,0,1,0,1,hau,lafiya uwar jiki anfanin kafar kaza 4 a jikin dan adam da zasu baku mamaki
hau_train_track_a_00450,"Wannan abin fa 🤔 Naga alamun dagaske ne, anma su kamfanonin layin da Kuma bakuna zasu Sha wahala",0,0,1,0,1,0,hau,wannan abin fa 🤔 naga alamun dagaske ne anma su kamfanonin layin da kuma bakuna zasu sha wahala
hau_train_track_a_00451,Gwalagwajin tumatur Yana fitar da ruwa me doyi,0,1,0,0,0,0,hau,gwalagwajin tumatur yana fitar da ruwa me doyi
hau_train_track_a_00452,"Dan wani tsohon shugaban kasa ya aikata kuruciyar bera, ya fuskanci fushin alkali",1,0,0,0,0,0,hau,dan wani tsohon shugaban kasa ya aikata kuruciyar bera ya fuskanci fushin alkali
hau_train_track_a_00453,haba da gaske,0,0,0,0,0,1,hau,haba da gaske
hau_train_track_a_00454,taab har na tausayawa masu yin zaben don zasu sha rana a banza,0,0,0,0,1,0,hau,taab har na tausayawa masu yin zaben don zasu sha rana a banza
hau_train_track_a_00455,To wai meyasa bazasu gwada a sauran kasashenda sukafi afirka wannan annoba bane. Akwai lauje chikin nadifa🤔🤔,0,0,1,0,1,0,hau,to wai meyasa bazasu gwada a sauran kasashenda sukafi afirka wannan annoba bane akwai lauje chikin nadifa🤔🤔
hau_train_track_a_00456,allah kyauta allah mana tsari dasu,0,0,1,0,0,0,hau,allah kyauta allah mana tsari dasu
hau_train_track_a_00457,Magidanci ya kashe matarsa saboda ta raina bajintarsa wurin kwanciyar aure,0,1,0,0,1,0,hau,magidanci ya kashe matarsa saboda ta raina bajintarsa wurin kwanciyar aure
hau_train_track_a_00458,wae nikam ya ake gane miji nagari ne Ni nabi kudi banga dai dai bah Ke da kika ni soyayyan kina ta kuka Hahahah 💕💔 Wato. Ko bana gajiya da kallon film dinnan yaseen,0,0,0,1,0,0,hau,wae nikam ya ake gane miji nagari ne ni nabi kudi banga dai dai bah ke da kika ni soyayyan kina ta kuka hahahah 💕💔 wato ko bana gajiya da kallon film dinnan yaseen
hau_train_track_a_00459,Sakamakon canji: Atiku ya taya diyarsa murna bayan ta kama sana'a,0,0,0,1,0,0,hau,sakamakon canji atiku ya taya diyarsa murna bayan ta kama sanaa
hau_train_track_a_00460,Wani Saraki da yayi wa mace zigidir a Kasuwa zai shekara a kurkuku,0,1,0,0,0,0,hau,wani saraki da yayi wa mace zigidir a kasuwa zai shekara a kurkuku
hau_train_track_a_00461,Kut sata kiri kiri wannan fah ake kira next level 😂😂😂🤣🤣🤣,0,0,0,0,0,1,hau,kut sata kiri kiri wannan fah ake kira next level 😂😂😂🤣🤣🤣
hau_train_track_a_00462,barawon jakar mata ya shiga hannu,0,0,0,1,0,0,hau,barawon jakar mata ya shiga hannu
hau_train_track_a_00463,Iyayenshi igbo Amman #hausa rangadau a bakinshi kamar jakin kano😂😂,0,0,0,0,0,1,hau,iyayenshi igbo amman hausa rangadau a bakinshi kamar jakin kano😂😂
hau_train_track_a_00464,Kinga Ni ko rahma nayi matukar bakin ciki😠 da Naga wanan hotun Nan kina jamana zagi a matsayin ki n musulma tun Muna damuwa har mun sallama ki Amma abin takaici shine abin ya tashi daka kanmu ta dalilin ki anyi batanci ga fiyayyen halitta Annabin Muhammad S A W 😭😰😥😢,1,0,0,0,1,0,hau,kinga ni ko rahma nayi matukar bakin ciki😠 da naga wanan hotun nan kina jamana zagi a matsayin ki n musulma tun muna damuwa har mun sallama ki amma abin takaici shine abin ya tashi daka kanmu ta dalilin ki anyi batanci ga fiyayyen halitta annabin muhammad s a w 😭😰😥😢
hau_train_track_a_00465,Yadda 'yan kungiyar asiri suka makantar da ni saboda na ki shiga kungiyarsu - Matashi,0,0,0,0,1,0,hau,yadda yan kungiyar asiri suka makantar da ni saboda na ki shiga kungiyarsu matashi
hau_train_track_a_00466,Nabi ladama da 🏃🏃🏃🏃🏃 ladama fada ake ko aikine yake nuna anyita kixo kina raina Allah da manxansa kixo kina wani kuka a duniya kowa na gani idan k yi ladama gaba dayan k xaki canxa dabi'unk kamar yanda wayanda suka gabace k suka aikata ko n kk wa wannan ladamar baxan karba b,1,0,0,0,0,0,hau,nabi ladama da 🏃🏃🏃🏃🏃 ladama fada ake ko aikine yake nuna anyita kixo kina raina allah da manxansa kixo kina wani kuka a duniya kowa na gani idan k yi ladama gaba dayan k xaki canxa dabiunk kamar yanda wayanda suka gabace k suka aikata ko n kk wa wannan ladamar baxan karba b
hau_train_track_a_00467,Kudaje na bin gyenbonsa,0,1,0,0,0,0,hau,kudaje na bin gyenbonsa
hau_train_track_a_00468,Idan yanzu bakuyi ba zakuyi nan gaba 😏,0,0,0,0,0,0,hau,idan yanzu bakuyi ba zakuyi nan gaba 😏
hau_train_track_a_00469,Dalilin da ya sa na daina zuwa yin jaje Zamfara – Yariman Bakura,0,0,0,0,0,0,hau,dalilin da ya sa na daina zuwa yin jaje zamfara – yariman bakura
hau_train_track_a_00470,"Akwai Alheri 1: Shugaba Tinubu Ya Gana da Shugaban UAE, Hotuna da Bayanai Sun Bayyana",0,0,0,1,0,0,hau,akwai alheri 1 shugaba tinubu ya gana da shugaban uae hotuna da bayanai sun bayyana
hau_train_track_a_00471,Gwamnonin APC sun taya Buhari murnar cika shekara 77,0,0,0,1,0,0,hau,gwamnonin apc sun taya buhari murnar cika shekara 77
hau_train_track_a_00472,"Da duminsa: Yan ta'addan Boko Haram sun hallaka Soji 7, sun koresu daga barikinsu a Borno",0,0,1,0,1,0,hau,da duminsa yan taaddan boko haram sun hallaka soji 7 sun koresu daga barikinsu a borno
hau_train_track_a_00473,Yaron ma'kotan mu da ya 'kone a cinya kiyashi sun baibaye 'konuwar suna ta tsatssagar ciwon,0,1,0,0,0,0,hau,yaron makotan mu da ya kone a cinya kiyashi sun baibaye konuwar suna ta tsatssagar ciwon
hau_train_track_a_00474,"Jihar Neja: ’Yan Bindiga Sun Hallaka Kodinetan Hukumar FIRS, Sun Sace Mutum 3",0,0,1,0,1,0,hau,jihar neja ’yan bindiga sun hallaka kodinetan hukumar firs sun sace mutum 3
hau_train_track_a_00475,meyasa kikesa chain a kafanki 🤔,0,0,0,0,0,1,hau,meyasa kikesa chain a kafanki 🤔
hau_train_track_a_00476,Takardan da aka yi amfani da shi wajen goge kashin jariri ya fada a ruwan shayi,0,1,0,0,0,0,hau,takardan da aka yi amfani da shi wajen goge kashin jariri ya fada a ruwan shayi
hau_train_track_a_00477,Subhanallah Allah ya kubutar da su🤲,0,0,1,0,1,0,hau,subhanallah allah ya kubutar da su🤲
hau_train_track_a_00478,"An yi wa mutum 1,600 aikin ido kyauta a Jigawa",0,0,0,1,0,0,hau,an yi wa mutum 1600 aikin ido kyauta a jigawa
hau_train_track_a_00479,Wandoki ya yage a gwuiwa😂😂😂😂,0,0,0,0,0,0,hau,wandoki ya yage a gwuiwa😂😂😂😂
hau_train_track_a_00480,"Shawarata ga baba shine Dan Allah a duba talakan Nigeria musamman 'yan arewa wallahi ana cikin mawuyacin hali, yanzu sai kaga magidanci ya koma almajiri sbd kawai bashi da abin yi km ga iyali,yara kanana suna bin gidaje suna barar abin da zasu saka a bakinsu😭😭😭😭",0,0,0,0,1,0,hau,shawarata ga baba shine dan allah a duba talakan nigeria musamman yan arewa wallahi ana cikin mawuyacin hali yanzu sai kaga magidanci ya koma almajiri sbd kawai bashi da abin yi km ga iyaliyara kanana suna bin gidaje suna barar abin da zasu saka a bakinsu😭😭😭😭
hau_train_track_a_00481,Yan matan yanxu abun tsorone wlh hakafa wata tafara nunamin bakin kishi da tagida ai wlh daga ranar bata kara ganina ba🏃🏻🏃🏻🏃🏻🏃🏻‍♂🦸🏼‍♂🦸🏼‍♂,0,0,1,0,0,0,hau,yan matan yanxu abun tsorone wlh hakafa wata tafara nunamin bakin kishi da tagida ai wlh daga ranar bata kara ganina ba🏃🏻🏃🏻🏃🏻🏃🏻‍♂🦸🏼‍♂🦸🏼‍♂
hau_train_track_a_00482,"Dama bayida wani anfani, sai dai kawai yan kudun Nigeria dasuke koyawa yan arewacin Nigeria iskanci👌🏻. Eg Zina!",1,0,0,0,0,0,hau,dama bayida wani anfani sai dai kawai yan kudun nigeria dasuke koyawa yan arewacin nigeria iskanci👌🏻 eg zina
hau_train_track_a_00483,tabbbb abun dariya,0,0,0,1,0,1,hau,tabbbb abun dariya
hau_train_track_a_00484,Alheri danko: Daliban Kwankwaso da su ka yi aure sun sanyawa diyar su sunan matar sa,0,0,0,1,0,0,hau,alheri danko daliban kwankwaso da su ka yi aure sun sanyawa diyar su sunan matar sa
hau_train_track_a_00485,Hahahaha 😂😂😂 Kaih jama a masu Shan wiwi zasuyi murna,0,0,0,1,0,0,hau,hahahaha 😂😂😂 kaih jama a masu shan wiwi zasuyi murna
hau_train_track_a_00486,Lallai akwai kura😂,0,0,0,0,0,0,hau,lallai akwai kura😂
hau_train_track_a_00487,Kunji yan gatan liti mugu arewa kuma su mutu ko 😭,1,0,0,0,1,0,hau,kunji yan gatan liti mugu arewa kuma su mutu ko 😭
hau_train_track_a_00488,Kina iskanci san ranki plx indai zaki burgeni ki curo NONON ki daya 1 plx i wan see somtin ☝,1,1,0,0,0,0,hau,kina iskanci san ranki plx indai zaki burgeni ki curo nonon ki daya 1 plx i wan see somtin ☝
hau_train_track_a_00489,Kadage da cin bashi har a takai bature ya sallama gidanka yace fito nabiya kudinka😂,0,0,0,1,0,0,hau,kadage da cin bashi har a takai bature ya sallama gidanka yace fito nabiya kudinka😂
hau_train_track_a_00490,"Ohh!...mu da kullun sai munji Harbin fa a arewa?..yayi dai dai, Suma suji Karan Harbin da talakawa ke fama.😳🤨😠",1,0,0,0,0,1,hau,ohhmu da kullun sai munji harbin fa a arewayayi dai dai suma suji karan harbin da talakawa ke fama😳🤨😠
hau_train_track_a_00491,Fasto ya yi wa mataimakiyarsa fyade,0,1,0,0,0,0,hau,fasto ya yi wa mataimakiyarsa fyade
hau_train_track_a_00492,Allah Ya kiyaye gaba: Wata wuta da ta tashi a wata kasuwar jihar Kano ta babbaka shaguna 22,0,0,1,0,1,0,hau,allah ya kiyaye gaba wata wuta da ta tashi a wata kasuwar jihar kano ta babbaka shaguna 22
hau_train_track_a_00493,ASUU ta ce za ta zura ido ta ga ko Gwamnatin Tarayya za ta cika duk alkwuran da ta dauka,0,0,0,0,0,0,hau,asuu ta ce za ta zura ido ta ga ko gwamnatin tarayya za ta cika duk alkwuran da ta dauka
hau_train_track_a_00494,Ko yanzu ya sauka ae ya cucemu ya zalincemu allah ya isa 😭,1,0,0,0,1,0,hau,ko yanzu ya sauka ae ya cucemu ya zalincemu allah ya isa 😭
hau_train_track_a_00495,"Sultan Hassanal Bolkiah: Hamshakin mai arzikin da ya mallaki Rolls Royce 500, N7m kudin askinsa",0,0,0,0,0,1,hau,sultan hassanal bolkiah hamshakin mai arzikin da ya mallaki rolls royce 500 n7m kudin askinsa
hau_train_track_a_00496,"‘Muna da Ƙarfin Murƙushe Ku’, Buhari Ya Gargaɗi Ƴan Bindiga Kan Kisar Mutum 83 a Zamfara",1,0,0,0,1,0,hau,‘muna da ƙarfin murƙushe ku’ buhari ya gargaɗi ƴan bindiga kan kisar mutum 83 a zamfara
hau_train_track_a_00497,"Wata mai sayar da soyayya ta daba wa wani dan kasuwa kwalba har lahira, bayan ya saya yaki biyanta",0,0,0,0,1,0,hau,wata mai sayar da soyayya ta daba wa wani dan kasuwa kwalba har lahira bayan ya saya yaki biyanta
hau_train_track_a_00498,Allah ya sadamu da farin ciki duniya da lahira.. Good morning prince 👑,0,0,0,1,0,0,hau,allah ya sadamu da farin ciki duniya da lahira good morning prince 👑
hau_train_track_a_00499,"Mun yarda ka yi karatu sosai, amma kayi hakuri: Jami'ar East Carolina ta baiwa Ganduje hakuri",0,0,0,0,1,0,hau,mun yarda ka yi karatu sosai amma kayi hakuri jamiar east carolina ta baiwa ganduje hakuri
hau_train_track_a_00500,Innalillahi wa’inna ilaiheer raju’un. 😳😳 ubangiji Allah ya yaye masa mukuma allah yakaremu da kariyarsa,0,0,1,0,0,0,hau,innalillahi wa’inna ilaiheer raju’un 😳😳 ubangiji allah ya yaye masa mukuma allah yakaremu da kariyarsa
hau_train_track_a_00501,Nigeria ta haukace saboda corrona😭,0,0,1,0,0,0,hau,nigeria ta haukace saboda corrona😭
hau_train_track_a_00502,"Alheri danko: Daga kyautar N100, mabaraci ya samu sakayyar N100k nan take",0,0,0,1,0,1,hau,alheri danko daga kyautar n100 mabaraci ya samu sakayyar n100k nan take
hau_train_track_a_00503,wai daman hakan ne hakuri ana kisan alumma shine shugabanci tir da irin wanga hali na ko in kulaa,1,1,0,0,1,0,hau,wai daman hakan ne hakuri ana kisan alumma shine shugabanci tir da irin wanga hali na ko in kulaa
hau_train_track_a_00504,Kwamishinan da ya yi wa Buhari fatan mutuwa ya rasu,0,0,0,0,1,0,hau,kwamishinan da ya yi wa buhari fatan mutuwa ya rasu
hau_train_track_a_00505,Ya Allah 🤲🤲 ka kawo karshen wannan kisa da akeyi a duk wani state Allah ameen,0,0,1,0,1,0,hau,ya allah 🤲🤲 ka kawo karshen wannan kisa da akeyi a duk wani state allah ameen
hau_train_track_a_00506,A fada sunan su da yan uwansu mana in ba tsoro ba. 🙄,1,0,0,0,0,0,hau,a fada sunan su da yan uwansu mana in ba tsoro ba 🙄
hau_train_track_a_00507,Yadda dan sanda ya dinga lalata da ni tun dare har asuba - Matar da ta take doka,0,1,0,0,0,0,hau,yadda dan sanda ya dinga lalata da ni tun dare har asuba matar da ta take doka
hau_train_track_a_00508,allah ya mayar musu da wanda ya fishi alkhairi kuma ya kiyaye nagaba amin summa amin,0,0,0,0,1,0,hau,allah ya mayar musu da wanda ya fishi alkhairi kuma ya kiyaye nagaba amin summa amin
hau_train_track_a_00509,to yau ko kashe mutane da akeyi yayi shuru ballantana wanga abu 😭,0,0,0,0,1,0,hau,to yau ko kashe mutane da akeyi yayi shuru ballantana wanga abu 😭
hau_train_track_a_00510,Toh rahama anchi uwar su messi din 😂😂😂,1,0,0,0,0,0,hau,toh rahama anchi uwar su messi din 😂😂😂
hau_train_track_a_00511,"Talauci Talauchi To shin Ku minene naku kun kwashe kudin talakka kunkai kasashen waje kun danne kuzo kuna maganar talauchi? Ai Ku kun kubuta kubari mu talakkawa Allah shi yimana mafita tunda bamuda amfani a wajan ku sai ranar zabe ta dawo muje muyi muku bauta, wllh Allah Ya'isa😭",1,0,0,0,1,0,hau,talauci talauchi to shin ku minene naku kun kwashe kudin talakka kunkai kasashen waje kun danne kuzo kuna maganar talauchi ai ku kun kubuta kubari mu talakkawa allah shi yimana mafita tunda bamuda amfani a wajan ku sai ranar zabe ta dawo muje muyi muku bauta wllh allah yaisa😭
hau_train_track_a_00512,allah ya kawo mana karshin wannan annoba data anbabi duniya ya allah,0,0,1,0,0,0,hau,allah ya kawo mana karshin wannan annoba data anbabi duniya ya allah
hau_train_track_a_00513,taff toh allah ya kiyaye,0,0,1,0,1,1,hau,taff toh allah ya kiyaye
hau_train_track_a_00514,"Allah s.w yasa kwanciya hutawa, Ina yiwa jama'ar zazzau ta'aziyya😭😭",0,0,0,0,1,0,hau,allah sw yasa kwanciya hutawa ina yiwa jamaar zazzau taaziyya😭😭
hau_train_track_a_00515,Ai kuwa sai a fara da ma aikata masu ɗamara👮; indai da gaske ake.,0,0,0,0,0,0,hau,ai kuwa sai a fara da ma aikata masu ɗamara👮 indai da gaske ake
hau_train_track_a_00516,Yanzun nan: 'Yan bindiga da kayan sojoji sun bude wa matafiya wuta a hanyar Benin-Ore,0,0,1,0,1,0,hau,yanzun nan yan bindiga da kayan sojoji sun bude wa matafiya wuta a hanyar beninore
hau_train_track_a_00517,Dandalin Kannywood: Muhimmiyar wasiyyata ga masu son koyi da ni a duniya - Nafisa Abdullahi,0,0,0,0,0,0,hau,dandalin kannywood muhimmiyar wasiyyata ga masu son koyi da ni a duniya nafisa abdullahi
hau_train_track_a_00518,A ƙarshe: Kotu ta garƙame mutane 6 da aka same su da ɗanyen naman mutum,0,1,0,0,0,0,hau,a ƙarshe kotu ta garƙame mutane 6 da aka same su da ɗanyen naman mutum
hau_train_track_a_00519,📻 BBC Hausa da sauran ma'aikatan Ku maza da Mata wadanda Duke Nigeria Da birtaniya INA taya Ku murnar Cika shekara @<username>,0,0,0,1,0,0,hau,📻 bbc hausa da sauran maaikatan ku maza da mata wadanda duke nigeria da birtaniya ina taya ku murnar cika shekara username
hau_train_track_a_00520,wai product din nan naka kowa siyarmasa kak need,0,0,0,0,0,1,hau,wai product din nan naka kowa siyarmasa kak need
hau_train_track_a_00521,Yar lesbians rahama sadau 🤔,1,1,0,0,0,0,hau,yar lesbians rahama sadau 🤔
hau_train_track_a_00522,Allah ya wadaran naka ya lalace Na wani ya gyaru Amma wanga kan ku bincike shi dun ya fara zarewa kana musulmi Amma baka da tunani ah matsayin ka na malami ko da yake dan PDP ne kuma lashe money 💰,1,0,0,0,0,0,hau,allah ya wadaran naka ya lalace na wani ya gyaru amma wanga kan ku bincike shi dun ya fara zarewa kana musulmi amma baka da tunani ah matsayin ka na malami ko da yake dan pdp ne kuma lashe money 💰
hau_train_track_a_00523,ya salaam ya allah ka kawo karshen wannan annoba,0,0,1,0,0,0,hau,ya salaam ya allah ka kawo karshen wannan annoba
hau_train_track_a_00524,"Tau ganiga wane ya ishi wane tsoron Allah. Natabbata she's doing something wrong that's why she was exposed. Am not happy rather than sad 😔 Allah tsayannan, sauran mata kukama kanku",0,0,0,0,1,0,hau,tau ganiga wane ya ishi wane tsoron allah natabbata shes doing something wrong thats why she was exposed am not happy rather than sad 😔 allah tsayannan sauran mata kukama kanku
hau_train_track_a_00525,Matasa sun ƙona gidan gona saboda kashe mai gadi a Jos,1,0,0,0,1,0,hau,matasa sun ƙona gidan gona saboda kashe mai gadi a jos
hau_train_track_a_00526,Kai dan Allah ji kayan sa Ko Gaye bai iya ba Wlh 😃😀😀,0,1,0,0,0,0,hau,kai dan allah ji kayan sa ko gaye bai iya ba wlh 😃😀😀
hau_train_track_a_00527,allah ya kawo mana qarshen wannan annobar,0,0,1,0,0,0,hau,allah ya kawo mana qarshen wannan annobar
hau_train_track_a_00528,Hukumar jin dadin alhazai ta yi kira ga maniyyata su dakatad da shirye-shiryen Hajjin bana,0,0,0,0,1,0,hau,hukumar jin dadin alhazai ta yi kira ga maniyyata su dakatad da shiryeshiryen hajjin bana
hau_train_track_a_00529,Allah daya gari ban-bam: Rihanna ta maka mahaifinta kotu kan sanya sunansa a kasuwanci,0,0,0,0,0,1,hau,allah daya gari banbam rihanna ta maka mahaifinta kotu kan sanya sunansa a kasuwanci
hau_train_track_a_00530,ai ba abun burgewa bane,1,0,0,0,1,0,hau,ai ba abun burgewa bane
hau_train_track_a_00531,Kullum ba abin daya damu al'umma akeba😏,1,0,0,0,1,0,hau,kullum ba abin daya damu alumma akeba😏
hau_train_track_a_00532,’Yan bindiga sun kashe manoma 2 suna shuka a gonarsu,0,0,0,0,1,0,hau,’yan bindiga sun kashe manoma 2 suna shuka a gonarsu
hau_train_track_a_00533,"Wata Sabuwa: Ta sake kacamewa a APC, Sanata Adamu ya dakatar da dukkanin daraktocin jam'iyya",0,0,0,0,0,1,hau,wata sabuwa ta sake kacamewa a apc sanata adamu ya dakatar da dukkanin daraktocin jamiyya
hau_train_track_a_00534,Taliyar tayi hunhuna yauki takeyi a flask din,0,1,0,0,0,0,hau,taliyar tayi hunhuna yauki takeyi a flask din
hau_train_track_a_00535,"Kamar a jahiliyya: Uba ya kashe 'ya'yansa tagwaye, za a rataye shi har sai ya mutu",0,1,0,0,1,0,hau,kamar a jahiliyya uba ya kashe yayansa tagwaye za a rataye shi har sai ya mutu
hau_train_track_a_00536,Yan Bindiga Sanye Da Kayan Sojoji Sun Kashe Fitaccen Jigon Jam'iyyar PDP a Bayelsa,0,0,1,0,1,0,hau,yan bindiga sanye da kayan sojoji sun kashe fitaccen jigon jamiyyar pdp a bayelsa
hau_train_track_a_00537,"Kai😥 Allah ya sawaqe amma Ana zalunci a kasar nan wlh, saikaga nasama kokarinsa ya cuci na kasa dashi, shi bai taimaka mai ba sannan kuma anbashi yabayar kokari yake ya danne😭, Ohh Allah.🙆",1,0,0,0,1,0,hau,kai😥 allah ya sawaqe amma ana zalunci a kasar nan wlh saikaga nasama kokarinsa ya cuci na kasa dashi shi bai taimaka mai ba sannan kuma anbashi yabayar kokari yake ya danne😭 ohh allah🙆
hau_train_track_a_00538,Karshen duniya: Ma'aikacin gidan 'Zoo' ya yi wa macen goggon biri ciki,0,1,0,0,0,1,hau,karshen duniya maaikacin gidan zoo ya yi wa macen goggon biri ciki
hau_train_track_a_00539,Da alamu Boss Mustapha da Abba Kyari su cigaba da rike mukamansu,0,0,0,0,0,0,hau,da alamu boss mustapha da abba kyari su cigaba da rike mukamansu
hau_train_track_a_00540,Rubabben kwanannen abincin ya cika dakin girkin da wari,0,1,0,0,0,0,hau,rubabben kwanannen abincin ya cika dakin girkin da wari
hau_train_track_a_00541,EU ta gargadi China kan taimaka wa Rasha,0,0,0,0,0,0,hau,eu ta gargadi china kan taimaka wa rasha
hau_train_track_a_00542,too ashe sunada bambanci uhumm,0,0,0,0,0,1,hau,too ashe sunada bambanci uhumm
hau_train_track_a_00543,Jaruma mai kayanmata ta wallafa wasu bidiyo na taya ma'aikatanta 4 murnar aurensu,0,0,0,1,0,0,hau,jaruma mai kayanmata ta wallafa wasu bidiyo na taya maaikatanta 4 murnar aurensu
hau_train_track_a_00544,Dan tana daya daga cikin wanda suka sa albasa yayi tsada?? 😂,0,0,0,0,0,0,hau,dan tana daya daga cikin wanda suka sa albasa yayi tsada 😂
hau_train_track_a_00545,An zo gurin: Zan cire duk wani jami'in kwastan da yake samun kudi fiye da albashin sa - Hameed Ali,1,0,0,0,0,0,hau,an zo gurin zan cire duk wani jamiin kwastan da yake samun kudi fiye da albashin sa hameed ali
hau_train_track_a_00546,talakawa ma sunyi tir da ɓoye abincin su da aka yi,0,1,0,0,1,0,hau,talakawa ma sunyi tir da ɓoye abincin su da aka yi
hau_train_track_a_00547,Yarinyan na cin abinci cikin kwanon da ke wari kuma cike da tsutsa,0,1,0,0,0,0,hau,yarinyan na cin abinci cikin kwanon da ke wari kuma cike da tsutsa
hau_train_track_a_00548,"Hadda Da Karatun Al-Kurani Mai Girma Yana Taimakawa Gyara Kwakwalwa, Gwamna Abdulrazaq",0,0,0,0,0,0,hau,hadda da karatun alkurani mai girma yana taimakawa gyara kwakwalwa gwamna abdulrazaq
hau_train_track_a_00549,Wlhi Kunji kunya... Ashe dama ku yan madrid ne. Bakomae akwai Allah😧,1,1,0,0,1,0,hau,wlhi kunji kunya ashe dama ku yan madrid ne bakomae akwai allah😧
hau_train_track_a_00550,Allah yakawo Mana zaman lafiya a kasarmu Nigeria 👈👈,0,0,1,0,1,0,hau,allah yakawo mana zaman lafiya a kasarmu nigeria 👈👈
hau_train_track_a_00551,Gwamna Nasir El-Rufai yayi alkawarin taimakawa Makauniyar da ta zama Lauya,0,0,0,1,0,0,hau,gwamna nasir elrufai yayi alkawarin taimakawa makauniyar da ta zama lauya
hau_train_track_a_00552,Kaico: Jaririya tamutu bayan shan nonon uwar da maciji ya sara a Indiya,0,0,0,0,1,0,hau,kaico jaririya tamutu bayan shan nonon uwar da maciji ya sara a indiya
hau_train_track_a_00553,A gidan uwar wah zamu taya su murnar😒😏,1,0,0,0,0,0,hau,a gidan uwar wah zamu taya su murnar😒😏
hau_train_track_a_00554,Miyar Kuka tayi Kore kalar zawayin jariri,0,1,0,0,0,0,hau,miyar kuka tayi kore kalar zawayin jariri
hau_train_track_a_00555,Ana Rigima a Jam’iyyar APC Tun da Ministan Buhari Ya Ki Fitowa Ya Goyi Bayan Tinubu,0,0,0,0,0,0,hau,ana rigima a jam’iyyar apc tun da ministan buhari ya ki fitowa ya goyi bayan tinubu
hau_train_track_a_00556,"Ok shi wannan yaron dan ana lallabashi gani yake kamar tsoronsa akeji, Hmm yaro baisan wuta ba sai ya taka America tafishi hauka yaseen🤒",1,0,0,0,0,0,hau,ok shi wannan yaron dan ana lallabashi gani yake kamar tsoronsa akeji hmm yaro baisan wuta ba sai ya taka america tafishi hauka yaseen🤒
hau_train_track_a_00557,Dama nasiru salisu zango KATO NE? Wlh jinake Dan siririne😂,0,0,0,0,0,1,hau,dama nasiru salisu zango kato ne wlh jinake dan siririne😂
hau_train_track_a_00558,Ke ba ko kyau gareki ba sai tsabar iskanci shashasha kawae😠😠😠,1,0,0,0,0,0,hau,ke ba ko kyau gareki ba sai tsabar iskanci shashasha kawae😠😠😠
hau_train_track_a_00559,Buhari ya taya Amurka murnar cika shekara 245 da samun ’yanci,0,0,0,1,0,0,hau,buhari ya taya amurka murnar cika shekara 245 da samun ’yanci
hau_train_track_a_00560,Se yau kika gani kenan😂🤣,0,0,0,0,0,1,hau,se yau kika gani kenan😂🤣
hau_train_track_a_00561,Yanzu meye amfanin wanann labarin 🙄kayan tada zuciya da amai!! Gross 🤢🤮 Toh Allah ya tarwatsa Duk wanda yakeso yayi implementing din wannan bala’in,1,1,0,0,0,0,hau,yanzu meye amfanin wanann labarin 🙄kayan tada zuciya da amai gross 🤢🤮 toh allah ya tarwatsa duk wanda yakeso yayi implementing din wannan bala’in
hau_train_track_a_00562,COVID-19: Boss Mustapha ya sanar da inda aka kwana a yaki da annobar,0,0,0,0,0,0,hau,covid19 boss mustapha ya sanar da inda aka kwana a yaki da annobar
hau_train_track_a_00563,Mutanena yau kuma wannan shafin aka bude saboda kulalata muna yara a Twitter 🤔,0,0,0,0,0,1,hau,mutanena yau kuma wannan shafin aka bude saboda kulalata muna yara a twitter 🤔
hau_train_track_a_00564,"Wan nan batu haka yake, ace kana tsohon soja kuma mai muqamin #_GEN fah amma ace harkar tsaro ta gaza samuwa. Tur da shugaba irin kah wallhi 😭. Allah ka shiryi yan bindiga/garkuwa da mutane/ Boko Haram in suna da rabo, in Kuma basu da rabo Allah kai mana maganin su...😭🙏",1,0,0,0,1,0,hau,wan nan batu haka yake ace kana tsohon soja kuma mai muqamin gen fah amma ace harkar tsaro ta gaza samuwa tur da shugaba irin kah wallhi 😭 allah ka shiryi yan bindigagarkuwa da mutane boko haram in suna da rabo in kuma basu da rabo allah kai mana maganin su😭🙏
hau_train_track_a_00565,jaka wawuya kawai nidai kawai abinda zance miki ki daina ikirarin ke musulmace dan gara kawai ki koma arnancin kawai dan yafi miki kyau allah ya shiryeki in daki shiryu in badaki shiryuba kuma allah ya mana maganinki idiot,1,0,0,0,0,0,hau,jaka wawuya kawai nidai kawai abinda zance miki ki daina ikirarin ke musulmace dan gara kawai ki koma arnancin kawai dan yafi miki kyau allah ya shiryeki in daki shiryu in badaki shiryuba kuma allah ya mana maganinki idiot
hau_train_track_a_00566,"Ga wani ban daki da kashi ya kumbura a cikin tukunyar kashin, ga kuma tsutsar tana taaana tanata yawo a kasa saboda rashin wanki",0,1,0,0,0,0,hau,ga wani ban daki da kashi ya kumbura a cikin tukunyar kashin ga kuma tsutsar tana taaana tanata yawo a kasa saboda rashin wanki
hau_train_track_a_00567,mahaukaci ne ama,0,0,0,0,0,0,hau,mahaukaci ne ama
hau_train_track_a_00568,ga cuta ga macuta gakuma masu cutuwa ya allah,1,0,1,0,0,0,hau,ga cuta ga macuta gakuma masu cutuwa ya allah
hau_train_track_a_00569,inna lillahi wa inna ilaihi rajiun again kuma daiallah kai kasan dalili allah mun tuba allah ka takaita wadan nan masifu da ka jarrabi kasar mu da su,0,0,1,0,1,0,hau,inna lillahi wa inna ilaihi rajiun again kuma daiallah kai kasan dalili allah mun tuba allah ka takaita wadan nan masifu da ka jarrabi kasar mu da su
hau_train_track_a_00570,"Tashin Hankali😲 Wannan KO Anya bazata samu tobon Hankali ba kuwa """"""""""""""""""""""""""""""""Shekaru 27 fa a sume"""""""""""""""""""""""""""""""" 😱",0,0,0,0,0,1,hau,tashin hankali😲 wannan ko anya bazata samu tobon hankali ba kuwa shekaru 27 fa a sume 😱
hau_train_track_a_00571,Allah ka yaye mana wannan annoba Amin 🤲 🤲,0,0,1,0,1,0,hau,allah ka yaye mana wannan annoba amin 🤲 🤲
hau_train_track_a_00572,Kajimin masana ilimin taurari da shisshigi 🤔🤨Aimu masana ilimin yunwa da qishirwa mun tabbatar 29 za'ayi🙄😥,1,0,0,0,0,0,hau,kajimin masana ilimin taurari da shisshigi 🤔🤨aimu masana ilimin yunwa da qishirwa mun tabbatar 29 zaayi🙄😥
hau_train_track_a_00573,Garabasa: Hadiman Marafa a APC sun samu kyautar motoci 41,0,0,0,1,0,0,hau,garabasa hadiman marafa a apc sun samu kyautar motoci 41
hau_train_track_a_00574,allah kakawo mana karshen zubarda jinnin musulmea afadin duniya,0,0,1,0,1,0,hau,allah kakawo mana karshen zubarda jinnin musulmea afadin duniya
hau_train_track_a_00575,Kungiyar Jama'atu Nasril Islam tayi kira da a zauna lafiya kan batun adan kabilanci,0,0,0,0,0,0,hau,kungiyar jamaatu nasril islam tayi kira da a zauna lafiya kan batun adan kabilanci
hau_train_track_a_00576,"Kai Subhanallah 😥 Allah ya tona asirin Wanda yayi mata,Allah ka hanashi nutsuwar zuciya da kwanciyar hankali",1,0,0,0,1,0,hau,kai subhanallah 😥 allah ya tona asirin wanda yayi mataallah ka hanashi nutsuwar zuciya da kwanciyar hankali
hau_train_track_a_00577,"Katsina: Yan bindiga sun sake kai kazamin hari Malumfashi jihar Katsina, sun kashe mutane",0,0,1,0,1,0,hau,katsina yan bindiga sun sake kai kazamin hari malumfashi jihar katsina sun kashe mutane
hau_train_track_a_00578,Amsoshin tambayoyi: Barka da Sallah!,0,0,0,0,0,0,hau,amsoshin tambayoyi barka da sallah
hau_train_track_a_00579,Zamfara 💭💭sabo da sanyi kankara ke fadowa,0,0,0,0,0,1,hau,zamfara 💭💭sabo da sanyi kankara ke fadowa
hau_train_track_a_00580,"Yan bindiga sun yi ma yayan jam’iyyar APC kwantan bauna, sun kashe 5",0,0,0,0,1,0,hau,yan bindiga sun yi ma yayan jam’iyyar apc kwantan bauna sun kashe 5
hau_train_track_a_00581,Karya kayi alade👀,1,0,0,0,0,0,hau,karya kayi alade👀
hau_train_track_a_00582,Hannun kuturun Yana fitar fa ruwan mugunya,0,1,0,0,0,0,hau,hannun kuturun yana fitar fa ruwan mugunya
hau_train_track_a_00583,Hikenan ma haihuwa da hanji! Karshen Riga kafi kenan ko WHO iyakaci🤣🤣😁😁 NAIJA😎,0,0,0,0,0,0,hau,hikenan ma haihuwa da hanji karshen riga kafi kenan ko who iyakaci🤣🤣😁😁 naija😎
hau_train_track_a_00584,😳😳Innalillahi wa inna ilaihirrajiun. Allah yai mana sauki da rangwame Allah ya yafe mana zunubai kurakurai da dukkan gangancin mu 😭😭 amn,0,0,1,0,1,0,hau,😳😳innalillahi wa inna ilaihirrajiun allah yai mana sauki da rangwame allah ya yafe mana zunubai kurakurai da dukkan gangancin mu 😭😭 amn
hau_train_track_a_00585,"Kasar China ta fasa-kwai, ta ce Amurka ke hura wutar rikicin mutanen Falastina-Isra’ila",0,0,0,0,0,0,hau,kasar china ta fasakwai ta ce amurka ke hura wutar rikicin mutanen falastinaisra’ila
hau_train_track_a_00586,Lazy youth su samu wajan Shan iska mana 🤣😂🤣,0,0,0,1,0,0,hau,lazy youth su samu wajan shan iska mana 🤣😂🤣
hau_train_track_a_00587,Wata mata ta tsotse ruwan ciwon mijinta.,0,1,0,0,0,0,hau,wata mata ta tsotse ruwan ciwon mijinta
hau_train_track_a_00588,Allah muntuba allah mundawo xuwa gareka ya allah kamana tsari da wannan abu ya allah ka nisanta mu da ita ameen 🙏🙏😭😭😭,0,0,1,0,1,0,hau,allah muntuba allah mundawo xuwa gareka ya allah kamana tsari da wannan abu ya allah ka nisanta mu da ita ameen 🙏🙏😭😭😭
hau_train_track_a_00589,Tab di jan😯 wato shi yama manta asalinsa kenan?,0,0,0,0,0,1,hau,tab di jan😯 wato shi yama manta asalinsa kenan
hau_train_track_a_00590,"Dan Allah ku daina kawo mana irin wadannan labarun haushin..😢😢, Shi buharin duk kashe- kashe da ake yi a AREWA yataba yin wata maganar, ??",1,0,0,0,0,0,hau,dan allah ku daina kawo mana irin wadannan labarun haushin😢😢 shi buharin duk kashe kashe da ake yi a arewa yataba yin wata maganar
hau_train_track_a_00591,Mutumin da ya bai wa matar da yake so kodarsa ta ki aurensa,0,0,0,0,1,0,hau,mutumin da ya bai wa matar da yake so kodarsa ta ki aurensa
hau_train_track_a_00592,Matashin makiyayi ya kashe yayan sa saboda Saniya,0,1,0,0,1,0,hau,matashin makiyayi ya kashe yayan sa saboda saniya
hau_train_track_a_00593,Kalli Yar 20yrs Kamar me shayarwa😲,0,1,0,0,0,1,hau,kalli yar 20yrs kamar me shayarwa😲
hau_train_track_a_00594,Rikici: APC da Buhari sun nemi a yi watsi da karar da ke neman tsige Buhari a daura Atiku,0,0,0,0,0,1,hau,rikici apc da buhari sun nemi a yi watsi da karar da ke neman tsige buhari a daura atiku
hau_train_track_a_00595,Aa bakuyi bahhh wlhh ko kadan❤️,1,0,0,0,0,0,hau,aa bakuyi bahhh wlhh ko kadan❤️
hau_train_track_a_00596,Kwastoma da abokansa sun kashe Karuwa Musulma don sun ga Al-Qur'ani cikin dakinta,0,0,0,0,1,0,hau,kwastoma da abokansa sun kashe karuwa musulma don sun ga alqurani cikin dakinta
hau_train_track_a_00597,’Yan sanda sun kama wanda ya yi garkuwa da jikansa,0,0,0,0,0,0,hau,’yan sanda sun kama wanda ya yi garkuwa da jikansa
hau_train_track_a_00598,Ba ance ya mutu ba 🙄,0,0,0,0,0,1,hau,ba ance ya mutu ba 🙄
hau_train_track_a_00599,daman wanda ba musulmi ba ze iya auren mace musulma,0,0,0,0,0,1,hau,daman wanda ba musulmi ba ze iya auren mace musulma
hau_train_track_a_00600,Mutane da dama sun hallaka yayin da miyagun yan Bindiga suka farmaki barikin Sojoji a Sokoto,0,0,1,0,1,0,hau,mutane da dama sun hallaka yayin da miyagun yan bindiga suka farmaki barikin sojoji a sokoto
hau_train_track_a_00601,"Wata karuwa tayi ritaya bayan iyar da ayyuka ga mutane 28,000, ta sami kyautuka",0,0,0,0,0,1,hau,wata karuwa tayi ritaya bayan iyar da ayyuka ga mutane 28000 ta sami kyautuka
hau_train_track_a_00602,Buhari ya yi ta’aziyyar mutuwar Uwargidar sarkin Daura da tsohon kwamishinan shari’a na Kano,0,0,0,0,1,0,hau,buhari ya yi ta’aziyyar mutuwar uwargidar sarkin daura da tsohon kwamishinan shari’a na kano
hau_train_track_a_00603,"Ai ba takaitawa ba, anbar kawo hare haren ya kamata yace🙏",0,0,1,0,1,0,hau,ai ba takaitawa ba anbar kawo hare haren ya kamata yace🙏
hau_train_track_a_00604,COVID-19: Gwamnatin Kano ta soke yin dukkan hawan sallah da shagulgula,0,0,1,0,0,0,hau,covid19 gwamnatin kano ta soke yin dukkan hawan sallah da shagulgula
hau_train_track_a_00605,Matar Ahmed Musa ta haifi ɗa namiji,0,0,0,1,0,0,hau,matar ahmed musa ta haifi ɗa namiji
hau_train_track_a_00606,"Toh,🤦 muda bamu yarda d itaba mah",0,0,0,0,0,0,hau,toh🤦 muda bamu yarda d itaba mah
hau_train_track_a_00607,"Ba labari me dadi a Nigeria, yan ta'adda na yaqarmu, shuwagabanni na mana izgili😢",0,0,0,0,1,0,hau,ba labari me dadi a nigeria yan taadda na yaqarmu shuwagabanni na mana izgili😢
hau_train_track_a_00608,Allah ya yi wa Sarkin Kauran Namoda rasuwa,0,0,0,0,1,0,hau,allah ya yi wa sarkin kauran namoda rasuwa
hau_train_track_a_00609,Ya Allah kakawo mana maganin wannan musibar 🙏🙏🙏🙏,0,0,1,0,0,0,hau,ya allah kakawo mana maganin wannan musibar 🙏🙏🙏🙏
hau_train_track_a_00610,"Very unfortunate! Dama ai mafi yawan su, suna amfani da wannan damar ne domin suci zarafin talaka ! Saboda ni shaida ne akan irin wannan mummunar d'abi'ar ta mafi yawan jami'an tsaron kasar nan, samun damar shigar su aikin tsaro tamkar lasisin cin zarafi ne😡",1,0,0,0,0,0,hau,very unfortunate dama ai mafi yawan su suna amfani da wannan damar ne domin suci zarafin talaka saboda ni shaida ne akan irin wannan mummunar dabiar ta mafi yawan jamian tsaron kasar nan samun damar shigar su aikin tsaro tamkar lasisin cin zarafi ne😡
hau_train_track_a_00611,Mai Tabargaza: Jarumar fim da ta sha tabar wiwi da shafin Bible ta ce a shirye take ta yayyaga Al-Qur'ani idan aka bata,0,1,0,0,0,0,hau,mai tabargaza jarumar fim da ta sha tabar wiwi da shafin bible ta ce a shirye take ta yayyaga alqurani idan aka bata
hau_train_track_a_00612,An shiga fargaba a majalisar dokokin Jigawa kan yunkurin tsige kakakin majalisa,0,0,1,0,0,0,hau,an shiga fargaba a majalisar dokokin jigawa kan yunkurin tsige kakakin majalisa
hau_train_track_a_00613,Sabon hari a Jos: 'Yan bindiga sun bude wa mazauna wuta a kauyen Durbi,0,0,1,0,1,0,hau,sabon hari a jos yan bindiga sun bude wa mazauna wuta a kauyen durbi
hau_train_track_a_00614,ku banda ku,0,0,0,0,0,1,hau,ku banda ku
hau_train_track_a_00615,Sir karya takai tun kafin a haife ta nake kallon films dinka 😂 😂 😂,1,0,0,1,0,0,hau,sir karya takai tun kafin a haife ta nake kallon films dinka 😂 😂 😂
hau_train_track_a_00616,"Da duminsa: 'Yan bindiga sun kashe shahararren mafaraucin Adamawa, Mori",0,0,1,0,1,0,hau,da duminsa yan bindiga sun kashe shahararren mafaraucin adamawa mori
hau_train_track_a_00617,"Fasto Ya Yi Ɓatanci Ga Annabi (SAW) Da Al-Kur'ani a Osun Cikin Bidiyo, MURIC Ta Yi Martani",1,0,0,0,0,0,hau,fasto ya yi ɓatanci ga annabi saw da alkurani a osun cikin bidiyo muric ta yi martani
hau_train_track_a_00618,Rikicin Makiyaya: An fallasa asirin Gwamnan Jihar Benuwe,0,0,0,0,0,0,hau,rikicin makiyaya an fallasa asirin gwamnan jihar benuwe
hau_train_track_a_00619,Dan hakin daka raina: Jam’iyyar PRP ta bada mamaki a jahar Bauchi,0,0,0,0,0,1,hau,dan hakin daka raina jam’iyyar prp ta bada mamaki a jahar bauchi
hau_train_track_a_00620,"Cikin fushi, budurwa ta wallafa bidiyon yadda tela ya canza sitayel din da ta zaba",1,0,0,0,0,0,hau,cikin fushi budurwa ta wallafa bidiyon yadda tela ya canza sitayel din da ta zaba
hau_train_track_a_00621,"In kana raye zaka sha kallo😂. Ikon Allah, shi kuma wannan a haka nasa haukan yake!",0,1,0,0,0,1,hau,in kana raye zaka sha kallo😂 ikon allah shi kuma wannan a haka nasa haukan yake
hau_train_track_a_00622,Ya ci rubabben kwai,0,1,0,0,0,0,hau,ya ci rubabben kwai
hau_train_track_a_00623,ina miki fatan alheri ako da Yaushe hakika ni masoyiyarki ce ta Gaskiya ILYSM 💗,0,0,0,1,0,0,hau,ina miki fatan alheri ako da yaushe hakika ni masoyiyarki ce ta gaskiya ilysm 💗
hau_train_track_a_00624,Ya rasu lokacin da yake dinka kayan Sallah,0,0,0,0,1,0,hau,ya rasu lokacin da yake dinka kayan sallah
hau_train_track_a_00625,Tafi tafi mah xa’ace an sace shugaban kasar indae aka cigaba da haka 🤔,1,0,0,0,1,0,hau,tafi tafi mah xa’ace an sace shugaban kasar indae aka cigaba da haka 🤔
hau_train_track_a_00626,Lafiya Jari: Amfani 10 na Dabino ga lafiyar bil Adama,0,0,0,0,0,0,hau,lafiya jari amfani 10 na dabino ga lafiyar bil adama
hau_train_track_a_00627,Taya ya wannan ya zama mafita ga damuwan yan Nigeria 🇳🇬,0,0,0,0,0,0,hau,taya ya wannan ya zama mafita ga damuwan yan nigeria 🇳🇬
hau_train_track_a_00628,"Allah Sarki, har helicopter Gwamnan jihar yake yawo da ita wai don tsaro. Talakawa kuma ko oho 😔",0,0,0,0,1,0,hau,allah sarki har helicopter gwamnan jihar yake yawo da ita wai don tsaro talakawa kuma ko oho 😔
hau_train_track_a_00629,"Bidiyo: Matar aure ta bai wa mai kayan miya kyautar N1m, ta bayyana alherin da yayi mata a baya",0,0,0,1,0,1,hau,bidiyo matar aure ta bai wa mai kayan miya kyautar n1m ta bayyana alherin da yayi mata a baya
hau_train_track_a_00630,Matar da Atiku ke sumbanta mahaifiyata ce - wani bawan Allah yayi bayani,0,0,0,0,0,0,hau,matar da atiku ke sumbanta mahaifiyata ce wani bawan allah yayi bayani
hau_train_track_a_00631,Ya kamata gwamnati da kamfanoni su zuba jari a Kannywood- Darakta Kamal,0,0,0,0,0,0,hau,ya kamata gwamnati da kamfanoni su zuba jari a kannywood darakta kamal
hau_train_track_a_00632,kaji ƴan iskan banza da wofi kun je kunyi iskancin ku zaku rainawa mutane hankali abin ɓoye ne ya fito fili allah ya sawwaƙe amin,1,0,0,0,0,0,hau,kaji ƴan iskan banza da wofi kun je kunyi iskancin ku zaku rainawa mutane hankali abin ɓoye ne ya fito fili allah ya sawwaƙe amin
hau_train_track_a_00633,Uwa da 'Ya sun sheka barzahu bayan fasto ya basu jikon magani sun sha,0,0,1,0,1,1,hau,uwa da ya sun sheka barzahu bayan fasto ya basu jikon magani sun sha
hau_train_track_a_00634,Allah ka watsa su mugaye kawai😭,1,0,0,0,0,0,hau,allah ka watsa su mugaye kawai😭
hau_train_track_a_00635,Ka yarda da ikon Allah - Sarakunan gargajiya sun shawarci Atiku,0,0,0,0,0,0,hau,ka yarda da ikon allah sarakunan gargajiya sun shawarci atiku
hau_train_track_a_00636,"Harin Kuje: Kun Bani Kunya, Buhari Ya Fada Wa Hukumomin Tattara Bayanan Sirri",0,0,0,0,1,0,hau,harin kuje kun bani kunya buhari ya fada wa hukumomin tattara bayanan sirri
hau_train_track_a_00637,"Anyi ruwa, kashin shanu ya jike ga yara sun shiga garken suna ta wanka da shi Harda masu ci",0,1,0,0,0,0,hau,anyi ruwa kashin shanu ya jike ga yara sun shiga garken suna ta wanka da shi harda masu ci
hau_train_track_a_00638,Yanzu-yanzu: Sabbin mutane 543 sun kamu da cutar COVID-19 a Nigeria,0,0,1,0,1,0,hau,yanzuyanzu sabbin mutane 543 sun kamu da cutar covid19 a nigeria
hau_train_track_a_00639,Ta taka zawon da akai kan hanya,0,1,0,0,0,0,hau,ta taka zawon da akai kan hanya
hau_train_track_a_00640,wai wannan kazantace ko kuma rashi iya wanki amma ki canza bai miki makeup saboda kinfara likin,0,1,0,0,0,1,hau,wai wannan kazantace ko kuma rashi iya wanki amma ki canza bai miki makeup saboda kinfara likin
hau_train_track_a_00641,Fatan alheri zuwa gareki😍,0,0,0,1,0,0,hau,fatan alheri zuwa gareki😍
hau_train_track_a_00642,Kwankwaso ya gina makaranta don murnar cika shekaru 64 da haihuwarsa,0,0,0,1,0,0,hau,kwankwaso ya gina makaranta don murnar cika shekaru 64 da haihuwarsa
hau_train_track_a_00643,Ni Yasin kowa sai an mai dinnan taban daria over😂 dagaji kasan dan iskane kawai ya rubuta😂,0,0,0,1,0,0,hau,ni yasin kowa sai an mai dinnan taban daria over😂 dagaji kasan dan iskane kawai ya rubuta😂
hau_train_track_a_00644,"Bayan dakatar da Abba Kyari, IGP ya gargadi sauran jam'ian 'yan sandan Najeriya",0,0,1,0,0,0,hau,bayan dakatar da abba kyari igp ya gargadi sauran jamian yan sandan najeriya
hau_train_track_a_00645,Wannan cuta akwai rashin kunya dai😂😂 @<username>,0,0,0,0,0,0,hau,wannan cuta akwai rashin kunya dai😂😂 username
hau_train_track_a_00646,"Yanzu Yanzu: Allah ya yi wa jarumin Kannywood, Ahmad Tage rasuwa",0,0,0,0,1,0,hau,yanzu yanzu allah ya yi wa jarumin kannywood ahmad tage rasuwa
hau_train_track_a_00647,Kalli kyawawan hotunan Aisha Yesufu da mijinta yayin da suke murnar shekaru 21 da aure,0,0,0,1,0,0,hau,kalli kyawawan hotunan aisha yesufu da mijinta yayin da suke murnar shekaru 21 da aure
hau_train_track_a_00648,🤣🤣🤣 ko kyau bb,0,1,0,0,0,0,hau,🤣🤣🤣 ko kyau bb
hau_train_track_a_00649,Karasa wake rubuta Mai abun nan🤔 wani abun dakajishi sai Kai mamakin wai Anya kuwa anyi bincike kan fadin shi,1,0,0,0,0,1,hau,karasa wake rubuta mai abun nan🤔 wani abun dakajishi sai kai mamakin wai anya kuwa anyi bincike kan fadin shi
hau_train_track_a_00650,Innalillahi wayyo Allah🙆Dan Allah gwamnati kisa baki adaena kashe su😭😭basuda laifi gara kuyi sasanci tsakaninku da adinga kashesu babu gaira babu dalili..Dan Allah kuyi wani abu akae mutuwa kawae akeyi😭😭,0,0,1,0,1,0,hau,innalillahi wayyo allah🙆dan allah gwamnati kisa baki adaena kashe su😭😭basuda laifi gara kuyi sasanci tsakaninku da adinga kashesu babu gaira babu dalilidan allah kuyi wani abu akae mutuwa kawae akeyi😭😭
hau_train_track_a_00651,"Abin mamaki mutum yadinga girba karya, a,haukan tunaninsa daidai yake yi kaidai kwai surrkududu🦓🦓🦓🐴🐴🐴",1,0,0,0,0,1,hau,abin mamaki mutum yadinga girba karya ahaukan tunaninsa daidai yake yi kaidai kwai surrkududu🦓🦓🦓🐴🐴🐴
hau_train_track_a_00652,Idan wannan ya fadi ai tashi zai masa wuya... 😂,0,0,0,1,0,0,hau,idan wannan ya fadi ai tashi zai masa wuya 😂
hau_train_track_a_00653,Gyambon da ke kafar sa yana fitar da ruwa mai wari da ya ja hankalin kwari,0,1,0,0,0,0,hau,gyambon da ke kafar sa yana fitar da ruwa mai wari da ya ja hankalin kwari
hau_train_track_a_00654,Sheikh Dahiru Bauchi ya yi buda-baki da tawagar fastocin jihohi 19 na arewa,0,0,0,0,0,0,hau,sheikh dahiru bauchi ya yi budabaki da tawagar fastocin jihohi 19 na arewa
hau_train_track_a_00655,Aikin Banza Aikin Hofi. mtswwwww 🚶🚶🚶,1,0,0,0,0,0,hau,aikin banza aikin hofi mts 🚶🚶🚶
hau_train_track_a_00656,"Katobara: Allah-n da ya yi mana maganin mulkin Abacha, shine zai kara taimakon mu a 2019 – Obasanjo",0,0,0,0,0,0,hau,katobara allahn da ya yi mana maganin mulkin abacha shine zai kara taimakon mu a 2019 – obasanjo
hau_train_track_a_00657,RS kina bura uba pah ki tayin sama! sama!! sama!!! bama hassada da yin Allah goooo 🏹🏹,0,0,0,1,0,0,hau,rs kina bura uba pah ki tayin sama sama sama bama hassada da yin allah goooo 🏹🏹
hau_train_track_a_00658,allah ya kare mu daga wannan cuta masu ita allah ya basu lafiya,0,0,1,0,1,0,hau,allah ya kare mu daga wannan cuta masu ita allah ya basu lafiya
hau_train_track_a_00659,allah kashiga tsakanin mu da wannan yariman,0,0,1,0,0,0,hau,allah kashiga tsakanin mu da wannan yariman
hau_train_track_a_00660,Cutar korona ta hallaka mutum 654 a Najeriya - NCDC,0,0,1,0,1,0,hau,cutar korona ta hallaka mutum 654 a najeriya ncdc
hau_train_track_a_00661,Dalibin Shekarar Ƙarshe a Jami’ar AUA Ya Kashe Abokiyar Karatunsa Akan iPhone,0,1,0,0,1,0,hau,dalibin shekarar ƙarshe a jami’ar aua ya kashe abokiyar karatunsa akan iphone
hau_train_track_a_00662,"An gurfanar da faston da ya nemi mabiyansa su biya N300,000 kudin shiga aljannah",0,0,0,0,0,1,hau,an gurfanar da faston da ya nemi mabiyansa su biya n300000 kudin shiga aljannah
hau_train_track_a_00663,Kotun koli ta tafka kuskure a yanke hukuncin kwace kujerar gwamnan Bayelsa - Falana,0,0,0,0,1,0,hau,kotun koli ta tafka kuskure a yanke hukuncin kwace kujerar gwamnan bayelsa falana
hau_train_track_a_00664,Na yi farin cikin jin muryan diyata – Mahaifin Leah Sharibu,0,0,0,1,0,0,hau,na yi farin cikin jin muryan diyata – mahaifin leah sharibu
hau_train_track_a_00665,dan allah a saya mana makamai da kuɗinnan abawa maaikatanmu na staru bama sturon kurona kidnapping muke sturo da kuma bandits,0,0,0,0,1,0,hau,dan allah a saya mana makamai da kuɗinnan abawa maaikatanmu na staru bama sturon kurona kidnapping muke sturo da kuma bandits
hau_train_track_a_00666,Bera ya fada tukunyar farfesu,0,1,0,0,0,0,hau,bera ya fada tukunyar farfesu
hau_train_track_a_00667,"Nollywood: FFK, Dino, Ezeife sun bayyana a cikin wasan ‘Silent Prejudice’",0,0,0,0,0,0,hau,nollywood ffk dino ezeife sun bayyana a cikin wasan ‘silent prejudice’
hau_train_track_a_00668,"Wajen da aka yi hastarin mota jiya, jini kamar a mahauta",0,1,0,0,0,0,hau,wajen da aka yi hastarin mota jiya jini kamar a mahauta
hau_train_track_a_00669,"Duk da matsalar Corona, likitoci sun shiga yajin aikin dindindin a Najeriya",0,0,0,0,1,0,hau,duk da matsalar corona likitoci sun shiga yajin aikin dindindin a najeriya
hau_train_track_a_00670,Ya subhanallahi 😭💔Allah ya jiqansu ya gafarta musu ameen,0,0,0,0,1,0,hau,ya subhanallahi 😭💔allah ya jiqansu ya gafarta musu ameen
hau_train_track_a_00671,An yiwa Lakcara korar kare bayan ya nemi lalata da dalibar shi,0,1,0,0,0,0,hau,an yiwa lakcara korar kare bayan ya nemi lalata da dalibar shi
hau_train_track_a_00672,Mutumin yayi amai kuma ya lashe,0,1,0,0,0,0,hau,mutumin yayi amai kuma ya lashe
hau_train_track_a_00673,Wai ya hada yan sanda da sojoji fada🤣 ##URL##,0,0,0,0,0,1,hau,wai ya hada yan sanda da sojoji fada🤣 url
hau_train_track_a_00674,"Da duminsa: Allah ya yiwa Dan Iyan Zazzau, Alhaji Yusuf Ladan, rasuwa",0,0,0,0,1,0,hau,da duminsa allah ya yiwa dan iyan zazzau alhaji yusuf ladan rasuwa
hau_train_track_a_00675,"Allah ya yiwa uwargidar Sarkin Muradun rasuwa, Buhari ya aika sakon ta'aziyya",0,0,0,0,1,0,hau,allah ya yiwa uwargidar sarkin muradun rasuwa buhari ya aika sakon taaziyya
hau_train_track_a_00676,Wanda suke shirin wargazaku dea wargaza Nigeria ai sai Allah amma inshaa Allah karshen gwamnatin zalunci yazo 😎,1,0,0,0,0,0,hau,wanda suke shirin wargazaku dea wargaza nigeria ai sai allah amma inshaa allah karshen gwamnatin zalunci yazo 😎
hau_train_track_a_00677,Subhanallah Allah yakawomuna karshen wannan Annobar akasarmu bakidaya 🙏,0,0,1,0,1,0,hau,subhanallah allah yakawomuna karshen wannan annobar akasarmu bakidaya 🙏
hau_train_track_a_00678,gaskiya rashin sannin irin illar karya take dashi da kuma zununbin makaryaci shiya jawo miki in da ace kinyi islamiyya yadda ya kamata da kin rage wannan sharara karyar,0,1,0,0,1,0,hau,gaskiya rashin sannin irin illar karya take dashi da kuma zununbin makaryaci shiya jawo miki in da ace kinyi islamiyya yadda ya kamata da kin rage wannan sharara karyar
hau_train_track_a_00679,Iko sai Allah: Ku sadu da wata kyakkyawar mata da ke soyayya da fatalwa,0,0,0,0,0,1,hau,iko sai allah ku sadu da wata kyakkyawar mata da ke soyayya da fatalwa
hau_train_track_a_00680,Nifa anawa tunanin yawan barnannan da akeyi wlh da sakacin wasu iyayenma 😞😞,0,0,0,0,1,0,hau,nifa anawa tunanin yawan barnannan da akeyi wlh da sakacin wasu iyayenma 😞😞
hau_train_track_a_00681,Hotunan takardun da ƴan ISWAP suka raba wa mutane a Borno suna gargaɗinsu game da kai wa sojoji tsegumi,0,0,1,0,0,0,hau,hotunan takardun da ƴan iswap suka raba wa mutane a borno suna gargaɗinsu game da kai wa sojoji tsegumi
hau_train_track_a_00682,Abin da ke kawo matsala a Kannywood – Fatima Maina,0,0,0,0,0,0,hau,abin da ke kawo matsala a kannywood – fatima maina
hau_train_track_a_00683,Faduwar darajar Naira ta kawo cikas a kasuwancinmu – Alhaji Sulaiman,0,0,0,0,1,0,hau,faduwar darajar naira ta kawo cikas a kasuwancinmu – alhaji sulaiman
hau_train_track_a_00684,Allah ya isa kudina😡,1,0,0,0,0,0,hau,allah ya isa kudina😡
hau_train_track_a_00685,Wasikar Obasanjo zai taimakawa Buhari wajen samun nasara a zaben 2019,0,0,0,0,0,0,hau,wasikar obasanjo zai taimakawa buhari wajen samun nasara a zaben 2019
hau_train_track_a_00686,An bukaci ’yan fim su mayar da hankali kan fina-finan bayanai,0,0,0,0,0,0,hau,an bukaci ’yan fim su mayar da hankali kan finafinan bayanai
hau_train_track_a_00687,kungiyar ASALLIN ta nemi gwamnati ta rika damawa da ita(5),0,0,0,0,0,0,hau,kungiyar asallin ta nemi gwamnati ta rika damawa da ita5
hau_train_track_a_00688,An Shiga Tashin Hankali a Wata Jami'a Yayin da Malamai Uku Suka Mutu Rana Daya,0,0,1,0,1,0,hau,an shiga tashin hankali a wata jamia yayin da malamai uku suka mutu rana daya
hau_train_track_a_00689,Kud tsiyarki bazai taba sanin kii ba🤪🤪 @<username>,0,0,0,0,0,0,hau,kud tsiyarki bazai taba sanin kii ba🤪🤪 username
hau_train_track_a_00690,karyar banza tun yaushe mukejin wannan tatsuniyar,1,0,0,0,0,0,hau,karyar banza tun yaushe mukejin wannan tatsuniyar
hau_train_track_a_00691,"Munga Gawar manoma 43, meyasa har yanzu ba'a ganin Gawar 'yan Boko Haram da ake kashe wa. Don ALLAH a dena wannan wasan karyan😥",0,0,0,0,1,0,hau,munga gawar manoma 43 meyasa har yanzu baa ganin gawar yan boko haram da ake kashe wa don allah a dena wannan wasan karyan😥
hau_train_track_a_00692,Hauka maganinta Allah: Wani mutumi ya hallaka matarsa mai kaunarsa da ɗan da suka haifa,0,1,0,0,1,0,hau,hauka maganinta allah wani mutumi ya hallaka matarsa mai kaunarsa da ɗan da suka haifa
hau_train_track_a_00693,Kai kaji yan iska mtsewww 😌😌,1,0,0,0,0,0,hau,kai kaji yan iska mtsewww 😌😌
hau_train_track_a_00694,Yaran suna wasa a cikin ruwan bolan,0,1,0,0,0,0,hau,yaran suna wasa a cikin ruwan bolan
hau_train_track_a_00695,duk da takun kumin sa,0,0,0,0,0,1,hau,duk da takun kumin sa
hau_train_track_a_00696,Hahahaha Allah ya taimaki honorable gudaji kazaure fatan alheri😂😂😂,0,0,0,1,0,0,hau,hahahaha allah ya taimaki honorable gudaji kazaure fatan alheri😂😂😂
hau_train_track_a_00697,"Munyi Nadamar Goyon Bayan Buhari, Muna Roƙon Allah Ya Yafe Mana, Tsohon Gwamna",1,0,0,0,1,0,hau,munyi nadamar goyon bayan buhari muna roƙon allah ya yafe mana tsohon gwamna
hau_train_track_a_00698,kaiii bbc kun iya kawo abin alajabi,0,0,0,0,0,1,hau,kaiii bbc kun iya kawo abin alajabi
hau_train_track_a_00699,Wasu da su kayi wa Buhari fatan mutuwa amma su ka riga sa zuwa gidan gaskiya,0,0,0,0,0,1,hau,wasu da su kayi wa buhari fatan mutuwa amma su ka riga sa zuwa gidan gaskiya
hau_train_track_a_00700,gaskiya yaya aminu kayi don kasani cikin farin ciki sosai,0,0,0,1,0,0,hau,gaskiya yaya aminu kayi don kasani cikin farin ciki sosai
hau_train_track_a_00701,"😂😂😂 kash kaga tsiyar mutanenan ko, badamuwa inya kauce wa hukunckin kotu bai Isa ya kaucewa na ubangiji ba ai. Allah na Nan a madakata.",1,0,0,0,1,0,hau,😂😂😂 kash kaga tsiyar mutanenan ko badamuwa inya kauce wa hukunckin kotu bai isa ya kaucewa na ubangiji ba ai allah na nan a madakata
hau_train_track_a_00702,Bello Muhammed Bello zai yi kwal-kwabo domin cika alkawari,0,0,0,0,0,0,hau,bello muhammed bello zai yi kwalkwabo domin cika alkawari
hau_train_track_a_00703,"An yi taron murnar dawowar Tinubu Najeriya, ya magantu kan tafiya da dawowarsa",0,0,0,1,0,0,hau,an yi taron murnar dawowar tinubu najeriya ya magantu kan tafiya da dawowarsa
hau_train_track_a_00704,Duk shekarun dazatayi bazata Tara cholesterol a jikintaba😂😂😂😂,0,0,0,1,0,0,hau,duk shekarun dazatayi bazata tara cholesterol a jikintaba😂😂😂😂
hau_train_track_a_00705,Saudiya ta kori manyan jami’anta saboda cuwacuwa,0,0,0,0,0,0,hau,saudiya ta kori manyan jami’anta saboda cuwacuwa
hau_train_track_a_00706,allah ya qara tsare mu daga sharrin masu sharri bi jahid sayyadil ummah,0,0,1,0,1,0,hau,allah ya qara tsare mu daga sharrin masu sharri bi jahid sayyadil ummah
hau_train_track_a_00707,"Wllh wannan azzalumi magani guda a harbe shi har lahira domin yazama darasi ga azzalummai irin shi, Ni gaskiya banga alamun yin adalci a gwamnatin Shugaba ba wllh, Wannan ta'asa har ina?😭😭😭😭😭😭😭😭😭😭😭😭😭😭",1,0,0,0,0,0,hau,wllh wannan azzalumi magani guda a harbe shi har lahira domin yazama darasi ga azzalummai irin shi ni gaskiya banga alamun yin adalci a gwamnatin shugaba ba wllh wannan taasa har ina😭😭😭😭😭😭😭😭😭😭😭😭😭😭
hau_train_track_a_00708,Rakumi girman ka na banza dan akuya ya fika duwaiwai. 😅,1,0,0,0,0,0,hau,rakumi girman ka na banza dan akuya ya fika duwaiwai 😅
hau_train_track_a_00709,imagine years girl raped by persons over month ayam sorry to asked like how kidnapping dinta sukayi suka daureta daki over month kokuwa plz dan allah inason qarin haske,0,0,1,0,0,1,hau,imagine years girl raped by persons over month ayam sorry to asked like how kidnapping dinta sukayi suka daureta daki over month kokuwa plz dan allah inason qarin haske
hau_train_track_a_00710,Ya kwaro ma ta amai a baki,0,1,0,0,0,0,hau,ya kwaro ma ta amai a baki
hau_train_track_a_00711,allah yajikansa yasa aljannah ce makoma,0,0,0,0,1,0,hau,allah yajikansa yasa aljannah ce makoma
hau_train_track_a_00712,Wani yaro yabar ciwonsa yana wari saboda rashin kula har ya fara tsutsa,0,1,0,0,0,0,hau,wani yaro yabar ciwonsa yana wari saboda rashin kula har ya fara tsutsa
hau_train_track_a_00713,"Kai Cho 🤔🤔 wannan karin maganar shine dai dai da irin salon mulkin Manjo mu Al, ummar arewacin Nigeria mun zabe shi yana cin uban mu yan kudu suna cin moriyar mulkin sa shine inuwar giginya na nesa kan shaki buhari",1,0,0,0,1,0,hau,kai cho 🤔🤔 wannan karin maganar shine dai dai da irin salon mulkin manjo mu al ummar arewacin nigeria mun zabe shi yana cin uban mu yan kudu suna cin moriyar mulkin sa shine inuwar giginya na nesa kan shaki buhari
hau_train_track_a_00714,karya take fitsararriya maras kunya,1,1,0,0,0,0,hau,karya take fitsararriya maras kunya
hau_train_track_a_00715,"Gwamna Zulum Ya Kai Ziyarar Bazata Wasu Asibitoci, Ya Ɗauki Mataki Kan Abinda Ya Gano",0,0,0,0,0,1,hau,gwamna zulum ya kai ziyarar bazata wasu asibitoci ya ɗauki mataki kan abinda ya gano
hau_train_track_a_00716,cab muna ruwa,0,0,1,0,0,0,hau,cab muna ruwa
hau_train_track_a_00717,Muna cin abinci tazo wuce da kashi cikin poo,0,1,0,0,0,0,hau,muna cin abinci tazo wuce da kashi cikin poo
hau_train_track_a_00718,Goron Sallah: Muhimman mas’aloli 10 da addinin Musulunci ya kawo a kan biki da sallar idi,0,0,0,0,0,0,hau,goron sallah muhimman mas’aloli 10 da addinin musulunci ya kawo a kan biki da sallar idi
hau_train_track_a_00719,"Alkawari ya cika, an daura auren Hanan Buhari da Turad Sha'aban (Hotuna)",0,0,0,1,0,0,hau,alkawari ya cika an daura auren hanan buhari da turad shaaban hotuna
hau_train_track_a_00720,Haba Adamu dan Allah da girman ka geme geme da kai amma kake karya 🙄 gaskia baka da ta ido wlh 😩😩,0,0,0,0,1,0,hau,haba adamu dan allah da girman ka geme geme da kai amma kake karya 🙄 gaskia baka da ta ido wlh 😩😩
hau_train_track_a_00721,Allah Ya Yi Mun Gamon Katar: Matar Aure Ta Wallafa Hotunan Mijinta Yana Tayata Girki A Icce,0,0,0,1,0,1,hau,allah ya yi mun gamon katar matar aure ta wallafa hotunan mijinta yana tayata girki a icce
hau_train_track_a_00722,Ammande wannan anyi dan akuya ☹️,1,0,0,0,0,0,hau,ammande wannan anyi dan akuya ☹️
hau_train_track_a_00723,Mazauna sun fusata bayan dakatar da Hakimi kan zargin rungumar baki a Abuja,1,0,0,0,0,0,hau,mazauna sun fusata bayan dakatar da hakimi kan zargin rungumar baki a abuja
hau_train_track_a_00724,Da dumi-dumi: 'Yan Boko Haram sun kashe mutane 14 akan iyakar Najeriya da Kamaru,0,0,0,0,1,0,hau,da dumidumi yan boko haram sun kashe mutane 14 akan iyakar najeriya da kamaru
hau_train_track_a_00725,Da alaman su Jagaban an fara tsoro! 🤔,0,0,1,0,0,1,hau,da alaman su jagaban an fara tsoro 🤔
hau_train_track_a_00726,"Sojoji sun kama 'yan bindiga 25, sun kwato makamai masu yawa (Hotuna)",0,0,0,1,0,0,hau,sojoji sun kama yan bindiga 25 sun kwato makamai masu yawa hotuna
hau_train_track_a_00727,Saudiyya: Sarki Salman ya sa a kara wa'adin zaman baki kyauta,0,0,0,1,0,0,hau,saudiyya sarki salman ya sa a kara waadin zaman baki kyauta
hau_train_track_a_00728,"Aikinka ya na kyau, Shugaban kasar Faransa, Macron ya fadawa Mai kamfanin BUA",0,0,0,1,0,0,hau,aikinka ya na kyau shugaban kasar faransa macron ya fadawa mai kamfanin bua
hau_train_track_a_00729,"Abun mamaki, an haifo jariri tare da mahaifarsa.",0,0,0,0,0,1,hau,abun mamaki an haifo jariri tare da mahaifarsa
hau_train_track_a_00730,allah ya rabamu da yahudawa duk yahudanchini wllh watakila nadiya ku,0,0,1,0,1,0,hau,allah ya rabamu da yahudawa duk yahudanchini wllh watakila nadiya ku
hau_train_track_a_00731,Ya taune tsutsa,0,1,0,0,0,0,hau,ya taune tsutsa
hau_train_track_a_00732,Koh waya cema barawo nada amana dama shirme kawai🤦‍♂️,1,0,0,0,1,0,hau,koh waya cema barawo nada amana dama shirme kawai🤦‍♂️
hau_train_track_a_00733,"Allah ya amince jam'iyyar APC ta gudanar da babban taro na ƙasa, Gwamna ya faɗi wani sirri",0,0,0,1,0,0,hau,allah ya amince jamiyyar apc ta gudanar da babban taro na ƙasa gwamna ya faɗi wani sirri
hau_train_track_a_00734,Zamani! Mara aure su keba masu aure shawara😂😂,0,0,0,0,0,1,hau,zamani mara aure su keba masu aure shawara😂😂
hau_train_track_a_00735,‘Yan bindiga sun kashe wani hamshakin mai kudi a Katsina,0,0,1,0,1,0,hau,‘yan bindiga sun kashe wani hamshakin mai kudi a katsina
hau_train_track_a_00736,To Yaya ranku yan baqin ciki 😂😂😂😂😂😂 messix,1,0,0,0,0,0,hau,to yaya ranku yan baqin ciki 😂😂😂😂😂😂 messix
hau_train_track_a_00737,Allah mai iko: Yadda mai jinyar korona ta haihu a asibitin Najeriya,0,0,0,0,0,1,hau,allah mai iko yadda mai jinyar korona ta haihu a asibitin najeriya
hau_train_track_a_00738,to allah ya shiga tsakanin nagari da mugu,0,0,1,0,0,0,hau,to allah ya shiga tsakanin nagari da mugu
hau_train_track_a_00739,Dattijo mara lafiya na bara yana nuna ruɓaɓɓen kafan sa a titi,0,1,0,0,0,0,hau,dattijo mara lafiya na bara yana nuna ruɓaɓɓen kafan sa a titi
hau_train_track_a_00740,"Zamfara: Yan bindiga sun kai wani mummunan har kauyuka huɗu, sun halaka aƙalla mutum 17",0,0,1,0,1,0,hau,zamfara yan bindiga sun kai wani mummunan har kauyuka huɗu sun halaka aƙalla mutum 17
hau_train_track_a_00741,Tsohon shugaban kasar Gambia zai fuskanci fushin doka saboda kashe wasu 'yan Najeriya,1,0,0,0,0,0,hau,tsohon shugaban kasar gambia zai fuskanci fushin doka saboda kashe wasu yan najeriya
hau_train_track_a_00742,Tashin hankali: Kyakkyawar budurwa ta kashe kanta saboda ta rasa masoya a dandalin Instagram,0,0,1,0,1,1,hau,tashin hankali kyakkyawar budurwa ta kashe kanta saboda ta rasa masoya a dandalin instagram
hau_train_track_a_00743,Dama bayin kanawa ne 🤣,0,0,0,1,0,0,hau,dama bayin kanawa ne 🤣
hau_train_track_a_00744,Wai Dan Allah wanna da gsk neh kode wasa neh kan 😑😑😑😑,0,0,0,0,0,1,hau,wai dan allah wanna da gsk neh kode wasa neh kan 😑😑😑😑
hau_train_track_a_00745,Dadina daku kun Iya karya.😆,0,0,0,0,1,0,hau,dadina daku kun iya karya😆
hau_train_track_a_00746,Allah yajiqanshi da rahmarshi 🤲,0,0,0,0,1,0,hau,allah yajiqanshi da rahmarshi 🤲
hau_train_track_a_00747,"Subhanalli,Allah ya kawo mana dauki🤲",0,0,1,0,0,0,hau,subhanalliallah ya kawo mana dauki🤲
hau_train_track_a_00748,Kichanza tailor. Ask me why? Pic 1 &amp; 2 is quite okay Pic 3&amp;4 breast cub din ya loose ciki ND ya nuna chiko kikayi 😂🤣😂😂🤣😂,0,0,0,1,0,0,hau,kichanza tailor ask me why pic 1 amp 2 is quite okay pic 3amp4 breast cub din ya loose ciki nd ya nuna chiko kikayi 😂🤣😂😂🤣😂
hau_train_track_a_00749,Jami'ar OAU ta dakatar da malami kan lalata da daliba,0,1,0,0,0,0,hau,jamiar oau ta dakatar da malami kan lalata da daliba
hau_train_track_a_00750,Yadda wata mata ta yi wa jami'an PHCN mugun duka da yaje karbar wuta ana kulle (Bidiyo),1,0,0,0,0,1,hau,yadda wata mata ta yi wa jamian phcn mugun duka da yaje karbar wuta ana kulle bidiyo
hau_train_track_a_00751,Ikon Allah? 🤔 Waini abinga naban mamaki komi akayi sai kuce siyasace. Alhalin yanzu buhari baida sauran wata siyasa agabanai da za'a batamai suna don kar azabeshi al'umma fa yanzu sunwaye basa siyasa lokacinda banataba dazarar abu yawuce baya suke bash.,0,0,0,0,0,1,hau,ikon allah 🤔 waini abinga naban mamaki komi akayi sai kuce siyasace alhalin yanzu buhari baida sauran wata siyasa agabanai da zaa batamai suna don kar azabeshi alumma fa yanzu sunwaye basa siyasa lokacinda banataba dazarar abu yawuce baya suke bash
hau_train_track_a_00752,anya kuwa rahama kin damu da abinda akaiwa kuwa ana jimami amma kawaii tallata mati a zazzau kike 😂😂🤣🤣,0,0,0,0,0,1,hau,anya kuwa rahama kin damu da abinda akaiwa kuwa ana jimami amma kawaii tallata mati a zazzau kike 😂😂🤣🤣
hau_train_track_a_00753,Kundin Kannywood: Saura kadan ya rage na auri Nafisa Abdullahi da Fati Washa,0,0,0,0,0,0,hau,kundin kannywood saura kadan ya rage na auri nafisa abdullahi da fati washa
hau_train_track_a_00754,Dole uwar naqi 😂😂😂🤣. Amuruka ta sha wahala,0,0,0,1,0,0,hau,dole uwar naqi 😂😂😂🤣 amuruka ta sha wahala
hau_train_track_a_00755,Kutumar uba yana gudun dare yayi yagano laipinsa😂😂😂,0,0,0,0,0,0,hau,kutumar uba yana gudun dare yayi yagano laipinsa😂😂😂
hau_train_track_a_00756,"🤣🤣🤣 yana ruwa, inconclusive.",0,0,0,0,0,0,hau,🤣🤣🤣 yana ruwa inconclusive
hau_train_track_a_00757,"Koyan diban kudin Qasa akai qasashen waje, tareda tarawa magada dukiyar qasa don gudin idan anbar duniya iyali suyu talauci 🙏 I’m sorry for saying that, I can’t be control of my tongue 🙏",0,0,0,0,1,0,hau,koyan diban kudin qasa akai qasashen waje tareda tarawa magada dukiyar qasa don gudin idan anbar duniya iyali suyu talauci 🙏 i’m sorry for saying that i can’t be control of my tongue 🙏
hau_train_track_a_00758,Zabe: RTEAN tayi alkawarin bawa Buhari kuri'u miliyan 16,0,0,0,0,0,0,hau,zabe rtean tayi alkawarin bawa buhari kuriu miliyan 16
hau_train_track_a_00759,"A baya mun yi soyayya da Adam A. Zango, sai dai yanzu mutunci ne kawai tsakaninmu – Nafisa Abdullahi",0,0,0,0,0,0,hau,a baya mun yi soyayya da adam a zango sai dai yanzu mutunci ne kawai tsakaninmu – nafisa abdullahi
hau_train_track_a_00760,Allah ya yi wa Sarkin Bwari rasuwa,0,0,0,0,1,0,hau,allah ya yi wa sarkin bwari rasuwa
hau_train_track_a_00761,Tirqashi! Ance Mu Nisanci Gumaka Keh Kuma Kusantarsu Ma Kike🤮🤢,0,1,0,0,0,0,hau,tirqashi ance mu nisanci gumaka keh kuma kusantarsu ma kike🤮🤢
hau_train_track_a_00762,"Jirgin Sama Dauke da Mayan Mutane 10 Ya Yi Saukar Gaggawa Tare da Fantsama Daji, Bayanai Sun Fito",0,0,1,0,0,0,hau,jirgin sama dauke da mayan mutane 10 ya yi saukar gaggawa tare da fantsama daji bayanai sun fito
hau_train_track_a_00763,innalillahi kai allah yaye musumuma nan allah kawo mana sauki allah ka kawo mana karshen masifa amin ya allah,0,0,1,0,1,0,hau,innalillahi kai allah yaye musumuma nan allah kawo mana sauki allah ka kawo mana karshen masifa amin ya allah
hau_train_track_a_00764,Annobar Corona: Bankin Access ta garkame ofishinta a Legas bayan bullar cutar,0,0,0,0,0,0,hau,annobar corona bankin access ta garkame ofishinta a legas bayan bullar cutar
hau_train_track_a_00765,....tohm shikuma dan zango daya koma lagos da zama waye zae karasa mana #basajagadaga ..... Abeg help me ask hiim kodae mu cire rai neh kawae😢 @<username>,0,0,0,0,1,0,hau,tohm shikuma dan zango daya koma lagos da zama waye zae karasa mana basajagadaga abeg help me ask hiim kodae mu cire rai neh kawae😢 username
hau_train_track_a_00766,Almajirai na tsince-tsinci akan bola,0,1,0,0,0,0,hau,almajirai na tsincetsinci akan bola
hau_train_track_a_00767,"Kai 😳 350? Dayawa gaskiya, Toh Allah Sarki.",0,0,0,0,0,1,hau,kai 😳 350 dayawa gaskiya toh allah sarki
hau_train_track_a_00768,Wannan maganar yabo ce ko kuma Akasin hakan? 🤭🤭🤭,0,0,0,0,0,1,hau,wannan maganar yabo ce ko kuma akasin hakan 🤭🤭🤭
hau_train_track_a_00769,Murnar mutuwar Kyari: Kwamishinan da Ganduje ya tube ya yi magana a karo na farko,0,0,0,0,0,1,hau,murnar mutuwar kyari kwamishinan da ganduje ya tube ya yi magana a karo na farko
hau_train_track_a_00770,"Sabida miye zaa kamata Mai tayi 😏 ga kidnappers da ya iskan gari da masu sata baza a kama su ba Sai ita ,ita fa laifin ta kawai shene anyi amfani da pictures dinta anyi batanci ..",1,0,0,0,1,0,hau,sabida miye zaa kamata mai tayi 😏 ga kidnappers da ya iskan gari da masu sata baza a kama su ba sai ita ita fa laifin ta kawai shene anyi amfani da pictures dinta anyi batanci
hau_train_track_a_00771,"Basu da tsafta sam, sunbar kwanukan wanke-wanke duk sunyi funfuna",0,1,0,0,0,0,hau,basu da tsafta sam sunbar kwanukan wankewanke duk sunyi funfuna
hau_train_track_a_00772,"1) Sauna kira mana shasha in kaga wawa ku taho tare, 2) Kwadayi mabudin wahala, 3) Susu da shasha 🤣",0,0,0,0,0,0,hau,1 sauna kira mana shasha in kaga wawa ku taho tare 2 kwadayi mabudin wahala 3 susu da shasha 🤣
hau_train_track_a_00773,ya allah allah ya shiga tsakaninmu dasu,0,0,1,0,0,0,hau,ya allah allah ya shiga tsakaninmu dasu
hau_train_track_a_00774,"hhhhhhhhhh😁😁😁 Allah yasa asacemu Don matsayin watan Ramadan, tsakaninmu da mutanen nan nikam sede Allah ya'isarmana",1,0,0,0,0,0,hau,hhhhhhhhhh😁😁😁 allah yasa asacemu don matsayin watan ramadan tsakaninmu da mutanen nan nikam sede allah yaisarmana
hau_train_track_a_00775,Nabi mati dagudu 😎😎😎 kin damai mu mai katon baki,1,0,0,0,0,0,hau,nabi mati dagudu 😎😎😎 kin damai mu mai katon baki
hau_train_track_a_00776,Ma'aikatu 50 na Gwamnatin Tarayya da babu Jagorori,0,0,0,0,0,0,hau,maaikatu 50 na gwamnatin tarayya da babu jagorori
hau_train_track_a_00777,"Kai ka ji renin wayo, hatta shi Wanda ya kamanma in ka bibiya shi ya fi kowa iya sata a lokacin da ya xana tashi WAEC din. Mtsewww 😗 ku bar yara su huce fushinsu na Corona, don kuwa kwakwalwarsu ta riga ta yi sanyyi.",1,0,0,0,0,0,hau,kai ka ji renin wayo hatta shi wanda ya kamanma in ka bibiya shi ya fi kowa iya sata a lokacin da ya xana tashi waec din mtsewww 😗 ku bar yara su huce fushinsu na corona don kuwa kwakwalwarsu ta riga ta yi sanyyi
hau_train_track_a_00778,allah raka taki gona dan asara dama farin jinin dayayi na kwankwasiyya ne yanzu yayi babun badulahu,1,0,0,0,0,0,hau,allah raka taki gona dan asara dama farin jinin dayayi na kwankwasiyya ne yanzu yayi babun badulahu
hau_train_track_a_00779,inya kuwa sadau,0,0,0,0,0,1,hau,inya kuwa sadau
hau_train_track_a_00780,An damke matasa 41 da ake zargi luwadi a taron banbadewa a jihar Bauchi,0,1,0,1,0,0,hau,an damke matasa 41 da ake zargi luwadi a taron banbadewa a jihar bauchi
hau_train_track_a_00781,allah yai musu mafita kuma su sani cewa zasu iya kashe musulmi ko su kulle su amma bazasu iya kashe musulunci ba,1,0,1,0,1,0,hau,allah yai musu mafita kuma su sani cewa zasu iya kashe musulmi ko su kulle su amma bazasu iya kashe musulunci ba
hau_train_track_a_00782,Hamza Al-Mustapha ya kai wa Wike ziyara a Fatakwal,0,0,0,0,0,0,hau,hamza almustapha ya kai wa wike ziyara a fatakwal
hau_train_track_a_00783,Mu gode BBC Hausa😂😂😂😂,0,0,0,1,0,0,hau,mu gode bbc hausa😂😂😂😂
hau_train_track_a_00784,Geidam ya nad-a masu ba shi shawara,0,0,0,0,0,0,hau,geidam ya nada masu ba shi shawara
hau_train_track_a_00785,An samu nasarar yi wa Sarki Salman tiyata a mafitsara,0,0,0,1,0,0,hau,an samu nasarar yi wa sarki salman tiyata a mafitsara
hau_train_track_a_00786,Allah ya kyauta: Wani matashi ya roki Rahama Sadau tayi fim din batsa koda guda daya ne,0,1,0,0,0,0,hau,allah ya kyauta wani matashi ya roki rahama sadau tayi fim din batsa koda guda daya ne
hau_train_track_a_00787,Zargin tsare dalibi: Aisha Buhari ta kulle shafinta na Twitter,0,0,0,0,0,0,hau,zargin tsare dalibi aisha buhari ta kulle shafinta na twitter
hau_train_track_a_00788,Zaka kwana kana mamaki😂,0,0,0,1,0,0,hau,zaka kwana kana mamaki😂
hau_train_track_a_00789,Buhari zai yi wa 'yan Najeriya jawabi ranar Alhamis,0,0,0,0,0,0,hau,buhari zai yi wa yan najeriya jawabi ranar alhamis
hau_train_track_a_00790,Su karbe wayoyinsa su bashi vivo 😡😡😡😡,1,0,0,0,0,0,hau,su karbe wayoyinsa su bashi vivo 😡😡😡😡
hau_train_track_a_00791,Really baban yarinya amma fa yakamata aboye gashin😎😎,0,0,0,1,0,1,hau,really baban yarinya amma fa yakamata aboye gashin😎😎
hau_train_track_a_00792,Real Madrid basu iya komai ba duk zasu buga Final sai sun hada da hassada 😏 Up @<username>,1,0,0,0,0,0,hau,real madrid basu iya komai ba duk zasu buga final sai sun hada da hassada 😏 up username
hau_train_track_a_00793,Toh fah!!! Wata sabuwa 🤣🤣🤣,0,0,0,0,0,1,hau,toh fah wata sabuwa 🤣🤣🤣
hau_train_track_a_00794,Kash! Kuma sai da aski ya zo dai-dai gaban goshi😏 Maraya baya shakkar mutuwar uban wani🙃,1,0,0,0,0,0,hau,kash kuma sai da aski ya zo daidai gaban goshi😏 maraya baya shakkar mutuwar uban wani🙃
hau_train_track_a_00795,Amma A Wannan Hoton Ai a Hannun Hagunsa Yake 🤔,0,0,0,0,0,1,hau,amma a wannan hoton ai a hannun hagunsa yake 🤔
hau_train_track_a_00796,Waya Taba mana Baba Falalu 💪🏻💪🏻💪🏻💪🏻,0,0,0,0,0,0,hau,waya taba mana baba falalu 💪🏻💪🏻💪🏻💪🏻
hau_train_track_a_00797,lallai wann abun haushi ne sulhu d dan taadda koa finafinan india baa wann,1,0,0,0,1,0,hau,lallai wann abun haushi ne sulhu d dan taadda koa finafinan india baa wann
hau_train_track_a_00798,"Malam Aminu ataimaka kar wnan abu yazama gaskiya dan yaran before fatiha zasuyi yawa ga murja, sumayya sanan ga Mahmud abun yayi yawa gaskiya. Gara dai acire mana sumayya sbd tsaro badin tsoro ba🙈🙈",0,0,1,0,0,0,hau,malam aminu ataimaka kar wnan abu yazama gaskiya dan yaran before fatiha zasuyi yawa ga murja sumayya sanan ga mahmud abun yayi yawa gaskiya gara dai acire mana sumayya sbd tsaro badin tsoro ba🙈🙈
hau_train_track_a_00799,Wani ya bayyana yadda ya kama kaninsa da matar fasto,0,1,0,0,1,0,hau,wani ya bayyana yadda ya kama kaninsa da matar fasto
hau_train_track_a_00800,Da barau yamain magana bakin sa wari kamar kwatar mai markaɗe,0,1,0,0,0,0,hau,da barau yamain magana bakin sa wari kamar kwatar mai markaɗe
hau_train_track_a_00801,Wata Mata ta yi ma mijinta dukan tsiya har sai daya fadi matacce a Kano,0,1,0,0,1,1,hau,wata mata ta yi ma mijinta dukan tsiya har sai daya fadi matacce a kano
hau_train_track_a_00802,"Dakarun sojoji sun yi artabu da yan bindiga a Filato, sun kashe mutum daya",0,0,0,0,0,0,hau,dakarun sojoji sun yi artabu da yan bindiga a filato sun kashe mutum daya
hau_train_track_a_00803,Bola Tinubu Ne ’Yan Najeriya Suka Fi Neman Bayansa a Kafar Google a Shekarar Nan a 2022,0,0,0,0,0,0,hau,bola tinubu ne ’yan najeriya suka fi neman bayansa a kafar google a shekarar nan a 2022
hau_train_track_a_00804,"PDP ta fadawa Buhari ya fatattaki shahararren Ministansa, ta fadi zunubin da ya aikata",1,0,0,0,0,0,hau,pdp ta fadawa buhari ya fatattaki shahararren ministansa ta fadi zunubin da ya aikata
hau_train_track_a_00805,"Shahrarren Jagoran Fulani, Saleh Bayari, ya rigamu gidan gaskiya",0,0,0,0,1,0,hau,shahrarren jagoran fulani saleh bayari ya rigamu gidan gaskiya
hau_train_track_a_00806,Wish you more success Ahead dear🥰 Allah ya taimaka ya bada sa'a 🙏ya kawo rabo mafi Alheri 🙏keep smiling my star ⭐ ✌️,0,0,0,1,0,0,hau,wish you more success ahead dear🥰 allah ya taimaka ya bada saa 🙏ya kawo rabo mafi alheri 🙏keep smiling my star ⭐ ✌️
hau_train_track_a_00807,"Dalibai 5 mata sun yi wa malaminsu a makarantar sakandire fyade, ya suma",1,1,0,0,0,1,hau,dalibai 5 mata sun yi wa malaminsu a makarantar sakandire fyade ya suma
hau_train_track_a_00808,wllh wannan azzalumi magani guda a harbe shi har lahira domin yazama darasi ga azzalummai irin shi ni gaskiya banga alamun yin adalci a gwamnatin shugaba ba wllh wannan taasa har ina,1,0,0,0,0,0,hau,wllh wannan azzalumi magani guda a harbe shi har lahira domin yazama darasi ga azzalummai irin shi ni gaskiya banga alamun yin adalci a gwamnatin shugaba ba wllh wannan taasa har ina
hau_train_track_a_00809,Lala Lala lalalalala ina turai yaradua?ina patience Jonathan? Kai ina Maryamu abatcha? Harda Maryamu Ibb? (Rip) duk sun kama hanyar gidajen su na gado. ........ kema nan da 2/1/2yrs zamu baki visa sai daura😂😂😂😂.,1,0,0,1,0,0,hau,lala lala lalalalala ina turai yaraduaina patience jonathan kai ina maryamu abatcha harda maryamu ibb rip duk sun kama hanyar gidajen su na gado kema nan da 212yrs zamu baki visa sai daura😂😂😂😂
hau_train_track_a_00810,Duk zantukan baya yaudarace kenan🤔,0,0,0,0,1,0,hau,duk zantukan baya yaudarace kenan🤔
hau_train_track_a_00811,matsalar mu na tareda mu kullum allah yakawo karsten wannan abu,0,0,1,0,1,0,hau,matsalar mu na tareda mu kullum allah yakawo karsten wannan abu
hau_train_track_a_00812,"Wato mutanenan basu rabu da abin mamaki 🤣🤣 next level Alhaji, jamaa kudaina walahar dakanku a kansu gani dai ya koriji🤣🤣",0,0,0,0,0,1,hau,wato mutanenan basu rabu da abin mamaki 🤣🤣 next level alhaji jamaa kudaina walahar dakanku a kansu gani dai ya koriji🤣🤣
hau_train_track_a_00813,Gidan adana kayan tarihi na Turkiyya ya wallafa hotunan wasu kayayyakin da annabi ya yi amfani da su,0,0,0,1,0,0,hau,gidan adana kayan tarihi na turkiyya ya wallafa hotunan wasu kayayyakin da annabi ya yi amfani da su
hau_train_track_a_00814,BBC hausa nakasa yadda da wannan shirmen kodai kunhadu da sharrin yan kutsen na'ura me kwakwalwane Wannan ai xalan akuyanci ne ku sauke wannan post din cin xarapine ga mutanen najeriya💔🇳🇬🇳🇬🇳🇬😠😠😠😠,1,0,0,0,0,0,hau,bbc hausa nakasa yadda da wannan shirmen kodai kunhadu da sharrin yan kutsen naura me kwakwalwane wannan ai xalan akuyanci ne ku sauke wannan post din cin xarapine ga mutanen najeriya💔🇳🇬🇳🇬🇳🇬😠😠😠😠
hau_train_track_a_00815,ki kiyayi gamuwarki da allah hajiya rahma sadau ki kiyayi lokacin da zaa baki littafinki ace ki karanta ya isheki hisabi اقرأ كتابك كفى بنفسك اليوم عليك حسيبا,0,0,0,0,1,0,hau,ki kiyayi gamuwarki da allah hajiya rahma sadau ki kiyayi lokacin da zaa baki littafinki ace ki karanta ya isheki hisabi اقرأ كتابك كفى بنفسك اليوم عليك حسيبا
hau_train_track_a_00816,Kasuwanci yana bukatar hakuri da juriya – Alhaji Iliyasu,0,0,0,0,0,0,hau,kasuwanci yana bukatar hakuri da juriya – alhaji iliyasu
hau_train_track_a_00817,Wani mutum ya yi barazanar kai coci kotu idan bata biya shi kuɗin baikonsa na shekaru 19 ba,0,0,0,0,0,0,hau,wani mutum ya yi barazanar kai coci kotu idan bata biya shi kuɗin baikonsa na shekaru 19 ba
hau_train_track_a_00818,ya subhanallahi allah yayimana magani matsalanan hakan kakeso bah,0,0,1,0,1,0,hau,ya subhanallahi allah yayimana magani matsalanan hakan kakeso bah
hau_train_track_a_00819,Jerin sunayen dalibai da malaman da aka sace a makarantar GSC Kagara,0,0,0,0,1,0,hau,jerin sunayen dalibai da malaman da aka sace a makarantar gsc kagara
hau_train_track_a_00820,Wata mata ta gwammace bara maimakon nemawa diyarta lafiya,0,1,0,0,0,0,hau,wata mata ta gwammace bara maimakon nemawa diyarta lafiya
hau_train_track_a_00821,Allah ya yi wa ƴar Sanata Wamakko rasuwa a Sokoto,0,0,0,0,1,0,hau,allah ya yi wa ƴar sanata wamakko rasuwa a sokoto
hau_train_track_a_00822,Babbar Magana: Ministan Buhari Ya Fallasa Yadda Ake Sata Ta Karkashin Kasa a Mulkin Shugaba Buhari,0,0,0,0,1,0,hau,babbar magana ministan buhari ya fallasa yadda ake sata ta karkashin kasa a mulkin shugaba buhari
hau_train_track_a_00823,allah yakiyaye nagaba rahama adinga kulawa kuma,0,0,1,0,0,0,hau,allah yakiyaye nagaba rahama adinga kulawa kuma
hau_train_track_a_00824,Kai Ɗan najeriya yana ganin rayuwa.. very soon zasuce mu fara biyan haraji akan shan iskar da muke.😂💔,0,0,0,0,1,0,hau,kai ɗan najeriya yana ganin rayuwa very soon zasuce mu fara biyan haraji akan shan iskar da muke😂💔
hau_train_track_a_00825,allah yakara kubutar da sauran dan darajar annabi saw,0,0,1,0,0,0,hau,allah yakara kubutar da sauran dan darajar annabi saw
hau_train_track_a_00826,"Kullum wannan yaron sai yayi bahaya ko fitsari akan shimfidarsa, amma a haka sai tayi sati ba'a wankeba.",0,1,0,0,0,0,hau,kullum wannan yaron sai yayi bahaya ko fitsari akan shimfidarsa amma a haka sai tayi sati baa wankeba
hau_train_track_a_00827,Hmmmmmmmm wata sabuwa kenan🙄🙄🙄,0,0,0,0,0,1,hau,hmmmmmmmm wata sabuwa kenan🙄🙄🙄
hau_train_track_a_00828,Inna lillahi wa inna ilaihi raji'un. Again kuma dai...Allah kai kasan dalili Allah mun tuba Allah ka takaita wadan nan masifu da ka jarrabi kasar mu da su😭😭,0,0,1,0,1,0,hau,inna lillahi wa inna ilaihi rajiun again kuma daiallah kai kasan dalili allah mun tuba allah ka takaita wadan nan masifu da ka jarrabi kasar mu da su😭😭
hau_train_track_a_00829,Baya fahimta kuma baya daganewa😣😔,0,0,0,0,1,0,hau,baya fahimta kuma baya daganewa😣😔
hau_train_track_a_00830,An kashe mutane da dama yayinda sabon rikici ya barke a Jalingo,0,0,1,0,1,0,hau,an kashe mutane da dama yayinda sabon rikici ya barke a jalingo
hau_train_track_a_00831,allah kagani munyi bakin kokarimmuh ya allah insunfi karfimmu kaikoh kafi karfinsu ya allah kasa muna hannu,0,0,1,0,1,0,hau,allah kagani munyi bakin kokarimmuh ya allah insunfi karfimmu kaikoh kafi karfinsu ya allah kasa muna hannu
hau_train_track_a_00832,Lallai akwai chakwakiya🤣🤣🤣,0,0,0,1,0,0,hau,lallai akwai chakwakiya🤣🤣🤣
hau_train_track_a_00833,Wata Yarinya tadauki rubabben nama mai wari a shara tanaci,0,1,0,0,0,0,hau,wata yarinya tadauki rubabben nama mai wari a shara tanaci
hau_train_track_a_00834,Allah kayima duk kan wani tsanani 🤲,1,0,0,0,0,0,hau,allah kayima duk kan wani tsanani 🤲
hau_train_track_a_00835,Aure ya kullu: Bidiyoyi da hotuna daga shagalin bikin Lilin Baba da kyakkyawar amaryarsa Ummi Rahab,0,0,0,1,0,0,hau,aure ya kullu bidiyoyi da hotuna daga shagalin bikin lilin baba da kyakkyawar amaryarsa ummi rahab
hau_train_track_a_00836,gaskiya ne wannan dattijon kirki buba galadima,0,0,0,1,0,0,hau,gaskiya ne wannan dattijon kirki buba galadima
hau_train_track_a_00837,Wannan Ai shashancine Kuma Wai a gonar baby kowa 😈😈😈😈,1,0,0,0,0,0,hau,wannan ai shashancine kuma wai a gonar baby kowa 😈😈😈😈
hau_train_track_a_00838,Allah ya yi: 'Yan sanda sun ceto wasu mutane 2 daga hannun ma su garkuwa a Zamfara,0,0,0,1,0,0,hau,allah ya yi yan sanda sun ceto wasu mutane 2 daga hannun ma su garkuwa a zamfara
hau_train_track_a_00839,Da kotun Da lauya Da lauyan da yatsawa jaɓɓeri Da wanda yaji daɗin hakan Da wanda yayi murna da hakan Your father beat your mummy Norse 👃👃,1,0,0,0,0,0,hau,da kotun da lauya da lauyan da yatsawa jaɓɓeri da wanda yaji daɗin hakan da wanda yayi murna da hakan your father beat your mummy norse 👃👃
hau_train_track_a_00840,allah ka tsare musilmai baki daya,0,0,1,0,0,0,hau,allah ka tsare musilmai baki daya
hau_train_track_a_00841,Duk zakunan da ya gama saki amman har dubu goma😩Allahumma ajirni fi musibati....,0,0,0,0,1,0,hau,duk zakunan da ya gama saki amman har dubu goma😩allahumma ajirni fi musibati
hau_train_track_a_00842,toh fa kin dawo ambassadorn infinix ne,0,0,0,0,0,1,hau,toh fa kin dawo ambassadorn infinix ne
hau_train_track_a_00843,Subahana babu amana😂,0,0,0,1,0,0,hau,subahana babu amana😂
hau_train_track_a_00844,Da duminsa: Allah ya yiwa Wazirin masarautar Hadejia rasuwa,0,0,0,0,1,0,hau,da duminsa allah ya yiwa wazirin masarautar hadejia rasuwa
hau_train_track_a_00845,allah sarki su shekarau anyi faduwar baqar tasa,0,1,0,0,1,0,hau,allah sarki su shekarau anyi faduwar baqar tasa
hau_train_track_a_00846,Za a saukar da Alkur’ani mai tsarki 100 domin Buhari,0,0,0,1,0,0,hau,za a saukar da alkur’ani mai tsarki 100 domin buhari
hau_train_track_a_00847,wai yan boko haram inan basu qarewa ne hakanan,0,0,0,0,0,1,hau,wai yan boko haram inan basu qarewa ne hakanan
hau_train_track_a_00848,Ashe Firmino Dan iska ne shi ma 🤣🤣,0,0,0,0,0,1,hau,ashe firmino dan iska ne shi ma 🤣🤣
hau_train_track_a_00849,Ka zo mu baka nasara a zaben 2019 - Guru Maharaji ya fadawab Buhari,0,0,0,0,0,0,hau,ka zo mu baka nasara a zaben 2019 guru maharaji ya fadawab buhari
hau_train_track_a_00850,Namiji da raino: Wani magidanci ya lakadawa diyarsa duka har Lahira saboda ya kasa lallashinta,0,1,0,0,1,1,hau,namiji da raino wani magidanci ya lakadawa diyarsa duka har lahira saboda ya kasa lallashinta
hau_train_track_a_00851,Gwamnonin Arewa sun yi Allah-wadai da hare-haren da aka kai Kudancin Kaduna,0,1,0,0,1,0,hau,gwamnonin arewa sun yi allahwadai da hareharen da aka kai kudancin kaduna
hau_train_track_a_00852,- Happy birthday to ABDALLAH ❤️ Allah ya raya ka cikin amince 🎁😀 ##URL##,0,0,0,1,0,0,hau,happy birthday to abdallah ❤️ allah ya raya ka cikin amince 🎁😀 url
hau_train_track_a_00853,Kaji gidan yayi tsit saboda da alura ta tono garma...Amma ba Dan hakaba da yanxu kaji gidan kaman zai tsage..sai BABA. 👇 ##URL##,0,0,0,0,0,0,hau,kaji gidan yayi tsit saboda da alura ta tono garmaamma ba dan hakaba da yanxu kaji gidan kaman zai tsagesai baba 👇 url
hau_train_track_a_00854,Ga koshi ga kwanan YINWA. 😂😂😂😂💵💴💶💵💴 #GidanBadamasiSeason2 #Episode7 Gobe Alhamis 8:00 na dare in sha Allah. Maimaicn #GidanBadamasiSeason2 ranar Juma'a da Lahadi da karfe 9:00am na safe. Only on #Arerewa24channel / #Arewa24OnDemand,0,0,0,0,0,0,hau,ga koshi ga kwanan yinwa 😂😂😂😂💵💴💶💵💴 gidanbadamasiseason2 episode7 gobe alhamis 800 na dare in sha allah maimaicn gidanbadamasiseason2 ranar jumaa da lahadi da karfe 900am na safe only on arerewa24channel arewa24ondemand
hau_train_track_a_00855,Ku kuma yan tsulku ina ruwanku da abinda kee faruwa Shikenan bakuda aikinyi sai yada bala'i😂😂,1,0,0,0,0,0,hau,ku kuma yan tsulku ina ruwanku da abinda kee faruwa shikenan bakuda aikinyi sai yada balai😂😂
hau_train_track_a_00856,"Miyetti Allah ya jinjinawa Fadar Shugaban kasa, ta ce makiyaya ba bata gari bane",0,0,0,1,0,0,hau,miyetti allah ya jinjinawa fadar shugaban kasa ta ce makiyaya ba bata gari bane
hau_train_track_a_00857,wae har ynxu arsenal na ruwa,0,0,0,0,0,0,hau,wae har ynxu arsenal na ruwa
hau_train_track_a_00858,Tashin Hankali a Abuja Yayin da Tayar Jirgi Ta Cije Yana Tsaka da Tafiya Bayan Sauka a Tasha,0,0,1,0,0,0,hau,tashin hankali a abuja yayin da tayar jirgi ta cije yana tsaka da tafiya bayan sauka a tasha
hau_train_track_a_00859,allah wadaran naka ya lalace wai yanxun abun takaici ne ma ace wannan magana tana fitowa daga bakin musulmanmu wai ace ana roqon bawa da ya yafewa wanda yayi atanci ga ga allah da manzon sa to taya qasa zata zauna lafiya anyi jifa da shariar allah an kama constitution,1,0,0,0,0,0,hau,allah wadaran naka ya lalace wai yanxun abun takaici ne ma ace wannan magana tana fitowa daga bakin musulmanmu wai ace ana roqon bawa da ya yafewa wanda yayi atanci ga ga allah da manzon sa to taya qasa zata zauna lafiya anyi jifa da shariar allah an kama constitution
hau_train_track_a_00860,Wallahi ni Na tabbata shinkafar nan da wake ina cinye kwano 3 - N300 wallahi☝ Ni wai mutane suna bani mamaki ya za'ace shugaba da sunkai da son zuciya wajan fadar magana? Haba ko yaro karami an cewa wai shinkafar #30 ta kwassai?,0,0,0,0,1,1,hau,wallahi ni na tabbata shinkafar nan da wake ina cinye kwano 3 n300 wallahi☝ ni wai mutane suna bani mamaki ya zaace shugaba da sunkai da son zuciya wajan fadar magana haba ko yaro karami an cewa wai shinkafar 30 ta kwassai
hau_train_track_a_00861,"Anzo wajan🤔, Ina Gabatar miki da sabon Banki🏦 Dan yayi wato Jaiz Bank, Taken mu shine (Dan kyakkyawar Rayuwa Me Albarka) Ki huta lpia.",0,0,0,0,0,0,hau,anzo wajan🤔 ina gabatar miki da sabon banki🏦 dan yayi wato jaiz bank taken mu shine dan kyakkyawar rayuwa me albarka ki huta lpia
hau_train_track_a_00862,"YDG yawan fushi daga kwakwalwa ne ba Ara ake yi ba, domin wani abinda kayi mai duka baya fushi wani kuma cikin sauri yake yi 😆😏😣😥😴",0,0,0,0,0,0,hau,ydg yawan fushi daga kwakwalwa ne ba ara ake yi ba domin wani abinda kayi mai duka baya fushi wani kuma cikin sauri yake yi 😆😏😣😥😴
hau_train_track_a_00863,oga kaima kana crypto ashe,0,0,0,0,0,1,hau,oga kaima kana crypto ashe
hau_train_track_a_00864,Innalillahi 🤔wllh kuji tsoron Allah,0,0,0,0,1,0,hau,innalillahi 🤔wllh kuji tsoron allah
hau_train_track_a_00865,Makirkira Corona virus suna mamaki saboda wanda ya kirkiro mu baki daya yayi nasa hukuncin! 😆☝️,0,0,0,0,0,1,hau,makirkira corona virus suna mamaki saboda wanda ya kirkiro mu baki daya yayi nasa hukuncin 😆☝️
hau_train_track_a_00866,"Su waye matattun Kuma, ya Salam 😳 a fadi alkhairai ko a yi shiru.",0,1,0,0,1,1,hau,su waye matattun kuma ya salam 😳 a fadi alkhairai ko a yi shiru
hau_train_track_a_00867,😂😂😅. Akwai Har ƙallah. Allah ya Kaimu 8pm lafiya,0,0,0,1,0,0,hau,😂😂😅 akwai har ƙallah allah ya kaimu 8pm lafiya
hau_train_track_a_00868,"Yan bindiga sun farmaki garuruwan Kaduna, sun kashe mutane 7, sun sace mutane masu yawan gaske",0,0,1,0,1,0,hau,yan bindiga sun farmaki garuruwan kaduna sun kashe mutane 7 sun sace mutane masu yawan gaske
hau_train_track_a_00869,Gaskiya fa akwai rawan kai sosai 😂,0,0,0,0,0,0,hau,gaskiya fa akwai rawan kai sosai 😂
hau_train_track_a_00870,Allah ka'amsa mana 🙏🙏Allah muntuba badan halayan muba Allah karka kamamu dalefin wawayen cikinmu yah Allah kadubemu da'idon rahama badan halin muba😭😭😭😭😭😭😭,0,0,1,0,0,0,hau,allah kaamsa mana 🙏🙏allah muntuba badan halayan muba allah karka kamamu dalefin wawayen cikinmu yah allah kadubemu daidon rahama badan halin muba😭😭😭😭😭😭😭
hau_train_track_a_00871,Ke Hajiya u are disturbing us fa😏haba kullum Mati Mati mu bama kallon nanaye kiyi mana hakuri plz kar nasake gani 😏,1,0,0,0,0,0,hau,ke hajiya u are disturbing us fa😏haba kullum mati mati mu bama kallon nanaye kiyi mana hakuri plz kar nasake gani 😏
hau_train_track_a_00872,Funny ....Wai Ya ciji bargo...😹 This one weaken me wlh.... Wato Sai dai kaji Ana cewa El~Muaz ya ciji bargo 😂😹,0,0,0,1,0,0,hau,funny wai ya ciji bargo😹 this one weaken me wlh wato sai dai kaji ana cewa elmuaz ya ciji bargo 😂😹
hau_train_track_a_00873,Allah daya gari bamban: Yadda wani mahaifi ya yanka diyarsa don shayar da dodonsa jini,0,1,0,0,1,1,hau,allah daya gari bamban yadda wani mahaifi ya yanka diyarsa don shayar da dodonsa jini
hau_train_track_a_00874,Ba ma jin dadin zolayar da ake mana a kafafen sada zumunta - ‘Kwamarawa’,1,0,0,0,1,0,hau,ba ma jin dadin zolayar da ake mana a kafafen sada zumunta ‘kwamarawa’
hau_train_track_a_00875,Adadin al’ummar duniya ya kai biliyan takwas —MDD,0,0,0,0,0,0,hau,adadin al’ummar duniya ya kai biliyan takwas —mdd
hau_train_track_a_00876,Wani Kare yanacin aman da karya tayi,0,1,0,0,0,0,hau,wani kare yanacin aman da karya tayi
hau_train_track_a_00877,"Da alamu gwamnatin Buhari bata fahimci matsalar tsaro a Zamfara ba, in ji gwamna Matawalle",0,0,0,0,1,0,hau,da alamu gwamnatin buhari bata fahimci matsalar tsaro a zamfara ba in ji gwamna matawalle
hau_train_track_a_00878,Kisan mutane 47 a Katsina: Buhari ya yi alkawarin ramuwar gayya a kan yan bindiga,1,0,0,0,1,0,hau,kisan mutane 47 a katsina buhari ya yi alkawarin ramuwar gayya a kan yan bindiga
hau_train_track_a_00879,Tashin hankali: Tsananin talauci da yunwa yasa na taba cin kashin mutum - In ji wata mawakiya,0,1,0,0,1,0,hau,tashin hankali tsananin talauci da yunwa yasa na taba cin kashin mutum in ji wata mawakiya
hau_train_track_a_00880,Yar shekara 14 ta ci kyautar wacce ta kera mutum-mutumin dake taimakawa wajen kiwon lafiya,0,0,0,1,0,0,hau,yar shekara 14 ta ci kyautar wacce ta kera mutummutumin dake taimakawa wajen kiwon lafiya
hau_train_track_a_00881,Yanzu-yanzu: Allah ya yiwa mahaifin Makarfi rasuwa,0,0,0,0,1,0,hau,yanzuyanzu allah ya yiwa mahaifin makarfi rasuwa
hau_train_track_a_00882,Yarike mukaminsa ba'aso ai sunusi yafi karfinshi shi kansa yasani. dan haka bamason matsayin🤷‍♀️ muza'a rainawa hankali ya nada yayan matarsa......🙄🙄🙄,1,0,0,0,0,0,hau,yarike mukaminsa baaso ai sunusi yafi karfinshi shi kansa yasani dan haka bamason matsayin🤷‍♀️ muzaa rainawa hankali ya nada yayan matarsa🙄🙄🙄
hau_train_track_a_00883,Allah ya tsare: Yadda aka yi garkuwa da wasu masu kasuwancin gawayi a Kaduna,0,0,1,0,1,0,hau,allah ya tsare yadda aka yi garkuwa da wasu masu kasuwancin gawayi a kaduna
hau_train_track_a_00884,Makarantar Hidayatul Muslimin ta Akim Kalaba ta yaye dalibanta,0,0,0,0,0,0,hau,makarantar hidayatul muslimin ta akim kalaba ta yaye dalibanta
hau_train_track_a_00885,"Sabuwar cutar tsutsa ta bulla a gonaki a Kebbi, manoma na fargabar bazuwarta",0,0,1,0,0,0,hau,sabuwar cutar tsutsa ta bulla a gonaki a kebbi manoma na fargabar bazuwarta
hau_train_track_a_00886,allah subhanahu wataala kawargaxa shirinsu kakawomana qarshensu ya allah kawulakantasu dasuda masu daukar nauyinsu ya arhamarraheemeen ‍️,1,0,1,0,1,0,hau,allah subhanahu wataala kawargaxa shirinsu kakawomana qarshensu ya allah kawulakantasu dasuda masu daukar nauyinsu ya arhamarraheemeen ‍️
hau_train_track_a_00887,Khadimul Islam: Ganduje ya sanya wa sabuwar gadar sama sunan wani babban malamin Islama,0,0,0,1,0,0,hau,khadimul islam ganduje ya sanya wa sabuwar gadar sama sunan wani babban malamin islama
hau_train_track_a_00888,wannan ko shine salman khan din,0,0,0,0,0,1,hau,wannan ko shine salman khan din
hau_train_track_a_00889,Allahumma ya kyauta 😂😂😂,0,0,0,0,0,0,hau,allahumma ya kyauta 😂😂😂
hau_train_track_a_00890,"Dan Sadau: Kwamiti ya fusata, ya kori Sheikh Nuru Khalid daga limancin masallacin Abuja gaba daya",1,0,0,0,0,0,hau,dan sadau kwamiti ya fusata ya kori sheikh nuru khalid daga limancin masallacin abuja gaba daya
hau_train_track_a_00891,"Dan Gwamna El-rufai ya wallafa hoton matan mahaifinsa, ya ce auren mata fiye da ɗaya yana da kyau",0,0,0,1,0,0,hau,dan gwamna elrufai ya wallafa hoton matan mahaifinsa ya ce auren mata fiye da ɗaya yana da kyau
hau_train_track_a_00892,Bayan aikin wahala yayi gumi ya shiga cikin mutane se tsami yake,0,1,0,0,0,0,hau,bayan aikin wahala yayi gumi ya shiga cikin mutane se tsami yake
hau_train_track_a_00893,"Nazo tsallaka kwatamin, idona ya gano min wasu gundura gunduran bahaya suna iyo a sama",0,1,0,0,0,0,hau,nazo tsallaka kwatamin idona ya gano min wasu gundura gunduran bahaya suna iyo a sama
hau_train_track_a_00894,ashe duniya har bango gareta barouba to lahira zasuje kenan,0,0,0,0,0,1,hau,ashe duniya har bango gareta barouba to lahira zasuje kenan
hau_train_track_a_00895,"Tonon silili: Mijina fitaccen dan luwadi ne, a Legas suke yin iskancin su - Matar aure",0,1,0,0,0,0,hau,tonon silili mijina fitaccen dan luwadi ne a legas suke yin iskancin su matar aure
hau_train_track_a_00896,Ikon Allah! Ayoyin Al-Kur’ani sun bayyana a jikin jariri ( Hotuna),0,0,0,0,0,1,hau,ikon allah ayoyin alkur’ani sun bayyana a jikin jariri hotuna
hau_train_track_a_00897,"Masha Allah Yayi dai dai, A masayina dan Borno nai farin ciki, Allah ya karbi Adu'armu,🤲🤲",0,0,0,1,0,0,hau,masha allah yayi dai dai a masayina dan borno nai farin ciki allah ya karbi aduarmu🤲🤲
hau_train_track_a_00898,Kawai a saka hukuncin kisa ga masu kidnapping domin wannan shine mafitar magance wannanatsalar ku taimaka wa talakkawa da dokar kisa akan masu kidnapping domin talakka kadai ne abin zaifi wahalarwa😭😭😭,1,0,0,0,1,0,hau,kawai a saka hukuncin kisa ga masu kidnapping domin wannan shine mafitar magance wannanatsalar ku taimaka wa talakkawa da dokar kisa akan masu kidnapping domin talakka kadai ne abin zaifi wahalarwa😭😭😭
hau_train_track_a_00899,Rariyar bandakin tana fito da wani ba'kin ruwa me wari.,0,1,0,0,0,0,hau,rariyar bandakin tana fito da wani bakin ruwa me wari
hau_train_track_a_00900,ae bayan talauci bamusan komai ba tunda muka tashi🤔🤔,1,0,0,0,1,0,hau,ae bayan talauci bamusan komai ba tunda muka tashi🤔🤔
hau_train_track_a_00901,Nifa bazan zageki ba Amma Dan Allah inada tambaya guda daya kinaso kiga annabi muhammad (S.a.w) ? Adalilinki wani kafiri yake kalaman batanci akan annabinmu 😭😭 rahama Allah yashiryeni amiin ##URL##,0,1,0,0,1,0,hau,nifa bazan zageki ba amma dan allah inada tambaya guda daya kinaso kiga annabi muhammad saw adalilinki wani kafiri yake kalaman batanci akan annabinmu 😭😭 rahama allah yashiryeni amiin url
hau_train_track_a_00902,Kyauta??? Zasu raba data ne? 😂,0,0,0,0,0,1,hau,kyauta zasu raba data ne 😂
hau_train_track_a_00903,Hahahahahahahaha Wai sun fusata akan shafin Twitter.😂😂😂😂,0,0,0,1,0,0,hau,hahahahahahahaha wai sun fusata akan shafin twitter😂😂😂😂
hau_train_track_a_00904,🇳🇬🇳🇬uwa Mai kashe ya'yan ta🇳🇬🇳🇬🇳🇬,0,0,0,0,1,0,hau,🇳🇬🇳🇬uwa mai kashe yayan ta🇳🇬🇳🇬🇳🇬
hau_train_track_a_00905,A gaskia ba'a mana Adalci! Talaka kam shine a wahale😢,0,0,0,0,1,0,hau,a gaskia baa mana adalci talaka kam shine a wahale😢
hau_train_track_a_00906,wata zatayi murna da wannan labarin 😊,0,0,0,1,0,0,hau,wata zatayi murna da wannan labarin 😊
hau_train_track_a_00907,Zaben 2023: Prophet Barnabas Ya Yi Hasashen Yadda Peter Obi Zai Zama Shugaban Kasa,0,0,0,0,0,0,hau,zaben 2023 prophet barnabas ya yi hasashen yadda peter obi zai zama shugaban kasa
hau_train_track_a_00908,Abun yazo kanmu inji mai tsoron wanka😷,0,0,1,0,0,0,hau,abun yazo kanmu inji mai tsoron wanka😷
hau_train_track_a_00909,Àllah yasa kaffara ne Kuma kibar kuka 😭 ki lizamchi istigifari,0,0,0,0,1,0,hau,àllah yasa kaffara ne kuma kibar kuka 😭 ki lizamchi istigifari
hau_train_track_a_00910,"Subahanallah, Allah kah kawomana sauki cikin gagawa. Ameen🙏🙏",0,0,0,0,1,0,hau,subahanallah allah kah kawomana sauki cikin gagawa ameen🙏🙏
hau_train_track_a_00911,Babban hafsan Sojan sama ya nishadantar da Sojojin dake yaki da Boko Haram (Hotuna),0,0,0,1,0,0,hau,babban hafsan sojan sama ya nishadantar da sojojin dake yaki da boko haram hotuna
hau_train_track_a_00912,Allah yasa a cikin barbarar da tai an samu karuwa ba tafiar banza tai ba😂💔,0,0,0,0,0,0,hau,allah yasa a cikin barbarar da tai an samu karuwa ba tafiar banza tai ba😂💔
hau_train_track_a_00913,Yan bindiga sun budewa kwamandan Soji wuta a Kaduna,0,0,1,0,1,0,hau,yan bindiga sun budewa kwamandan soji wuta a kaduna
hau_train_track_a_00914,Mutane na son gulma😂,0,0,0,0,0,0,hau,mutane na son gulma😂
hau_train_track_a_00915,allah ya kawo muna karshen wannan rikichi na,0,0,1,0,0,0,hau,allah ya kawo muna karshen wannan rikichi na
hau_train_track_a_00916,"Abba Kyari ya sha da kyar, saura kiris masu fushi da shi su hallaka shi a gidan yari",0,0,1,0,0,0,hau,abba kyari ya sha da kyar saura kiris masu fushi da shi su hallaka shi a gidan yari
hau_train_track_a_00917,"Arewa maso gabashin Nigeria na iya fuskantar matsanancin Fari da yunwa, Majalisar dinkin duniya",0,0,1,0,0,0,hau,arewa maso gabashin nigeria na iya fuskantar matsanancin fari da yunwa majalisar dinkin duniya
hau_train_track_a_00918,Allah yabiya soyaya zamani🔫😂😂😂😂😂😂😂😎😈,0,0,0,1,0,0,hau,allah yabiya soyaya zamani🔫😂😂😂😂😂😂😂😎😈
hau_train_track_a_00919,Rayuwar abun ban tsoro ce an ma raini yara da soyayya da kauna sun botsare inaga an kuntata masu .Cutar da yaro baya da wani amfani mata da iyaye maza suna yin babban kuskure tunba shi Uba yana gani ana cutar da yayansa idan mahaifiyarsu bata gidan sai ya kauda ido matar uba 😬,0,0,0,0,1,0,hau,rayuwar abun ban tsoro ce an ma raini yara da soyayya da kauna sun botsare inaga an kuntata masu cutar da yaro baya da wani amfani mata da iyaye maza suna yin babban kuskure tunba shi uba yana gani ana cutar da yayansa idan mahaifiyarsu bata gidan sai ya kauda ido matar uba 😬
hau_train_track_a_00920,iko sai lillahi africa kenan abun mamaki baya karewa,0,0,0,0,0,1,hau,iko sai lillahi africa kenan abun mamaki baya karewa
hau_train_track_a_00921,Mijina ya kashe diyarmu don yin tsafin samun kudi – Uwargida ga Kotu,0,1,1,0,1,0,hau,mijina ya kashe diyarmu don yin tsafin samun kudi – uwargida ga kotu
hau_train_track_a_00922,Jiya naji wannan lbr a fcbook ban yarda ba amma yanzu NA aminta hmm Nigeria kenan kasarmu ta gado🤔🤔,0,0,0,0,0,1,hau,jiya naji wannan lbr a fcbook ban yarda ba amma yanzu na aminta hmm nigeria kenan kasarmu ta gado🤔🤔
hau_train_track_a_00923,ya yabawa banza dai,1,0,0,0,0,0,hau,ya yabawa banza dai
hau_train_track_a_00924,"Anyi """"""""""""""""""""""""""""""""watsi"""""""""""""""""""""""""""""""" da al'adu 😂😂😂😂",0,0,0,0,0,0,hau,anyi watsi da aladu 😂😂😂😂
hau_train_track_a_00925,Nifa duna rude😂,0,0,0,0,0,0,hau,nifa duna rude😂
hau_train_track_a_00926,😢😢😢😥munaji munagani an rabamu da kannenmu acikin wanyanda yan bindiga suka sace akwai yan garina amma shiru kakeyi allah ka isarmana mana 😭😭,1,0,0,0,1,0,hau,😢😢😢😥munaji munagani an rabamu da kannenmu acikin wanyanda yan bindiga suka sace akwai yan garina amma shiru kakeyi allah ka isarmana mana 😭😭
hau_train_track_a_00927,Nih kam man utd nake goyon bayan suci wannan gasar sannan kokunki koh kunso su zasuci kofi dakune yan city😉,0,0,0,1,0,0,hau,nih kam man utd nake goyon bayan suci wannan gasar sannan kokunki koh kunso su zasuci kofi dakune yan city😉
hau_train_track_a_00928,Allah Akbar kabiran Allah ya gafarta ma ibro ya haskka kabin ka yasa mu cika da imani 😭😭😭😭,0,0,0,0,1,0,hau,allah akbar kabiran allah ya gafarta ma ibro ya haskka kabin ka yasa mu cika da imani 😭😭😭😭
hau_train_track_a_00929,"An Kama Yan Sanda Da Ke Ba Wa Rarara Tsaro, Za Su Gamu Da Fushin Hukuma",0,0,0,0,0,0,hau,an kama yan sanda da ke ba wa rarara tsaro za su gamu da fushin hukuma
hau_train_track_a_00930,Ikon Allah: Kofura Bashir Umar wanda ya mayar da kudi N15m ya samu zuwa Hajji,0,0,0,1,0,1,hau,ikon allah kofura bashir umar wanda ya mayar da kudi n15m ya samu zuwa hajji
hau_train_track_a_00931,Dakin bahayan anguwar ta cika tam harta birtsin kashi.,0,1,0,0,0,0,hau,dakin bahayan anguwar ta cika tam harta birtsin kashi
hau_train_track_a_00932,"Hasbunallahu wani'imal wakil, Allah kayi mna tsari ga wannan cutar 😭🙏",0,0,1,0,1,0,hau,hasbunallahu waniimal wakil allah kayi mna tsari ga wannan cutar 😭🙏
hau_train_track_a_00933,Which red LIPS🙄 Ke kaurama abu jan baki Wallahi labbanki kamat smeagol😂,1,0,0,0,0,0,hau,which red lips🙄 ke kaurama abu jan baki wallahi labbanki kamat smeagol😂
hau_train_track_a_00934,Babbar magana: Matan Kannywood suna bin mazan banza da masu mulki - Tanimu Akawu,0,0,0,0,0,1,hau,babbar magana matan kannywood suna bin mazan banza da masu mulki tanimu akawu
hau_train_track_a_00935,"Son komawa wasa Turai domin gogayya da manyan 'zakaru' yasa na bar Al Nassr, Ahmed Musa",0,0,0,0,0,0,hau,son komawa wasa turai domin gogayya da manyan zakaru yasa na bar al nassr ahmed musa
hau_train_track_a_00936,Mumu sai speak English. You sef yaushe kika iya English din😏🙄🤨🙄😏🤨🙄😶😏🙄,1,0,0,0,0,1,hau,mumu sai speak english you sef yaushe kika iya english din😏🙄🤨🙄😏🤨🙄😶😏🙄
hau_train_track_a_00937,Yar Bala I sai kkace gindin akuya ne da ita 😏😏,1,1,0,0,0,0,hau,yar bala i sai kkace gindin akuya ne da ita 😏😏
hau_train_track_a_00938,What took her to Dubai for long time up-to 6Months Shegiya tajeee Adamawa a Bata na gargajiya mana 😏😏,1,0,0,0,0,0,hau,what took her to dubai for long time upto 6months shegiya tajeee adamawa a bata na gargajiya mana 😏😏
hau_train_track_a_00939,"An kama ja'iri yana lalata da mata kanana a tare, N50-N50 kuwa ya basu shegen",1,1,0,0,0,0,hau,an kama jairi yana lalata da mata kanana a tare n50n50 kuwa ya basu shegen
hau_train_track_a_00940,Iran ta bayyana cewa ita ta harbo jirgin Ukraine da yayi sanadiyyar mutuwar mutane 176,0,0,0,0,1,1,hau,iran ta bayyana cewa ita ta harbo jirgin ukraine da yayi sanadiyyar mutuwar mutane 176
hau_train_track_a_00941,Wai d'an farka sai gumi ya ke a cikin alkyabba 😂,0,0,0,0,0,0,hau,wai dan farka sai gumi ya ke a cikin alkyabba 😂
hau_train_track_a_00942,"E munsan da haka, Amma kuji tsoron Allah ku fadawa gwamnati gaskiya, Kamar yadda kuka Yi mata kamfe.😠",1,0,0,0,1,0,hau,e munsan da haka amma kuji tsoron allah ku fadawa gwamnati gaskiya kamar yadda kuka yi mata kamfe😠
hau_train_track_a_00943,Daman bata da aure 🤔,0,0,0,0,0,1,hau,daman bata da aure 🤔
hau_train_track_a_00944,Bidiyo: Budurwa ta tumurmusa saurayinta a kasa bayan ta kama shi yana lalata da wata,1,0,0,0,0,1,hau,bidiyo budurwa ta tumurmusa saurayinta a kasa bayan ta kama shi yana lalata da wata
hau_train_track_a_00945,haba wai mutane sun koma kamar dabbobi suma kamar gargin tumaki ne da za a re na ma na wayo wai sata ita gwannatin wai ita an fita wayo ne abin tambaya anfi gwannati wayo wlh Allah sai ya tambebaku domin mu amana ce mu a gareku wlh zaku amsa tambaya😭😭,1,0,0,0,1,0,hau,haba wai mutane sun koma kamar dabbobi suma kamar gargin tumaki ne da za a re na ma na wayo wai sata ita gwannatin wai ita an fita wayo ne abin tambaya anfi gwannati wayo wlh allah sai ya tambebaku domin mu amana ce mu a gareku wlh zaku amsa tambaya😭😭
hau_train_track_a_00946,baajin labari na alheri sede sharri awajenku tirr daku,1,1,0,0,0,0,hau,baajin labari na alheri sede sharri awajenku tirr daku
hau_train_track_a_00947,Bama yi Ayy siyasar ba gado bacce...🙄🙄🙄,1,0,0,0,0,0,hau,bama yi ayy siyasar ba gado bacce🙄🙄🙄
hau_train_track_a_00948,‘Gaskiya ita ce kashin bayan samun duk wani alheri’,0,0,0,0,0,0,hau,‘gaskiya ita ce kashin bayan samun duk wani alheri’
hau_train_track_a_00949,"Asirin fasto ya tonu, bayan wani mutumi ya bayyana yadda ya kama shi yana kwanciya da matarshi da kuma 'yarshi",0,1,0,0,1,0,hau,asirin fasto ya tonu bayan wani mutumi ya bayyana yadda ya kama shi yana kwanciya da matarshi da kuma yarshi
hau_train_track_a_00950,"Hmm, mu ba subsidy ne damuwar mu ba🤷, ya za'a yi a samu sauqin wahalar da talakawa suke ciki🤷",0,0,0,0,1,0,hau,hmm mu ba subsidy ne damuwar mu ba🤷 ya zaa yi a samu sauqin wahalar da talakawa suke ciki🤷
hau_train_track_a_00951,Muma munaji da satar mutane da fashi da makami😏suje chan su magancewa kansu matsalar su gwara ma su sunada tsaro kuma ba yunwa😏😏😏,1,0,0,0,1,0,hau,muma munaji da satar mutane da fashi da makami😏suje chan su magancewa kansu matsalar su gwara ma su sunada tsaro kuma ba yunwa😏😏😏
hau_train_track_a_00952,woow gsky rahma wakar tayi dadi sosai nima nasha rawa sosai,0,0,0,1,0,0,hau,woow gsky rahma wakar tayi dadi sosai nima nasha rawa sosai
hau_train_track_a_00953,"An kashe fararen hula sama da 300,000 a rikicin Siriya — Rahoto",0,0,0,0,1,0,hau,an kashe fararen hula sama da 300000 a rikicin siriya — rahoto
hau_train_track_a_00954,kaji mahaukaci sai ka kawo hujjar ta nuna cewa murdiyar zabe khadimul islam yaje ai ganduje aikin jamiyyarsa yaje kamar yanda jamiyya ce ta zabeshi matsayin mai saka ido akan wannan daga bangarenta banda mahaukaci kwankwaso da yaje can din wani yace murdiyar zabe yaje,1,0,0,0,0,0,hau,kaji mahaukaci sai ka kawo hujjar ta nuna cewa murdiyar zabe khadimul islam yaje ai ganduje aikin jamiyyarsa yaje kamar yanda jamiyya ce ta zabeshi matsayin mai saka ido akan wannan daga bangarenta banda mahaukaci kwankwaso da yaje can din wani yace murdiyar zabe yaje
hau_train_track_a_00955,Yan bindiga sun tsere da bindigar soja bayan kashe shi,0,0,0,0,1,0,hau,yan bindiga sun tsere da bindigar soja bayan kashe shi
hau_train_track_a_00956,yana biya mana kallan jikin mai cin bashin kaga,0,0,0,0,0,0,hau,yana biya mana kallan jikin mai cin bashin kaga
hau_train_track_a_00957,"Innalillahi: Allah ya yiwa hamshakin attajiri a Kano, Tahir Fadlullah rasuwa",0,0,0,0,1,0,hau,innalillahi allah ya yiwa hamshakin attajiri a kano tahir fadlullah rasuwa
hau_train_track_a_00958,Kisan kwamandan Sojan Iran: Ayatollahi Khameini ya sanar da sabon babban kwamanda,0,0,0,0,1,0,hau,kisan kwamandan sojan iran ayatollahi khameini ya sanar da sabon babban kwamanda
hau_train_track_a_00959,Mahaukaci ya tara baki yana shan ruwan kwata.,0,1,0,0,0,0,hau,mahaukaci ya tara baki yana shan ruwan kwata
hau_train_track_a_00960,Qarya uwayensu keyi yasin dakaga anyimin ita toh naga bana motsi ko sedde🤨,1,0,0,0,0,0,hau,qarya uwayensu keyi yasin dakaga anyimin ita toh naga bana motsi ko sedde🤨
hau_train_track_a_00961,Hotuna: Yadda bikin karamar Sallah ya gudana a birnin Zazzau,0,0,0,1,0,0,hau,hotuna yadda bikin karamar sallah ya gudana a birnin zazzau
hau_train_track_a_00962,baragurbin kwai ya fashe a cikin kasuwa mutane duk sun watse suna toshe hanci,0,1,0,0,0,0,hau,baragurbin kwai ya fashe a cikin kasuwa mutane duk sun watse suna toshe hanci
hau_train_track_a_00963,Ana iya shege a lanjeriya😂😂,0,0,0,0,0,0,hau,ana iya shege a lanjeriya😂😂
hau_train_track_a_00964,Allah sarki rahma kenan kuma haka dukiya matsayi da daukaka yake karewaba ya kuma barki da halinki mu'allima rahma akoma islamiya kafin azo a fara fadamana falsafa da tajwidi karya😼😼,1,0,0,0,1,0,hau,allah sarki rahma kenan kuma haka dukiya matsayi da daukaka yake karewaba ya kuma barki da halinki muallima rahma akoma islamiya kafin azo a fara fadamana falsafa da tajwidi karya😼😼
hau_train_track_a_00965,"Da duminsa: An nemi fitaccen mai garkuwa da mutane, dillalin makamai an rasa a kurkukun Kuje",0,0,0,0,0,1,hau,da duminsa an nemi fitaccen mai garkuwa da mutane dillalin makamai an rasa a kurkukun kuje
hau_train_track_a_00966,wallahi karyar banzaace,1,0,0,0,0,0,hau,wallahi karyar banzaace
hau_train_track_a_00967,to a nawa za a sayar da dambunta,0,0,0,0,0,0,hau,to a nawa za a sayar da dambunta
hau_train_track_a_00968,Da wuri haka?😯 Amma bata kyauta ba domin kuwa yin hakan zai karkatar da hankalin masu rike da madafin iko daga yin abinda ya kamata.,0,0,0,0,1,0,hau,da wuri haka😯 amma bata kyauta ba domin kuwa yin hakan zai karkatar da hankalin masu rike da madafin iko daga yin abinda ya kamata
hau_train_track_a_00969,allah bai haramta ba sai wani kamfani,1,0,0,0,0,1,hau,allah bai haramta ba sai wani kamfani
hau_train_track_a_00970,Rarara ya gwangwaje jaruman Kannywood da kyautar sabbin motocin alfarma,0,0,0,1,0,0,hau,rarara ya gwangwaje jaruman kannywood da kyautar sabbin motocin alfarma
hau_train_track_a_00971,"Tashin Hankali Yayin da Yan Bindiga Suka Yi Wa Jami'an NDLEA Kwanton Bauna, Bidiyo Ya Bayyana",0,0,1,0,0,0,hau,tashin hankali yayin da yan bindiga suka yi wa jamian ndlea kwanton bauna bidiyo ya bayyana
hau_train_track_a_00972,sai dai abinda mike xargi akan tun parkon na dashi daman siyasa kawai amma irin wannan ai cima masarauta hakki ne,1,0,0,0,1,0,hau,sai dai abinda mike xargi akan tun parkon na dashi daman siyasa kawai amma irin wannan ai cima masarauta hakki ne
hau_train_track_a_00973,Ta damalmale jikinta da kashi,0,1,0,0,0,0,hau,ta damalmale jikinta da kashi
hau_train_track_a_00974,Allah ya qara lfya Muma Muna taya kanmu murna cika shekara 14 muna Azumi 30 na Ramadan duk wata🏃🏃🏃,0,0,0,1,0,0,hau,allah ya qara lfya muma muna taya kanmu murna cika shekara 14 muna azumi 30 na ramadan duk wata🏃🏃🏃
hau_train_track_a_00975,"Innalillahi wa'inna ilaihirraji'un, Allah Yamana maganin duk wani abunda ya gagaremu🙏",0,0,1,0,1,0,hau,innalillahi wainna ilaihirrajiun allah yamana maganin duk wani abunda ya gagaremu🙏
hau_train_track_a_00976,Ƙarya kike☹️ You miss abroad dai coz of coro🤣🙄 Zaman gida dole 🇳🇬😜😜,1,0,0,1,0,0,hau,ƙarya kike☹️ you miss abroad dai coz of coro🤣🙄 zaman gida dole 🇳🇬😜😜
hau_train_track_a_00977,"👉Wani Sabon #MugunLabari Ga PDP, maqiya Buhari da Nigeria 👉&amp; zasu ce Buhari ya kaisu yawon bude Ido gurin yan Taadda 👉So kuwa &amp; zasu Yi koqarin alakanta abin da yan #BokoHaram 👉Mu masoya Muna Murna ba a Rasa Rai ba",1,0,0,1,0,0,hau,👉wani sabon mugunlabari ga pdp maqiya buhari da nigeria 👉amp zasu ce buhari ya kaisu yawon bude ido gurin yan taadda 👉so kuwa amp zasu yi koqarin alakanta abin da yan bokoharam 👉mu masoya muna murna ba a rasa rai ba
hau_train_track_a_00978,dama nigeria nada ofishin jakadanci a iran,0,0,0,0,0,1,hau,dama nigeria nada ofishin jakadanci a iran
hau_train_track_a_00979,Zasu sa miki hawan jini kau😂😂😂,0,0,0,0,0,0,hau,zasu sa miki hawan jini kau😂😂😂
hau_train_track_a_00980,Yara su na wanka da ruwan kwata,0,1,0,0,0,0,hau,yara su na wanka da ruwan kwata
hau_train_track_a_00981,Nageria da dadi mallam 😂 😂,0,0,0,1,0,0,hau,nageria da dadi mallam 😂 😂
hau_train_track_a_00982,Rana bata karya Aimaka rana kaiwa mutundare Damar save kubarshi U😋😋😋,0,0,0,0,0,0,hau,rana bata karya aimaka rana kaiwa mutundare damar save kubarshi u😋😋😋
hau_train_track_a_00983,Sulhu alheri ne: Abdulaziz Yari da Kabiru Mafara sun kama hanyar dinke barakar APC a Zamfara,0,0,0,1,0,0,hau,sulhu alheri ne abdulaziz yari da kabiru mafara sun kama hanyar dinke barakar apc a zamfara
hau_train_track_a_00984,Wanga diya bakida kirki aradu🤣🤣,0,0,0,0,1,0,hau,wanga diya bakida kirki aradu🤣🤣
hau_train_track_a_00985,Taliban ta murkushe gyauron masu yi mata tawaye,0,0,0,0,0,0,hau,taliban ta murkushe gyauron masu yi mata tawaye
hau_train_track_a_00986,Innalillahi wa'inna ilaihi raju'un Allah ya kawo mana karshen wannan masifan🤲🤲,0,0,1,0,0,0,hau,innalillahi wainna ilaihi rajuun allah ya kawo mana karshen wannan masifan🤲🤲
hau_train_track_a_00987,Tashin hankali: Wasu matasa sun rabawa yan gidan biki lemu lode da kwaya a Katsina,0,0,1,0,0,1,hau,tashin hankali wasu matasa sun rabawa yan gidan biki lemu lode da kwaya a katsina
hau_train_track_a_00988,"Yan bindiga sun kashe matar likitan da suka sace a Kaduna, sun nemi a biya N20m a fanshi yaran ta",0,0,1,0,1,0,hau,yan bindiga sun kashe matar likitan da suka sace a kaduna sun nemi a biya n20m a fanshi yaran ta
hau_train_track_a_00989,Farfajiyar gidansu tayi datti ciyayi suntaru shuri ya fito a gefe tururuwa sunata yawo akai,0,1,0,0,0,0,hau,farfajiyar gidansu tayi datti ciyayi suntaru shuri ya fito a gefe tururuwa sunata yawo akai
hau_train_track_a_00990,"Allah ya kiyaye, Saura kiris sabuwar rikici ya barke tsakanin Hausawa da Yarabawa a Ile-Ife",0,0,1,0,0,0,hau,allah ya kiyaye saura kiris sabuwar rikici ya barke tsakanin hausawa da yarabawa a ileife
hau_train_track_a_00991,"Ribar N1000: Kamfanin BUA ya tona asirin 'yan kasuwa, ya ce sune silar tsadar siminti",0,0,0,0,0,1,hau,ribar n1000 kamfanin bua ya tona asirin yan kasuwa ya ce sune silar tsadar siminti
hau_train_track_a_00992,Gidan ubanwa ta ciyo bashin?😄,1,0,0,0,0,0,hau,gidan ubanwa ta ciyo bashin😄
hau_train_track_a_00993,"Mu ne muka kashe kasar nan, ya kamata yanzu ina gidan kurkuku inji Tsohon Ambasada",1,0,0,0,0,0,hau,mu ne muka kashe kasar nan ya kamata yanzu ina gidan kurkuku inji tsohon ambasada
hau_train_track_a_00994,Ni na dauka ma ni kadai ne haka takr faruwa dani Ashe muna da yawa to am just silent🤔,0,0,0,0,1,1,hau,ni na dauka ma ni kadai ne haka takr faruwa dani ashe muna da yawa to am just silent🤔
hau_train_track_a_00995,Allah ya mana maganin dukan cututtukan dake damun mu🙏,0,0,1,0,1,0,hau,allah ya mana maganin dukan cututtukan dake damun mu🙏
hau_train_track_a_00996,Subhanallahi!!! Allah kamana maganin wannan musiba🙏,0,0,1,0,1,0,hau,subhanallahi allah kamana maganin wannan musiba🙏
hau_train_track_a_00997,"Gwanda mu daina yaudarar kanmu, abubuwa sun tabarbare a kasar nan: Sarkin Musulmi",0,0,0,0,1,0,hau,gwanda mu daina yaudarar kanmu abubuwa sun tabarbare a kasar nan sarkin musulmi
hau_train_track_a_00998,Rasuwar mahaifiyar Buratai: Kalaman da Zulum ya yi ga babban hafsin sojan,0,0,0,0,1,0,hau,rasuwar mahaifiyar buratai kalaman da zulum ya yi ga babban hafsin sojan
hau_train_track_a_00999,Manjo bbu mgn wlh 😂😂😂 ya qware wajan yin Allah wadae😂😂😂,0,0,0,0,0,0,hau,manjo bbu mgn wlh 😂😂😂 ya qware wajan yin allah wadae😂😂😂
hau_train_track_a_01000,Duniya idan baka mutu zaka ga abubuwa kala kala😂,0,0,0,0,0,1,hau,duniya idan baka mutu zaka ga abubuwa kala kala😂
hau_train_track_a_01001,tab lallai akwai ƙura 🤔 ya ɓata? sai kace wata kaza',0,0,0,0,0,1,hau,tab lallai akwai ƙura 🤔 ya ɓata sai kace wata kaza
hau_train_track_a_01002,"Allah ya yiwa mai kula da masallacin Manzon Allah, Agha Habeeb Muhammad al-Afari, rasuwa",0,0,0,0,1,0,hau,allah ya yiwa mai kula da masallacin manzon allah agha habeeb muhammad alafari rasuwa
hau_train_track_a_01003,"Yan kutumar uba., akwai guba a cikineh na yau din...😏",1,0,0,0,0,0,hau,yan kutumar uba akwai guba a cikineh na yau din😏
hau_train_track_a_01004,Duk wanda ya iya taka rawar fim din Rariya zai samu kyauta mai girma daga Rahama Sadau,0,0,0,1,0,0,hau,duk wanda ya iya taka rawar fim din rariya zai samu kyauta mai girma daga rahama sadau
hau_train_track_a_01005,ya allah ka yaye mana wannan masifa bijahi rasulullah saw,0,0,1,0,0,0,hau,ya allah ka yaye mana wannan masifa bijahi rasulullah saw
hau_train_track_a_01006,A tauna Tsakuwa domin Aya tayi nadama!👍🏿💪🏿👏,0,0,0,0,0,0,hau,a tauna tsakuwa domin aya tayi nadama👍🏿💪🏿👏
hau_train_track_a_01007,"Wa'iyazu billahi, ama dai wannan ba boko haram ne ba taadanci ne da rishin addini indai boko haram ne ya mutane suna cikin ibada kuma ana takura nusu, ya Allah ka kawoma bayunka dawki🤲 Amin",1,0,0,0,1,0,hau,waiyazu billahi ama dai wannan ba boko haram ne ba taadanci ne da rishin addini indai boko haram ne ya mutane suna cikin ibada kuma ana takura nusu ya allah ka kawoma bayunka dawki🤲 amin
hau_train_track_a_01008,Yan sanda a Dubai za su yiwa karuwan Najeriya kwasar kaji bayan sun samu gawar wani Balarabe da ya mutu a yayin da yake lalata da wata karuwa,0,1,0,0,1,0,hau,yan sanda a dubai za su yiwa karuwan najeriya kwasar kaji bayan sun samu gawar wani balarabe da ya mutu a yayin da yake lalata da wata karuwa
hau_train_track_a_01009,Japanawa na murnar samun daukar nauyin gasar Olamfik ta 2020,0,0,0,1,0,0,hau,japanawa na murnar samun daukar nauyin gasar olamfik ta 2020
hau_train_track_a_01010,"Ramadan: Saudiyya Ta Tuna da Kano, Ta Yi Mata Goma Na Arziki, Abba Ya Yi Godiya",0,0,0,1,0,0,hau,ramadan saudiyya ta tuna da kano ta yi mata goma na arziki abba ya yi godiya
hau_train_track_a_01011,Wai dama haryanzu ana irga masu corona ne?? Ikon Allah🤔,0,0,0,0,0,1,hau,wai dama haryanzu ana irga masu corona ne ikon allah🤔
hau_train_track_a_01012,Mamaki: Yawan Musulmi ya zarce na Kiristoci a Cocina ranar Kirsimeti - Fasto a Kaduna (Hotuna),0,0,0,0,0,1,hau,mamaki yawan musulmi ya zarce na kiristoci a cocina ranar kirsimeti fasto a kaduna hotuna
hau_train_track_a_01013,COVID-19: Mai maganin gargajiya zai yi wa majinyata magani kyauta,0,0,0,1,0,0,hau,covid19 mai maganin gargajiya zai yi wa majinyata magani kyauta
hau_train_track_a_01014,Bikin murnar cika shekara 50 da fara zuwa duniyar wata (9),0,0,0,1,0,0,hau,bikin murnar cika shekara 50 da fara zuwa duniyar wata 9
hau_train_track_a_01015,UNHCR: A taimakawa yan gudun hijra da iyalansu cikin wannan watan Ramadanan,0,0,0,0,0,0,hau,unhcr a taimakawa yan gudun hijra da iyalansu cikin wannan watan ramadanan
hau_train_track_a_01016,Gaskiya wannan lamarin maiyi dadi bah wlh 🙄🙄🙄,0,0,0,0,1,0,hau,gaskiya wannan lamarin maiyi dadi bah wlh 🙄🙄🙄
hau_train_track_a_01017,"Wallahi zaku zubar da kimar dakuke da ita,yanzu wannan har yakai wani labari.😒😒",1,0,0,0,0,0,hau,wallahi zaku zubar da kimar dakuke da itayanzu wannan har yakai wani labari😒😒
hau_train_track_a_01018,allah ya isa data ta‍️,1,0,0,0,0,0,hau,allah ya isa data ta‍️
hau_train_track_a_01019,amma amma ai kamar ba bacci suke ba,0,0,0,0,0,1,hau,amma amma ai kamar ba bacci suke ba
hau_train_track_a_01020,Ko da kuturu ne👌🥰,0,0,0,0,0,0,hau,ko da kuturu ne👌🥰
hau_train_track_a_01021,Da duminsa: Sabbin mutane 136 sun kamu cutar Coronavirus yau,0,0,1,0,1,0,hau,da duminsa sabbin mutane 136 sun kamu cutar coronavirus yau
hau_train_track_a_01022,"Yan bindiga sun yi barazanar kashe mu, su soya namar mu su cinye, Ɗalibar Jangebe",0,0,1,0,0,0,hau,yan bindiga sun yi barazanar kashe mu su soya namar mu su cinye ɗalibar jangebe
hau_train_track_a_01023,“Allah Ka Albarkaci Nemana”: Bidiyo Ya Hasko Kyakkyawar Budurwa Tana Tuwon Siyarwa,0,0,0,1,0,0,hau,“allah ka albarkaci nemana” bidiyo ya hasko kyakkyawar budurwa tana tuwon siyarwa
hau_train_track_a_01024,"🙆🙆 what!! Ba""""""""kin gida😜😜",0,0,0,0,0,1,hau,🙆🙆 what bakin gida😜😜
hau_train_track_a_01025,BBC Hausa sunkoma tallan maganin ma aurata 😂,0,0,0,1,0,0,hau,bbc hausa sunkoma tallan maganin ma aurata 😂
hau_train_track_a_01026,"Alheri ne ga 'yan Najeriya hana kasuwancin Bitcoin, in ji gwamnan CBN",0,0,0,1,0,0,hau,alheri ne ga yan najeriya hana kasuwancin bitcoin in ji gwamnan cbn
hau_train_track_a_01027,Sai da na sake kashe wata mata bayan tserewar da na yi daga hannun ‘yan sanda – Kwararren makashi Shodipe,0,1,0,0,1,0,hau,sai da na sake kashe wata mata bayan tserewar da na yi daga hannun ‘yan sanda – kwararren makashi shodipe
hau_train_track_a_01028,Shiyassa haryanxu bariki ke aurenkie😏,1,0,0,0,1,0,hau,shiyassa haryanxu bariki ke aurenkie😏
hau_train_track_a_01029,"An sace uwa da 'yar ta a Sokoto, an tsince su a Kaduna",0,0,1,0,1,1,hau,an sace uwa da yar ta a sokoto an tsince su a kaduna
hau_train_track_a_01030,Daga fadin gaskiya sai kora daga aiki🤔 toh Allah ya kyauta.,0,0,0,0,1,1,hau,daga fadin gaskiya sai kora daga aiki🤔 toh allah ya kyauta
hau_train_track_a_01031,🤣🤣🤣 wanga mutum da son mulkin tsiya shi kuma mulki yayi tutsu,0,0,0,0,0,0,hau,🤣🤣🤣 wanga mutum da son mulkin tsiya shi kuma mulki yayi tutsu
hau_train_track_a_01032,hamm koma meye wannan gmb shiya jawa kansa muna nuna masa so amma baya son mu sai yan kudi ‍️‍️,0,0,0,0,1,0,hau,hamm koma meye wannan gmb shiya jawa kansa muna nuna masa so amma baya son mu sai yan kudi ‍️‍️
hau_train_track_a_01033,Mu dai a Kaduna ana Mulkin Hauka 😭😭,1,0,0,0,1,0,hau,mu dai a kaduna ana mulkin hauka 😭😭
hau_train_track_a_01034,"Ya yi amai ya lashe...🐕 Chan da su gada, Allah ya raka taki gona....",1,1,0,0,0,0,hau,ya yi amai ya lashe🐕 chan da su gada allah ya raka taki gona
hau_train_track_a_01035,wayyo allah ya allah ka kawo mana karshen abun nan allah ya kawo mana kwanciyan hankali ameen,0,0,1,0,0,0,hau,wayyo allah ya allah ka kawo mana karshen abun nan allah ya kawo mana kwanciyan hankali ameen
hau_train_track_a_01036,Inna lillahi wa inna lillahi raji'un 😭😭😭 shugabanni kuji tsoron Allah,1,0,0,0,1,0,hau,inna lillahi wa inna lillahi rajiun 😭😭😭 shugabanni kuji tsoron allah
hau_train_track_a_01037,"Gaskiya shugaban kasa malam Yayi kokari Allah yasaka mai da alkhairi saura minimum wage, yanzu kuma yarage ga police 👮 na Nigeria suji tsoron Allah sudaina ansar chin hanchi.",0,0,0,1,0,0,hau,gaskiya shugaban kasa malam yayi kokari allah yasaka mai da alkhairi saura minimum wage yanzu kuma yarage ga police 👮 na nigeria suji tsoron allah sudaina ansar chin hanchi
hau_train_track_a_01038,Miyar da su ke ci kyankyaso ya fada ciki,0,1,0,0,0,0,hau,miyar da su ke ci kyankyaso ya fada ciki
hau_train_track_a_01039,Yadda da ya yi wa matar mahaifinsa ciki a Nasarawa,0,1,0,0,0,0,hau,yadda da ya yi wa matar mahaifinsa ciki a nasarawa
hau_train_track_a_01040,ya allahka hada kan dukkanin kasashen musulmin duniyah gabakih dayah sannan allah kakawoh karshen rashin zaman lafiyah akasashen musulmi damah duniyah gabaki dayah,0,0,1,0,1,0,hau,ya allahka hada kan dukkanin kasashen musulmin duniyah gabakih dayah sannan allah kakawoh karshen rashin zaman lafiyah akasashen musulmi damah duniyah gabaki dayah
hau_train_track_a_01041,"Ba ni ba siyasa – Jarumin Indiya, Salman Khan",0,0,0,0,0,0,hau,ba ni ba siyasa – jarumin indiya salman khan
hau_train_track_a_01042,allah kakawomana daukiya allah,0,0,1,0,0,0,hau,allah kakawomana daukiya allah
hau_train_track_a_01043,Toooi wata sabuwa kuma 😂,0,0,0,0,0,1,hau,toooi wata sabuwa kuma 😂
hau_train_track_a_01044,Sae Mae Dan wahala🙄 ko ba komae kunena zae huta da jin sunan BUHARI🥰,1,0,0,0,0,0,hau,sae mae dan wahala🙄 ko ba komae kunena zae huta da jin sunan buhari🥰
hau_train_track_a_01045,Laaaaaaa🤔 Ashe shima Ganduje ya zaba😂,0,0,0,0,0,1,hau,laaaaaaa🤔 ashe shima ganduje ya zaba😂
hau_train_track_a_01046,kunfi kowa iya hege ai a social media ai,0,0,0,0,0,0,hau,kunfi kowa iya hege ai a social media ai
hau_train_track_a_01047,"Yanzu-yanzu: An saki ASD, 'Dansa, Surukinsa, da Sheikh Murtala Al-Misry",0,0,0,1,0,0,hau,yanzuyanzu an saki asd dansa surukinsa da sheikh murtala almisry
hau_train_track_a_01048,"Matashin da ya yi wuf da wayoyin karuwai 2 bayan ya kai su otal yin lalata, an damkeshi",0,0,0,1,1,0,hau,matashin da ya yi wuf da wayoyin karuwai 2 bayan ya kai su otal yin lalata an damkeshi
hau_train_track_a_01049,gsky hirar nan tae dadi Allah ya taemaka🙌🙌,0,0,0,1,0,0,hau,gsky hirar nan tae dadi allah ya taemaka🙌🙌
hau_train_track_a_01050,Kana taka Allah na tashi: Ango ya mutu kwanaki kadan bayan ya auri kyakkyawar amaryar shi,0,0,0,0,1,0,hau,kana taka allah na tashi ango ya mutu kwanaki kadan bayan ya auri kyakkyawar amaryar shi
hau_train_track_a_01051,Daga baya kenan karya yake yayi yanzu de kwaskwarewa yakeson yayi.....😏,1,0,0,0,1,0,hau,daga baya kenan karya yake yayi yanzu de kwaskwarewa yakeson yayi😏
hau_train_track_a_01052,’Yan bindiga sun kashe Basarake a Zamfara,0,0,0,0,1,0,hau,’yan bindiga sun kashe basarake a zamfara
hau_train_track_a_01053,"Mata mai sana'ar wankau ta gina gidan kanta, 'yan Najeriya sun taya ta murna",0,0,0,1,0,1,hau,mata mai sanaar wankau ta gina gidan kanta yan najeriya sun taya ta murna
hau_train_track_a_01054,Kona coci da sansanin sojoji a Nigeria: Ƙungiyar ISWAP ta ɗauki alhakin kai hari,0,0,0,0,1,0,hau,kona coci da sansanin sojoji a nigeria ƙungiyar iswap ta ɗauki alhakin kai hari
hau_train_track_a_01055,"A tunanina akuya na kashe, in ji mijin da ya kashe matarsa",0,1,0,0,0,0,hau,a tunanina akuya na kashe in ji mijin da ya kashe matarsa
hau_train_track_a_01056,Allah Ya yi wa dan fim Cinnaka rasuwa,0,0,0,0,1,0,hau,allah ya yi wa dan fim cinnaka rasuwa
hau_train_track_a_01057,"An gudanar sa Sallar jana'izar jarumin soja, Manjo MM Hassan",0,0,0,0,1,0,hau,an gudanar sa sallar janaizar jarumin soja manjo mm hassan
hau_train_track_a_01058,Allah ubangiji ya ji qansu gabadaya ya kuma yi musu rahma 😖😭😭 sun manta da za’a je lahira dukkan rai zai dan dani mutuwa 😭😭😭😭😭😭😭😭😭😭😭😭😭#ZabarmariMassacre #SackTheServiceChiefs @<username>,0,0,0,0,1,0,hau,allah ubangiji ya ji qansu gabadaya ya kuma yi musu rahma 😖😭😭 sun manta da za’a je lahira dukkan rai zai dan dani mutuwa 😭😭😭😭😭😭😭😭😭😭😭😭😭zabarmarimassacre sacktheservicechiefs username
hau_train_track_a_01059,"Ko shakka sai kudin Hajji ya tashi, babu yadda muka iya - NAHCON",0,0,0,0,1,0,hau,ko shakka sai kudin hajji ya tashi babu yadda muka iya nahcon
hau_train_track_a_01060,ai tun a karo na farko ya bamu mamakin ynx me ya rage,0,0,0,0,0,1,hau,ai tun a karo na farko ya bamu mamakin ynx me ya rage
hau_train_track_a_01061,allah yajikansa da rahama yasa mutuwa hutuce agareshi,0,0,0,0,1,0,hau,allah yajikansa da rahama yasa mutuwa hutuce agareshi
hau_train_track_a_01062,Mai gaskia yana tare da Allah 👌🏻,0,0,0,1,0,0,hau,mai gaskia yana tare da allah 👌🏻
hau_train_track_a_01063,Iko-sai-Allah: Wata tsaleliyar budurwa ta auri kanta-da-kanta,0,0,0,0,0,1,hau,ikosaiallah wata tsaleliyar budurwa ta auri kantadakanta
hau_train_track_a_01064,Innalillahi wa inna ilaihi raji’un: Allah Ya yi ma yayar Gwamna Yahaya Bello rasuwa,0,0,0,0,1,0,hau,innalillahi wa inna ilaihi raji’un allah ya yi ma yayar gwamna yahaya bello rasuwa
hau_train_track_a_01065,Fusatattun 'yan fansho sun garkame SSG na Ogun kan rike N68bn na garatutinsu,1,0,0,0,0,0,hau,fusatattun yan fansho sun garkame ssg na ogun kan rike n68bn na garatutinsu
hau_train_track_a_01066,"Yanzu-yanzu: Allah ya yiwa Tsohon GMD na NNPC, Maikanti Baru, rasuwa",0,0,0,0,1,0,hau,yanzuyanzu allah ya yiwa tsohon gmd na nnpc maikanti baru rasuwa
hau_train_track_a_01067,Akwai yiwuwar a fara wahalar man fetur a gidajen man Jihohin Arewa saboda bashin N50bn,0,0,1,0,1,0,hau,akwai yiwuwar a fara wahalar man fetur a gidajen man jihohin arewa saboda bashin n50bn
hau_train_track_a_01068,Inafatan majalisar dinkin duniya tana kallan irin yadda yansanda ke musgunawa masu zanga-zangar lumana a kasar America 🇺🇸,0,0,0,0,1,0,hau,inafatan majalisar dinkin duniya tana kallan irin yadda yansanda ke musgunawa masu zangazangar lumana a kasar america 🇺🇸
hau_train_track_a_01069,"Mahaukaciyar guguwa ta lalata gidaje 1,000 ta kashe mutane 3 a Sokoto",0,0,1,0,1,0,hau,mahaukaciyar guguwa ta lalata gidaje 1000 ta kashe mutane 3 a sokoto
hau_train_track_a_01070,Abun mamaki har yanzun a 2021 akwai masu sauraran jawabin Buhari. 🤣,0,0,0,0,0,1,hau,abun mamaki har yanzun a 2021 akwai masu sauraran jawabin buhari 🤣
hau_train_track_a_01071,"Jarumin fina-finan India, Amitabh Bachchan ya kamu da korona",0,0,1,0,1,0,hau,jarumin finafinan india amitabh bachchan ya kamu da korona
hau_train_track_a_01072,"Misplaced Priorities 😏 Ana nan ana kashe yan uwan ki, masoyan ki a Arewa baki ce komai ba. Kin je kina saka baki a kan harkar da bata shafi yankin ki na Arewa ba. Use this same energy and try to make a change on the problems facing the North.",1,0,0,0,1,0,hau,misplaced priorities 😏 ana nan ana kashe yan uwan ki masoyan ki a arewa baki ce komai ba kin je kina saka baki a kan harkar da bata shafi yankin ki na arewa ba use this same energy and try to make a change on the problems facing the north
hau_train_track_a_01073,Tashin Hankali Yayin da Wasu ’Yan Bindiga Suka Yi Kokarin Farmakar Sanatan Neja a Gidansa,0,0,1,0,0,0,hau,tashin hankali yayin da wasu ’yan bindiga suka yi kokarin farmakar sanatan neja a gidansa
hau_train_track_a_01074,Aikin banza karya kara jawabin har ya gama banje yayiwa wayan da suka rasu ta'aziyaba ko su ba mutane bane ko kuma bai koya a zaman sa a gida ba mutuwace Shima xai yita wlh sai munyi bikin mutuwar ma 😏😏😏😏😏,1,0,0,0,0,0,hau,aikin banza karya kara jawabin har ya gama banje yayiwa wayan da suka rasu taaziyaba ko su ba mutane bane ko kuma bai koya a zaman sa a gida ba mutuwace shima xai yita wlh sai munyi bikin mutuwar ma 😏😏😏😏😏
hau_train_track_a_01075,Matatar Mai ta Dangote zata kashe kasuwar matatun Turai da muke sayen mai,0,0,0,1,0,0,hau,matatar mai ta dangote zata kashe kasuwar matatun turai da muke sayen mai
hau_train_track_a_01076,tayaya ta kwance ko da staye ️️️,0,0,0,0,0,1,hau,tayaya ta kwance ko da staye ️️️
hau_train_track_a_01077,"Bidiyo: An daura auren Suleiman da Ba-Amurkiyya, Jenine, a Kano cikin annashuwa",0,0,0,1,0,0,hau,bidiyo an daura auren suleiman da baamurkiyya jenine a kano cikin annashuwa
hau_train_track_a_01078,Gaskiya el rufai yafi buhari mugunta 😟,1,0,0,0,0,0,hau,gaskiya el rufai yafi buhari mugunta 😟
hau_train_track_a_01079,Yanzu-yanzu : Buhari ya gana da Shettima bayan an kaddamar da shi abokin takarar Tinubu,0,0,0,0,0,0,hau,yanzuyanzu buhari ya gana da shettima bayan an kaddamar da shi abokin takarar tinubu
hau_train_track_a_01080,hhhh kuma wai dolene mazan sai sunayi suna dariya? 😂,0,0,0,0,0,1,hau,hhhh kuma wai dolene mazan sai sunayi suna dariya 😂
hau_train_track_a_01081,allah yajikan so da raham allah yayafe muso amin somma amin,0,0,0,0,1,0,hau,allah yajikan so da raham allah yayafe muso amin somma amin
hau_train_track_a_01082,yanzu wai bacci zakiyi da girman ki,0,0,0,0,0,1,hau,yanzu wai bacci zakiyi da girman ki
hau_train_track_a_01083,Allahu Akbar: Kasar Saudiyya ta shirya gasar kiran sallah da karatun Al’kur’ani,0,0,0,1,0,0,hau,allahu akbar kasar saudiyya ta shirya gasar kiran sallah da karatun al’kur’ani
hau_train_track_a_01084,Audugar ta yi caba-caba da jini.,0,1,0,0,0,0,hau,audugar ta yi cabacaba da jini
hau_train_track_a_01085,Wai nikam mene damuwan kuh da tafiye tafiyen tsohon nan neh kun ishe muh fah😏,1,0,0,0,0,0,hau,wai nikam mene damuwan kuh da tafiye tafiyen tsohon nan neh kun ishe muh fah😏
hau_train_track_a_01086,Garin da ake saya wa birrai gonaki,0,0,0,0,0,1,hau,garin da ake saya wa birrai gonaki
hau_train_track_a_01087,Ran wa aka faranta mu da muke struggling a cikin rana da buda baki da kunu da qosai ae sai dai hamdallah🥺🥺,0,0,0,0,1,0,hau,ran wa aka faranta mu da muke struggling a cikin rana da buda baki da kunu da qosai ae sai dai hamdallah🥺🥺
hau_train_track_a_01088,Yaron yazo yanata kwakular tasano yana tsotsewa,0,1,0,0,0,0,hau,yaron yazo yanata kwakular tasano yana tsotsewa
hau_train_track_a_01089,"Allah ya yi wa tsohon gwamnan Kaduna, Balarabe Musa rasuwa",0,0,0,0,1,0,hau,allah ya yi wa tsohon gwamnan kaduna balarabe musa rasuwa
hau_train_track_a_01090,"Kare ya mutu a gefen hanya,kudaje suna ta bin kanshi",0,1,0,0,0,0,hau,kare ya mutu a gefen hanyakudaje suna ta bin kanshi
hau_train_track_a_01091,Rai banza: Sama da yayan kungiyar matsafa 20 aka halaka a jahar Edo,0,0,0,0,1,0,hau,rai banza sama da yayan kungiyar matsafa 20 aka halaka a jahar edo
hau_train_track_a_01092,Tabargaza: ‘Yan sanda sun rarumi wani likitan bogi bayan ya kashe mutum 2 da sunan tiyata,0,0,0,0,0,1,hau,tabargaza ‘yan sanda sun rarumi wani likitan bogi bayan ya kashe mutum 2 da sunan tiyata
hau_train_track_a_01093,Yadda Mata ke kokarin mu'amalan ta da ni - Dangote,0,0,0,0,0,0,hau,yadda mata ke kokarin muamalan ta da ni dangote
hau_train_track_a_01094,Kuma dukansu sun dade suna neman mulki kafin suka samu ..... Toh ko amerika ma zasu chi uban su ke Nan kaman yanda Nigeria suke chi 😂,0,0,0,0,0,0,hau,kuma dukansu sun dade suna neman mulki kafin suka samu toh ko amerika ma zasu chi uban su ke nan kaman yanda nigeria suke chi 😂
hau_train_track_a_01095,EndSARS: Abdulsalami Abubakar ya bukaci matasa su rungumi zaman lafiya,0,0,0,0,0,0,hau,endsars abdulsalami abubakar ya bukaci matasa su rungumi zaman lafiya
hau_train_track_a_01096,"Na cika alkawarin da na dauka wa nakasassun yan Najeriya, shugaba Buhari",0,0,0,1,0,0,hau,na cika alkawarin da na dauka wa nakasassun yan najeriya shugaba buhari
hau_train_track_a_01097,Yanzu-Yanzu: Allah Ya Yi Wa Sarkin Dutse Muhammadu Sanusi Rasuwa,0,0,0,0,1,0,hau,yanzuyanzu allah ya yi wa sarkin dutse muhammadu sanusi rasuwa
hau_train_track_a_01098,allah dan girmanka allah dan darajiar ka allah ka yayiwa al umar ka wannam masifar aduniya allah,0,0,1,0,0,0,hau,allah dan girmanka allah dan darajiar ka allah ka yayiwa al umar ka wannam masifar aduniya allah
hau_train_track_a_01099,Wani yaro yanacin abinci a duhu yahada matattace kyankyaso yacinye,0,1,0,0,0,0,hau,wani yaro yanacin abinci a duhu yahada matattace kyankyaso yacinye
hau_train_track_a_01100,Can ta yanka musu 😂,1,0,0,0,0,0,hau,can ta yanka musu 😂
hau_train_track_a_01101,Toh fa muna mu kallo 🤪🙄 Allah ya kyauta,0,0,0,0,0,1,hau,toh fa muna mu kallo 🤪🙄 allah ya kyauta
hau_train_track_a_01102,Allah yana ganinsa 😭,0,0,0,0,1,0,hau,allah yana ganinsa 😭
hau_train_track_a_01103,😂😂😂😂🤣🤣haba oga yan daban lafiya,0,0,0,0,0,0,hau,😂😂😂😂🤣🤣haba oga yan daban lafiya
hau_train_track_a_01104,Pls masu taimakawa kuci gaba da taimakawa Allah zai saka muku.... Allah ya kawomuna karshen wannan taaddanci Allah ya sakawa wayannan mutane😭,0,0,1,0,1,0,hau,pls masu taimakawa kuci gaba da taimakawa allah zai saka muku allah ya kawomuna karshen wannan taaddanci allah ya sakawa wayannan mutane😭
hau_train_track_a_01105,"Tunda akasaki bidion da akayiwa yaron nan dan boko haram muka fahinci nageri babu tsaro saboda wallahi da Jami,an wata kasace suka samu wannan yaron bawan da yanzu ankare da matsalar yan iskan Mu kawai allah muke roko yabamu kariya da tsari don kuddi sunrufema kowa ido 😭",0,0,0,0,1,0,hau,tunda akasaki bidion da akayiwa yaron nan dan boko haram muka fahinci nageri babu tsaro saboda wallahi da jamian wata kasace suka samu wannan yaron bawan da yanzu ankare da matsalar yan iskan mu kawai allah muke roko yabamu kariya da tsari don kuddi sunrufema kowa ido 😭
hau_train_track_a_01106,Mutumin da yaci mutuncin addinin ne zai jinjina wa shuwagabannin ta☹️lallai akwae tuka da warwara💯,1,0,0,0,1,0,hau,mutumin da yaci mutuncin addinin ne zai jinjina wa shuwagabannin ta☹️lallai akwae tuka da warwara💯
hau_train_track_a_01107,Wannan labari ne mai ban tsoro gaskiya kuma baimin dadin ji ba🤗,0,0,1,0,0,0,hau,wannan labari ne mai ban tsoro gaskiya kuma baimin dadin ji ba🤗
hau_train_track_a_01108,😂😂 Yasin munpi tsoron talauci akan corona🥴🥴,0,0,1,0,0,0,hau,😂😂 yasin munpi tsoron talauci akan corona🥴🥴
hau_train_track_a_01109,Kut 10k wallahi ni ko kyauta bazan zauna na kalleta ba. Kuma mgn charity to help poor muma muna dasu a unguwan mu ba sai na bayar ta hannun ta ba. Shashanci kawai😠😠😠,1,0,0,0,0,0,hau,kut 10k wallahi ni ko kyauta bazan zauna na kalleta ba kuma mgn charity to help poor muma muna dasu a unguwan mu ba sai na bayar ta hannun ta ba shashanci kawai😠😠😠
hau_train_track_a_01110,🤔 Toh pha Ana wata ga wata 😇,0,0,0,0,0,1,hau,🤔 toh pha ana wata ga wata 😇
hau_train_track_a_01111,karyar banza tun yaushe ake fadan hakan,1,0,0,0,0,0,hau,karyar banza tun yaushe ake fadan hakan
hau_train_track_a_01112,Yan bindiga sun kashe mutane 7 a wani samame da suka kai jahar Kaduna,0,0,1,0,1,0,hau,yan bindiga sun kashe mutane 7 a wani samame da suka kai jahar kaduna
hau_train_track_a_01113,Sabon harin 'yan bindiga: An kashe mutane 19 a Kaduna,1,0,1,0,1,0,hau,sabon harin yan bindiga an kashe mutane 19 a kaduna
hau_train_track_a_01114,Bidiyo: Yadda aka kama wata fitsararriyar Balarabiya 'yar kasar Saudiyya tana rawar iskanci da Hijabi cikin bainar jama'a,0,1,0,0,0,0,hau,bidiyo yadda aka kama wata fitsararriyar balarabiya yar kasar saudiyya tana rawar iskanci da hijabi cikin bainar jamaa
hau_train_track_a_01115,Masai cike da kashin da ba'a Kora ba se wari yakeyi,0,1,0,0,0,0,hau,masai cike da kashin da baa kora ba se wari yakeyi
hau_train_track_a_01116,Karya ne kuje ku tambaya ko ya yake a jihar Yobe dagana sai ku hada da bayani sah ku gani in shi kadai ne a Nigeria 😎,1,0,0,0,0,0,hau,karya ne kuje ku tambaya ko ya yake a jihar yobe dagana sai ku hada da bayani sah ku gani in shi kadai ne a nigeria 😎
hau_train_track_a_01117,"Ba zan sake Zina ba sai Allah ya bani miji, Jarumar Nollywood",0,0,0,0,0,0,hau,ba zan sake zina ba sai allah ya bani miji jarumar nollywood
hau_train_track_a_01118,"Hmmmm, wannan wani salo ne na introduction ko mene?🤔",0,0,0,0,0,1,hau,hmmmm wannan wani salo ne na introduction ko mene🤔
hau_train_track_a_01119,Bayani: Me yasa kayayyaki ke ƙara tsada a kasuwanni duk da hauhawar farashi ya sauka,0,0,0,0,0,1,hau,bayani me yasa kayayyaki ke ƙara tsada a kasuwanni duk da hauhawar farashi ya sauka
hau_train_track_a_01120,Tofa😲😲😲 Allah Ya kawo mana karshen waɗannan fitintinun. Amiin,0,0,1,0,1,1,hau,tofa😲😲😲 allah ya kawo mana karshen waɗannan fitintinun amiin
hau_train_track_a_01121,Subuhanallah shugavanin nigeria kuji tsoron allah 😭😭,0,0,0,0,1,0,hau,subuhanallah shugavanin nigeria kuji tsoron allah 😭😭
hau_train_track_a_01122,Farashin Iskar Gas Ya Tashi Da Kaso 9 Yayin Da Ake Tsaka Da Shan Wahalar Tsadar Man Fetur,0,0,0,0,1,0,hau,farashin iskar gas ya tashi da kaso 9 yayin da ake tsaka da shan wahalar tsadar man fetur
hau_train_track_a_01123,"Na san Buhari sosai, mun yi aiki tare, amma yanzu ya sauya",0,0,0,0,0,0,hau,na san buhari sosai mun yi aiki tare amma yanzu ya sauya
hau_train_track_a_01124,Ruwan zafi ba wajan wasan kwado bane. Suje 🇹🇩 Chadi mana,1,0,0,0,0,0,hau,ruwan zafi ba wajan wasan kwado bane suje 🇹🇩 chadi mana
hau_train_track_a_01125,Ya Allah ka kawo mana karshen wannan masifa albarkacin annabi Muhammad S A W A 💟👋,0,0,1,0,0,0,hau,ya allah ka kawo mana karshen wannan masifa albarkacin annabi muhammad s a w a 💟👋
hau_train_track_a_01126,Ta shekara bata wanke gashintaba ana budewa sega kwarkwata tayi dandazo kamar gidan zuma,0,1,0,0,0,0,hau,ta shekara bata wanke gashintaba ana budewa sega kwarkwata tayi dandazo kamar gidan zuma
hau_train_track_a_01127,Kududdufi ya hadiye yaro a Kano garin wanka,0,0,0,0,1,0,hau,kududdufi ya hadiye yaro a kano garin wanka
hau_train_track_a_01128,Ana Fargabar da Yawa Sun Mutu a Wani Kazamin Harin Yan Bindiga a Jihar Benue,0,0,1,0,1,0,hau,ana fargabar da yawa sun mutu a wani kazamin harin yan bindiga a jihar benue
hau_train_track_a_01129,"Cike da tawakkali, Sanata Na'Allah ya magantu kan kisan babban ɗansa",0,0,0,0,1,0,hau,cike da tawakkali sanata naallah ya magantu kan kisan babban ɗansa
hau_train_track_a_01130,Sha'aban Sharada ya taya Kwankwaso murnar cika shekaru 66,0,0,0,1,0,0,hau,shaaban sharada ya taya kwankwaso murnar cika shekaru 66
hau_train_track_a_01131,Ke duniya: An damke mutumin da ya birne mahaifiyarsa da ranta,1,0,0,0,0,1,hau,ke duniya an damke mutumin da ya birne mahaifiyarsa da ranta
hau_train_track_a_01132,Allah yakawomu karshen cutar gaba daya🙏,0,0,1,0,0,0,hau,allah yakawomu karshen cutar gaba daya🙏
hau_train_track_a_01133,Allah ya kawo ciniki 💰,0,0,0,0,0,0,hau,allah ya kawo ciniki 💰
hau_train_track_a_01134,Allah ya gafartawa #Majidadin_Kano da iyayenmu baki daya🙏,0,0,0,0,1,0,hau,allah ya gafartawa majidadinkano da iyayenmu baki daya🙏
hau_train_track_a_01135,"Da dumi-dumi: Allah ya yi wa Sanata Abdulazeez, dan uwan Mama Taraba, rasuwa",0,0,0,0,1,0,hau,da dumidumi allah ya yi wa sanata abdulazeez dan uwan mama taraba rasuwa
hau_train_track_a_01136,Kwalliya ta zo da gardama bayan da ciwo ya kama wata budurwa da aka karawa mazaunai a Najeriya,0,0,0,0,1,0,hau,kwalliya ta zo da gardama bayan da ciwo ya kama wata budurwa da aka karawa mazaunai a najeriya
hau_train_track_a_01137,Ashe har yanzu a wajen BBC ma sanusi sarki ne ❤️❤️✊🏻,0,0,0,0,0,1,hau,ashe har yanzu a wajen bbc ma sanusi sarki ne ❤️❤️✊🏻
hau_train_track_a_01138,"Kano: Gwamna Abba Ya Maida Martani Bayan Kotun Koli Ta Yanke Hukunci, Ya Gode Wa Allah",0,0,0,1,0,0,hau,kano gwamna abba ya maida martani bayan kotun koli ta yanke hukunci ya gode wa allah
hau_train_track_a_01139,"Soyayya: Labarin kyauta, sadaukar da kai da Maza su kayi wa Matan Twitter",0,0,0,1,0,0,hau,soyayya labarin kyauta sadaukar da kai da maza su kayi wa matan twitter
hau_train_track_a_01140,"Dan sanda abokin kowa, Dan sanda yi ba'a saka bah, tururuwa uwar jido, bah fada daku bah taran dangi😎",0,0,0,0,0,0,hau,dan sanda abokin kowa dan sanda yi baa saka bah tururuwa uwar jido bah fada daku bah taran dangi😎
hau_train_track_a_01141,Dama kin iya turanci.....🤣😂,0,0,0,0,0,1,hau,dama kin iya turanci🤣😂
hau_train_track_a_01142,Obasanjo ya bayyana irin mawuyacin halin da 'yan Afrika za su shiga bayan COVI-19,0,0,1,0,1,0,hau,obasanjo ya bayyana irin mawuyacin halin da yan afrika za su shiga bayan covi19
hau_train_track_a_01143,Wato suka akwai almajirai kenan??? 🤔🤔🤔🤔,0,0,0,0,0,1,hau,wato suka akwai almajirai kenan 🤔🤔🤔🤔
hau_train_track_a_01144,Yaro mara lafiya yayi amai a cikin abinci matar,0,1,0,0,0,0,hau,yaro mara lafiya yayi amai a cikin abinci matar
hau_train_track_a_01145,Dan wahala ai sai yayi ta rufewa da bakin shi kamar tsohuwa nashan lemon 🍋,1,0,0,0,0,0,hau,dan wahala ai sai yayi ta rufewa da bakin shi kamar tsohuwa nashan lemon 🍋
hau_train_track_a_01146,Da yardar Allah ni zan gaje Buhari a 2023: Dan takaran PDP ya lashi takobi,0,0,0,0,0,0,hau,da yardar allah ni zan gaje buhari a 2023 dan takaran pdp ya lashi takobi
hau_train_track_a_01147,Buhari Ya Sabunta Naɗin Garba Abari a Matsayin Shugaban NOA,0,0,0,1,0,0,hau,buhari ya sabunta naɗin garba abari a matsayin shugaban noa
hau_train_track_a_01148,"Tarihi: Birgediya Zakariya Maimalari, kwararren jami’in soja na farko a Najeriya",0,0,0,0,0,0,hau,tarihi birgediya zakariya maimalari kwararren jami’in soja na farko a najeriya
hau_train_track_a_01149,Wlh Ganduje baya kaunar talaka yazo yarage albashi ya tafi wata gada wai mutannen kano Gada zasu ci🤔,1,0,0,0,1,0,hau,wlh ganduje baya kaunar talaka yazo yarage albashi ya tafi wata gada wai mutannen kano gada zasu ci🤔
hau_train_track_a_01150,Saraki Ya Garzaya Kasa Mai Tsarki Don Nuna Godiya Ga Allah Yayin da Zai Cika Shekaru 60 a Duniya,0,0,0,1,0,0,hau,saraki ya garzaya kasa mai tsarki don nuna godiya ga allah yayin da zai cika shekaru 60 a duniya
hau_train_track_a_01151,Rikicin Makiyaya: An kashe mutane biyu tare da kai hari gidan Manjo-Janar Malu a jihar Plateau,0,0,0,0,1,0,hau,rikicin makiyaya an kashe mutane biyu tare da kai hari gidan manjojanar malu a jihar plateau
hau_train_track_a_01152,"Sabon rikici ya barke a Kogi: An kashe mutane 7, an kona gidaje",0,0,1,0,1,0,hau,sabon rikici ya barke a kogi an kashe mutane 7 an kona gidaje
hau_train_track_a_01153,Yaro yayi amai kuma y sa baki yana shanye kayan sa,0,1,0,0,0,0,hau,yaro yayi amai kuma y sa baki yana shanye kayan sa
hau_train_track_a_01154,"Kullu nafsin: Bayan shekaru 70 yana sallah a bayan limamin Ka'aba, Allah ya karbi rayuwarsa",0,0,0,0,1,0,hau,kullu nafsin bayan shekaru 70 yana sallah a bayan limamin kaaba allah ya karbi rayuwarsa
hau_train_track_a_01155,"Sojojin Najeriya sun murkushe wasu yan bindiga a Benuwe, sun lalata mafakarsu",0,0,0,1,0,0,hau,sojojin najeriya sun murkushe wasu yan bindiga a benuwe sun lalata mafakarsu
hau_train_track_a_01156,COVID-19: Likitocin China za su zo Najeriya,0,0,0,1,0,0,hau,covid19 likitocin china za su zo najeriya
hau_train_track_a_01157,"Harin makarantar Kebbi abun damuwa ne, barazana ne ga tsaro a arewa maso yamma – El-rufai",0,0,1,0,0,0,hau,harin makarantar kebbi abun damuwa ne barazana ne ga tsaro a arewa maso yamma – elrufai
hau_train_track_a_01158,Babbar Magana TIRKASHE🤣😂,0,0,0,0,0,1,hau,babbar magana tirkashe🤣😂
hau_train_track_a_01159,Allah ya yiwa matar da ta haifi ‘yan hudu a jihar Katsina rasuwa (hoto),0,0,0,0,1,0,hau,allah ya yiwa matar da ta haifi ‘yan hudu a jihar katsina rasuwa hoto
hau_train_track_a_01160,Allah ya yi wa wani hamshakin dan kasuwar Najeriya rasuwa,0,0,0,0,1,0,hau,allah ya yi wa wani hamshakin dan kasuwar najeriya rasuwa
hau_train_track_a_01161,Ku kunkoma ga Allan ne? Yanzu Kali abunda Jingir yace jiya Buhari Yana yin daidai duk da matsalar Tsaro 😭😭😭 na Dade da fuskantar Malam mu kune matsalar mu Bakwai iya fadawa gwamanti gaskiya Saboda abunda kuke samu daga wajen Gwamnati to Amma Allah na nan zaiyi alkalanci,1,0,0,0,1,0,hau,ku kunkoma ga allan ne yanzu kali abunda jingir yace jiya buhari yana yin daidai duk da matsalar tsaro 😭😭😭 na dade da fuskantar malam mu kune matsalar mu bakwai iya fadawa gwamanti gaskiya saboda abunda kuke samu daga wajen gwamnati to amma allah na nan zaiyi alkalanci
hau_train_track_a_01162,Amfani da yadda bankunan taimakon juna ga al'umma,0,0,0,0,0,0,hau,amfani da yadda bankunan taimakon juna ga alumma
hau_train_track_a_01163,Musulunci ya samu karuwa: Peter da Joshua sun koma Muhammad da Sulaiman a birnin Jalingo,0,0,0,1,0,0,hau,musulunci ya samu karuwa peter da joshua sun koma muhammad da sulaiman a birnin jalingo
hau_train_track_a_01164,Haramta Shan Barasa a Qatar Na Taimakawa Mata Su Yi Kallon Kwallo Cikin Aminci,0,0,0,0,0,0,hau,haramta shan barasa a qatar na taimakawa mata su yi kallon kwallo cikin aminci
hau_train_track_a_01165,Allah ya haskaka kabarinsa yasa mutuwa hutune agareshi 😭😭😭😭😭 Allah yasada shi da Rahamarsa,0,0,0,0,1,0,hau,allah ya haskaka kabarinsa yasa mutuwa hutune agareshi 😭😭😭😭😭 allah yasada shi da rahamarsa
hau_train_track_a_01166,Yan da zaka sarrafa bolar gidanka ta dinga kawo maka kudi,0,0,0,0,0,1,hau,yan da zaka sarrafa bolar gidanka ta dinga kawo maka kudi
hau_train_track_a_01167,"Yanzu yan bindiga gida-gida suke bi suna diban mutane, Sarkin Musulmi",0,0,1,0,0,0,hau,yanzu yan bindiga gidagida suke bi suna diban mutane sarkin musulmi
hau_train_track_a_01168,dalibai 12 sun yi saukar Alkur’ani a Madarasatu Nuril kur’an ta Dungurawa,0,0,0,1,0,0,hau,dalibai 12 sun yi saukar alkur’ani a madarasatu nuril kur’an ta dungurawa
hau_train_track_a_01169,AMAA: Jaruma Maryam Booth ta samu gagarumar lambar yabo,0,0,0,1,0,0,hau,amaa jaruma maryam booth ta samu gagarumar lambar yabo
hau_train_track_a_01170,Wata sabuwar colabo ce haka🤔,0,0,0,0,0,1,hau,wata sabuwar colabo ce haka🤔
hau_train_track_a_01171,Shirun dai yafi masaa 👌alokacin guraren bautama tsoron zuwa akeyii Allah ya kyautaa yakawo mana qarshen wannan matsalolin Ameeen🙏,0,0,0,0,1,0,hau,shirun dai yafi masaa 👌alokacin guraren bautama tsoron zuwa akeyii allah ya kyautaa yakawo mana qarshen wannan matsalolin ameeen🙏
hau_train_track_a_01172,Sabuda wassu kishiyoyin basuda respect 👈👌,1,0,0,0,0,0,hau,sabuda wassu kishiyoyin basuda respect 👈👌
hau_train_track_a_01173,Gsky mungaji da mulkin tsohonnan wllhy 😠,1,0,0,0,0,0,hau,gsky mungaji da mulkin tsohonnan wllhy 😠
hau_train_track_a_01174,Kashi 63 na abun wanke hannu a Abuja jabu ne,0,0,0,0,1,0,hau,kashi 63 na abun wanke hannu a abuja jabu ne
hau_train_track_a_01175,Miyagun Yan Bindiga Sun Halaka Insufektan Yan Sanda a Jihar Delta,0,0,1,0,1,0,hau,miyagun yan bindiga sun halaka insufektan yan sanda a jihar delta
hau_train_track_a_01176,Kakawo mana video inkunaso muyadda da kuma hotunan gawar 😁domin wanan shine Karo kusan na 33 da ake cewa shekau Ya mutu alhalin yana raye,1,0,0,0,0,0,hau,kakawo mana video inkunaso muyadda da kuma hotunan gawar 😁domin wanan shine karo kusan na 33 da ake cewa shekau ya mutu alhalin yana raye
hau_train_track_a_01177,Allah yakawo mana karshen wannan abu 🙏,0,0,1,0,0,0,hau,allah yakawo mana karshen wannan abu 🙏
hau_train_track_a_01178,Baku isa ku fadawa Buhari abinda zai yi ba - Mai magana da yawunsa,1,0,0,0,0,0,hau,baku isa ku fadawa buhari abinda zai yi ba mai magana da yawunsa
hau_train_track_a_01179,Kuri’u Marasa Inganci Da Wasu Dalilai Da Suka Sa Kotun Zabe Tsige Gwamnoni 2 Cikin Watanni 5,0,0,0,0,0,0,hau,kuri’u marasa inganci da wasu dalilai da suka sa kotun zabe tsige gwamnoni 2 cikin watanni 5
hau_train_track_a_01180,Tsutsotsi na fita daga kunnenta,0,1,0,0,0,0,hau,tsutsotsi na fita daga kunnenta
hau_train_track_a_01181,"Waya tambeye ku? Giskiya Har yanzu baku waye ba wanan Na iya hadasa rikichi fa! This is not news this is rubbish, tell us who wrote this headlines the person needs to be sacked ✊ @<username>",1,0,0,0,0,0,hau,waya tambeye ku giskiya har yanzu baku waye ba wanan na iya hadasa rikichi fa this is not news this is rubbish tell us who wrote this headlines the person needs to be sacked ✊ username
hau_train_track_a_01182,ashe ba tun yanzu mata ke activism ba,0,0,0,0,0,1,hau,ashe ba tun yanzu mata ke activism ba
hau_train_track_a_01183,allah shikawo muna karshen wannan matsala,0,0,1,0,0,0,hau,allah shikawo muna karshen wannan matsala
hau_train_track_a_01184,Tab mu ai manyan mu sun dade Suna bamu mamaki😂😂😂da irin sace sacen da akeyi a lalitar talakawa wani lissafin satar ma sai ta kwancewa mutum lissafi🤣🤣😂😂😂😂🤣🤣🤣,1,0,0,0,0,1,hau,tab mu ai manyan mu sun dade suna bamu mamaki😂😂😂da irin sace sacen da akeyi a lalitar talakawa wani lissafin satar ma sai ta kwancewa mutum lissafi🤣🤣😂😂😂😂🤣🤣🤣
hau_train_track_a_01185,Dakin ya cika da hamamin warin takalmin mutumin,0,1,0,0,0,0,hau,dakin ya cika da hamamin warin takalmin mutumin
hau_train_track_a_01186,Zaben Ekiti: Kalli hotunan murnar magoya bayan Fayose bayan sun yi ikirarin hango kyallin nasara,0,0,0,1,0,0,hau,zaben ekiti kalli hotunan murnar magoya bayan fayose bayan sun yi ikirarin hango kyallin nasara
hau_train_track_a_01187,Naji dadin wannan labarin🤣🕺🏾muna godiya bbc hausa.,0,0,0,1,0,0,hau,naji dadin wannan labarin🤣🕺🏾muna godiya bbc hausa
hau_train_track_a_01188,allahu akbar allah ya jikansa da rahamarsa allah ya yafe masa kurakuransa summa ameen,0,0,0,0,1,0,hau,allahu akbar allah ya jikansa da rahamarsa allah ya yafe masa kurakuransa summa ameen
hau_train_track_a_01189,"Gwamna Ortom: An yi min tayin APC, gwamnatin Buhari ba ta taimaka min wurin biyan albashi",0,0,0,0,1,0,hau,gwamna ortom an yi min tayin apc gwamnatin buhari ba ta taimaka min wurin biyan albashi
hau_train_track_a_01190,Innalillahi Wa'inna Ilaihi Raji'un: Usman Abubakar yayi luwadi da 'ya'yan uban gidanshi su 10 a jihar Sokoto,0,1,0,0,0,0,hau,innalillahi wainna ilaihi rajiun usman abubakar yayi luwadi da yayan uban gidanshi su 10 a jihar sokoto
hau_train_track_a_01191,Ke din girmankin nan kina 25? 🍼 ko kema irin shekarun ana gaba ana baya,0,0,0,0,1,0,hau,ke din girmankin nan kina 25 🍼 ko kema irin shekarun ana gaba ana baya
hau_train_track_a_01192,"Allah yayi wa zukekiyar jarumar Kannywood, Khadija Mahmud, rasuwa",0,0,0,0,1,0,hau,allah yayi wa zukekiyar jarumar kannywood khadija mahmud rasuwa
hau_train_track_a_01193,Dandalin Kannywood: Umar M. Shariff yafi kowani mawakin Hausa kyau da daukar wanka (hotuna),0,0,0,0,0,0,hau,dandalin kannywood umar m shariff yafi kowani mawakin hausa kyau da daukar wanka hotuna
hau_train_track_a_01194,"Buhari ya soke zuwa Zamfara ne saboda tsoron yan ta'adda, PDP ta magantu",0,0,1,0,0,0,hau,buhari ya soke zuwa zamfara ne saboda tsoron yan taadda pdp ta magantu
hau_train_track_a_01195,To Ku BBC meye damuwarka idan anyi satar jarabawa😂😂,0,0,0,1,0,0,hau,to ku bbc meye damuwarka idan anyi satar jarabawa😂😂
hau_train_track_a_01196,uwar dakinka ta na mana fatan alheri.😂😂 Amadadinka muna godiya @<username>,0,0,0,1,0,0,hau,uwar dakinka ta na mana fatan alheri😂😂 amadadinka muna godiya username
hau_train_track_a_01197,Matashi Ya Gamu da Fushin Alkali Bayan Watsawa Budurwar da Abokin Nemansa ‘Acid’,1,0,0,0,1,0,hau,matashi ya gamu da fushin alkali bayan watsawa budurwar da abokin nemansa ‘acid’
hau_train_track_a_01198,🤣🤣🤣tirr gwamnati na hukunci,1,1,0,0,0,0,hau,🤣🤣🤣tirr gwamnati na hukunci
hau_train_track_a_01199,Kwatar gidansu ta toshe ruwan ya cika gidan se wari yakeyi,0,1,0,0,0,0,hau,kwatar gidansu ta toshe ruwan ya cika gidan se wari yakeyi
hau_train_track_a_01200,Bera ya mutu ya fashe a cikin madahuwa,0,1,0,0,0,0,hau,bera ya mutu ya fashe a cikin madahuwa
hau_train_track_a_01201,🤣🤣🤣🤣wannan ai abin mamaki ne tayaya,0,0,0,0,0,1,hau,🤣🤣🤣🤣wannan ai abin mamaki ne tayaya
hau_train_track_a_01202,Wani Basaraken Kasar Mexico Ya Angwance Da Kada a Wani Kasaitaccen Biki Da Aka Gudanar,0,0,0,1,0,0,hau,wani basaraken kasar mexico ya angwance da kada a wani kasaitaccen biki da aka gudanar
hau_train_track_a_01203,"Bidiyon fusataccen dan Najeriya yana tallar ƙodarsa, yana tafe kan titi yana shela",1,0,0,0,0,1,hau,bidiyon fusataccen dan najeriya yana tallar ƙodarsa yana tafe kan titi yana shela
hau_train_track_a_01204,lallai kam akwai sauran kallo,0,0,0,0,0,1,hau,lallai kam akwai sauran kallo
hau_train_track_a_01205,Innalillahi: 'Yan bindiga sun yiwa diyar sarauta a Ibadan kisan gilla sun tsere,0,0,0,0,1,0,hau,innalillahi yan bindiga sun yiwa diyar sarauta a ibadan kisan gilla sun tsere
hau_train_track_a_01206,Kai da kace addu'ar talaka Bata karbuwa???😎,1,0,0,0,0,0,hau,kai da kace adduar talaka bata karbuwa😎
hau_train_track_a_01207,Ashe har kafi dangote ma suna a duniya........ Tramadol in action 🤣🤣🤣🤣🤣 ##URL##,1,0,0,0,0,1,hau,ashe har kafi dangote ma suna a duniya tramadol in action 🤣🤣🤣🤣🤣 url
hau_train_track_a_01208,Daga cin zabe?🤔🤔🤔🤔🤔🤔🤔Allah ya jikan musulmi.,0,0,0,0,1,1,hau,daga cin zabe🤔🤔🤔🤔🤔🤔🤔allah ya jikan musulmi
hau_train_track_a_01209,Mota ta markade wani mutum hanji ya fita.,0,1,0,0,1,0,hau,mota ta markade wani mutum hanji ya fita
hau_train_track_a_01210,Allah ya shiryesu shan barasa bashi da wani amfani a tattare da rayuwar dan adam amma dai ni ban wani damuba tunda ba a nigeria bane mu jima da tashin hankalin da muke cimi😢,0,0,1,0,1,0,hau,allah ya shiryesu shan barasa bashi da wani amfani a tattare da rayuwar dan adam amma dai ni ban wani damuba tunda ba a nigeria bane mu jima da tashin hankalin da muke cimi😢
hau_train_track_a_01211,Kan uwa! Wani course?😂,0,0,0,0,0,1,hau,kan uwa wani course😂
hau_train_track_a_01212,Matashi Ya Girgiza Intanet Yayin da Ya Nuna Yadda Ya Makala Ma Kansa Gashin Kanti Ya Zama Gemu,0,0,0,0,0,1,hau,matashi ya girgiza intanet yayin da ya nuna yadda ya makala ma kansa gashin kanti ya zama gemu
hau_train_track_a_01213,Tabbb wannan ya taro fushin Ubangiji da kansa 🤔,1,0,1,0,0,0,hau,tabbb wannan ya taro fushin ubangiji da kansa 🤔
hau_train_track_a_01214,IKON ALLAH! Wata mata mai shekaru 72 ta haihu a wannan jihar ta Arewa,0,0,0,0,0,1,hau,ikon allah wata mata mai shekaru 72 ta haihu a wannan jihar ta arewa
hau_train_track_a_01215,Agaskiya nima nayi mamaki da jin haka🤔,0,0,0,0,0,1,hau,agaskiya nima nayi mamaki da jin haka🤔
hau_train_track_a_01216,"Yanzu Yanzu: Allah ya yiwa dan majalisa, Olusegun Popoola, rasuwa",0,0,0,0,1,0,hau,yanzu yanzu allah ya yiwa dan majalisa olusegun popoola rasuwa
hau_train_track_a_01217,😄😂 wallayi mutane yan iska ne ko mi suka samu,1,0,0,0,0,0,hau,😄😂 wallayi mutane yan iska ne ko mi suka samu
hau_train_track_a_01218,COVID-19: Matar El-Zakzaky ta samu lafiya,0,0,0,1,0,0,hau,covid19 matar elzakzaky ta samu lafiya
hau_train_track_a_01219,"Kai Anya Kuwa mutanen Nan ba guntuwar Cigarette 🚬 suke jefawa ba,? 🤔🤔",0,0,0,0,0,1,hau,kai anya kuwa mutanen nan ba guntuwar cigarette 🚬 suke jefawa ba 🤔🤔
hau_train_track_a_01220,Allah kadai zai sakawa Abacha kan yadda ya sauya Najeriya - Al-Mustapha,0,0,0,0,0,0,hau,allah kadai zai sakawa abacha kan yadda ya sauya najeriya almustapha
hau_train_track_a_01221,Naira #50 anya ba dan wiwi Ke tweet din nn ba 😂💔,1,0,0,0,0,1,hau,naira 50 anya ba dan wiwi ke tweet din nn ba 😂💔
hau_train_track_a_01222,"A'a, ban yarda ba, Kuma bazan yarda ba, na rufe qofar yarda🚪",1,0,0,0,0,0,hau,aa ban yarda ba kuma bazan yarda ba na rufe qofar yarda🚪
hau_train_track_a_01223,Gwamnatin Najeriya Tayi Bayani a Kan Wahalar Abincin Da Ake Cewa Za Ayi a 2023,0,0,0,0,0,0,hau,gwamnatin najeriya tayi bayani a kan wahalar abincin da ake cewa za ayi a 2023
hau_train_track_a_01224,Yan sanda: Yadda muka kama Fasto mai taimakawa IPOB akai hari kan jami'an 'yan tsaro,1,0,0,0,1,0,hau,yan sanda yadda muka kama fasto mai taimakawa ipob akai hari kan jamian yan tsaro
hau_train_track_a_01225,Sudai kullun barakaji abun cigaba bah koh abunda zai amfani talaka bah sedai abunda zai amfani kansu idan babu tsaro a kasa yaushe hankalin mutum zai kwanta har yatuna da wani shayi balle yasha aikin banza kawai ☹️😎,1,0,0,0,1,0,hau,sudai kullun barakaji abun cigaba bah koh abunda zai amfani talaka bah sedai abunda zai amfani kansu idan babu tsaro a kasa yaushe hankalin mutum zai kwanta har yatuna da wani shayi balle yasha aikin banza kawai ☹️😎
hau_train_track_a_01226,Neman abinci ya sanya na shiga ta'addancin garkuwa da satar shanu - 'Dan ta'adda,0,0,0,0,1,0,hau,neman abinci ya sanya na shiga taaddancin garkuwa da satar shanu dan taadda
hau_train_track_a_01227,Mutane 5 yan gida daya sun yi mutuwar ban mamaki a jahar Enugu,0,0,0,0,1,1,hau,mutane 5 yan gida daya sun yi mutuwar ban mamaki a jahar enugu
hau_train_track_a_01228,prince dame za a ayi wuff din,0,0,0,0,0,1,hau,prince dame za a ayi wuff din
hau_train_track_a_01229,sun ji tsoro a basu ruwan madaci su sha 😂,0,0,0,1,0,0,hau,sun ji tsoro a basu ruwan madaci su sha 😂
hau_train_track_a_01230,"Kotu ta bada umurnin cafke tsohon magatakardan majalisar tarayya, Sani Omolori",0,0,0,0,0,1,hau,kotu ta bada umurnin cafke tsohon magatakardan majalisar tarayya sani omolori
hau_train_track_a_01231,Allah kajanyewa duk Wanda ya janye mana tallafi🤲🤲🤲🤲🤲,1,0,0,0,0,0,hau,allah kajanyewa duk wanda ya janye mana tallafi🤲🤲🤲🤲🤲
hau_train_track_a_01232,Muma bazamu daina ba jiki magayi😂wai tsakuwa ya tauna dan aya taji tsoro karyan banza .. daina siyan kayansu da akayi a kasashen musulmai ya mishi zafi dan naji dazu a news ba karamar asara aka tafka ba daman ga corona Wallahi macron sai kaci uwatai😂😂😂😂,1,0,0,0,0,0,hau,muma bazamu daina ba jiki magayi😂wai tsakuwa ya tauna dan aya taji tsoro karyan banza daina siyan kayansu da akayi a kasashen musulmai ya mishi zafi dan naji dazu a news ba karamar asara aka tafka ba daman ga corona wallahi macron sai kaci uwatai😂😂😂😂
hau_train_track_a_01233,Mai bada shawara na musamman a fannin lafiya ga gwamnan Kwara ya yi murabus,0,0,0,0,1,1,hau,mai bada shawara na musamman a fannin lafiya ga gwamnan kwara ya yi murabus
hau_train_track_a_01234,Allah yyi mna mgnin cutar nan dea 😷,0,0,1,0,1,0,hau,allah yyi mna mgnin cutar nan dea 😷
hau_train_track_a_01235,idan fitsari banza ne kaza tayi adai bar kaza cikin gashinta kadda garin tone tone kaza ta tono wukar yankata ka tambaye ni hanyar rafi kaza nake,0,0,0,0,0,0,hau,idan fitsari banza ne kaza tayi adai bar kaza cikin gashinta kadda garin tone tone kaza ta tono wukar yankata ka tambaye ni hanyar rafi kaza nake
hau_train_track_a_01236,Matar da ta bugawa 'yar ta guduma a goshi ta fuskanci fushin kotu,0,0,0,0,1,0,hau,matar da ta bugawa yar ta guduma a goshi ta fuskanci fushin kotu
hau_train_track_a_01237,‘Yan Zaria sai murna suke yi an fatattaki makarantar Shi’a,0,0,0,1,0,0,hau,‘yan zaria sai murna suke yi an fatattaki makarantar shi’a
hau_train_track_a_01238,Ka daukaka kara konine bazan yardaba.😂😂😂,1,0,0,0,0,0,hau,ka daukaka kara konine bazan yardaba😂😂😂
hau_train_track_a_01239,“Ana Ruwa Amma Duk Da Haka Akwai Wuta”: Matashi Dan Najeriya Da Ke Turai Ya Cika Da Mamaki,0,0,0,0,0,1,hau,“ana ruwa amma duk da haka akwai wuta” matashi dan najeriya da ke turai ya cika da mamaki
hau_train_track_a_01240,"Ana Fargabar Mutane 30 Sun Mutu Yayin Fada Tsakanin Sojoji da 'Yan Bindiga a Arewa, Bayanai Sun Fito",0,0,1,0,1,0,hau,ana fargabar mutane 30 sun mutu yayin fada tsakanin sojoji da yan bindiga a arewa bayanai sun fito
hau_train_track_a_01241,innalillahi wainnailaihir rajiun allah mun tuba kayafe mana allah k tausaya mana badin halin mu ba ya allah ka kawo mana karshan wann masifan,0,0,1,0,0,0,hau,innalillahi wainnailaihir rajiun allah mun tuba kayafe mana allah k tausaya mana badin halin mu ba ya allah ka kawo mana karshan wann masifan
hau_train_track_a_01242,laa dama rahama ke bahaguwa ce,0,0,0,0,0,1,hau,laa dama rahama ke bahaguwa ce
hau_train_track_a_01243,Yanzu-yanzu: Allah ya yiwa dan'uwan Sheikh Isa Pantami rasuwa,0,0,0,0,1,0,hau,yanzuyanzu allah ya yiwa danuwan sheikh isa pantami rasuwa
hau_train_track_a_01244,wato banki yan iska neh aswear 🤣🤣🤣 and they don’t take your money sai kinyi niyan ciran wani “special amount” sai ki ji “insufficient funds” 😂😂😂,1,0,0,0,0,0,hau,wato banki yan iska neh aswear 🤣🤣🤣 and they don’t take your money sai kinyi niyan ciran wani “special amount” sai ki ji “insufficient funds” 😂😂😂
hau_train_track_a_01245,"Daman yana da farin jinine, wannan mara imanin ai daga ganin shi babarsa da bakin jini tayi naqudaersa😏",1,0,0,0,0,0,hau,daman yana da farin jinine wannan mara imanin ai daga ganin shi babarsa da bakin jini tayi naqudaersa😏
hau_train_track_a_01246,allah ubangiji ya kawo mana karshen yan taadda da masu taimaka masu,0,0,1,0,1,0,hau,allah ubangiji ya kawo mana karshen yan taadda da masu taimaka masu
hau_train_track_a_01247,Atiku ya taya Obasanjo murnar cika shekaru 82 a duniya,0,0,0,1,0,0,hau,atiku ya taya obasanjo murnar cika shekaru 82 a duniya
hau_train_track_a_01248,Allah sarki. Allah ya yaye muku wannan ciwon. Kuma masu yaudaranku sabida wannan ciwon su sani suma ba dabararsu ce tasa suke da lafiya. Allah yasa jinyarku ya zamo muku kaffara. Allah yasa ya zamo sanadin shiganku aljannah😭😭😭,0,0,1,0,1,0,hau,allah sarki allah ya yaye muku wannan ciwon kuma masu yaudaranku sabida wannan ciwon su sani suma ba dabararsu ce tasa suke da lafiya allah yasa jinyarku ya zamo muku kaffara allah yasa ya zamo sanadin shiganku aljannah😭😭😭
hau_train_track_a_01249,Ya dawo kaduna su hade da Su yi ta bankaura😂,0,0,0,0,0,0,hau,ya dawo kaduna su hade da su yi ta bankaura😂
hau_train_track_a_01250,Gidan gabadaya ba kyan gani ya baci da gansa kuka,0,1,0,0,0,0,hau,gidan gabadaya ba kyan gani ya baci da gansa kuka
hau_train_track_a_01251,Kuna nufin akwai qura a ministirin A〽️ar♈a kenan?,0,0,0,0,0,0,hau,kuna nufin akwai qura a ministirin a〽️ar♈a kenan
hau_train_track_a_01252,mits abin ban takaici wai sallah ce akeyi a haka shin ni abinda ban fahimtaba a nan shine shin shi buharin baya sujuda ne domin naga kujerarsa dai dai mazauninsa,1,0,0,0,1,0,hau,mits abin ban takaici wai sallah ce akeyi a haka shin ni abinda ban fahimtaba a nan shine shin shi buharin baya sujuda ne domin naga kujerarsa dai dai mazauninsa
hau_train_track_a_01253,"Ban yi mamakin sauke ni daga mulki ba, Kwamishinan Borno da Zulum ya kora",0,0,0,0,0,0,hau,ban yi mamakin sauke ni daga mulki ba kwamishinan borno da zulum ya kora
hau_train_track_a_01254,allah yai musu rahama ameen,0,0,0,0,1,0,hau,allah yai musu rahama ameen
hau_train_track_a_01255,Ni dama abin yabani mamaki wai Su Garuje ansamu mukamin farfesa😄 ##URL##,0,0,0,0,1,1,hau,ni dama abin yabani mamaki wai su garuje ansamu mukamin farfesa😄 url
hau_train_track_a_01256,Bako daya 👌 kawae yakamata a duba iyaye da suke barin kananan yara suna futa babu kaya jikinsu like saikiga yar karamar yarinya da wando jikinta Amman babu riga toh hakan shi yake jawo komae! Toh a haka zata taso batasan illar baiyyana tsaraiciba,0,1,0,0,1,0,hau,bako daya 👌 kawae yakamata a duba iyaye da suke barin kananan yara suna futa babu kaya jikinsu like saikiga yar karamar yarinya da wando jikinta amman babu riga toh hakan shi yake jawo komae toh a haka zata taso batasan illar baiyyana tsaraiciba
hau_train_track_a_01257,"Wani yaro yasamu mangoro acikin shara yanaci, dukda tsusar dake jiki tana mosti",0,1,0,0,0,0,hau,wani yaro yasamu mangoro acikin shara yanaci dukda tsusar dake jiki tana mosti
hau_train_track_a_01258,wai dama har yanxu akwai corona najeriya kenan,0,0,0,0,0,1,hau,wai dama har yanxu akwai corona najeriya kenan
hau_train_track_a_01259,"Yan aware daga Kamaru sun shigo Najeriya, sun kashe mutane, sun kone gidaje",0,0,1,0,1,0,hau,yan aware daga kamaru sun shigo najeriya sun kashe mutane sun kone gidaje
hau_train_track_a_01260,"Babbar magana: Gwamnan APC ya fusata, ya kori kwamishinansa na kudi saboda dalilai",1,0,0,0,0,0,hau,babbar magana gwamnan apc ya fusata ya kori kwamishinansa na kudi saboda dalilai
hau_train_track_a_01261,Gwamnan Delta ya ba Shugaba Buhari zabi 2 game da dukiyar satar Ibori da ya lakume,0,0,0,0,0,0,hau,gwamnan delta ya ba shugaba buhari zabi 2 game da dukiyar satar ibori da ya lakume
hau_train_track_a_01262,Ashe Doguwa ce🤔,0,0,0,0,0,1,hau,ashe doguwa ce🤔
hau_train_track_a_01263,"Yan bindiga sun sake kai wani mummunan hari Kaduna, sun aikata babbar ɓarna kan mutane",0,0,1,0,1,0,hau,yan bindiga sun sake kai wani mummunan hari kaduna sun aikata babbar ɓarna kan mutane
hau_train_track_a_01264,"Ba zai taba zama shugaban kasa ba, Fasto ya yiwa gwamnan wata jiha baki",1,0,0,0,0,0,hau,ba zai taba zama shugaban kasa ba fasto ya yiwa gwamnan wata jiha baki
hau_train_track_a_01265,Allah Ya yi wa Sarkin Tafa rasuwa,0,0,0,0,1,0,hau,allah ya yi wa sarkin tafa rasuwa
hau_train_track_a_01266,Zan sha mamaki mana😂,0,0,0,0,0,1,hau,zan sha mamaki mana😂
hau_train_track_a_01267,Wato BBC naga alamar rashin aiki a tattare daku damuwar mutane daban abinda kuke turawa daban 😏😏😏,1,0,0,0,1,0,hau,wato bbc naga alamar rashin aiki a tattare daku damuwar mutane daban abinda kuke turawa daban 😏😏😏
hau_train_track_a_01268,Ina tsoron fushin ubangiji – Inji wani babban Fasto da ke neman yan mata da Mata mabiyansa,0,1,1,0,0,0,hau,ina tsoron fushin ubangiji – inji wani babban fasto da ke neman yan mata da mata mabiyansa
hau_train_track_a_01269,Aisha Yesufu ta yi wa Nnamdi Kanu wankin babban bargo a kan Fulani makiyaya,1,0,0,0,0,0,hau,aisha yesufu ta yi wa nnamdi kanu wankin babban bargo a kan fulani makiyaya
hau_train_track_a_01270,Kada ku kuskura ku zabi wanda ba shi da takardun kammala karatu - Sanusi ya gargadi 'yan Nigeria,0,0,0,0,0,0,hau,kada ku kuskura ku zabi wanda ba shi da takardun kammala karatu sanusi ya gargadi yan nigeria
hau_train_track_a_01271,"Hmmmm ku bi dai a hankali, karku buya a bayan wayon ku😏😮!!! Dan wlh idan jamaa suka gane ku daku sha mamakiii!!...😣😣",1,0,0,0,1,0,hau,hmmmm ku bi dai a hankali karku buya a bayan wayon ku😏😮 dan wlh idan jamaa suka gane ku daku sha mamakiii😣😣
hau_train_track_a_01272,Pantami na son maida da Abuja 'smart city',0,0,0,1,0,0,hau,pantami na son maida da abuja smart city
hau_train_track_a_01273,"Muna taya murna IG, da haka burutai ya Fara🙏",0,0,0,1,0,0,hau,muna taya murna ig da haka burutai ya fara🙏
hau_train_track_a_01274,"Duk da komawa APC, da alamu Fani-Kayode zai fuskanci fushin kotu saboda badakala",1,0,0,0,0,0,hau,duk da komawa apc da alamu fanikayode zai fuskanci fushin kotu saboda badakala
hau_train_track_a_01275,ya allah kakawo mana qarshen matsalar tsalar rashin tsaro a gida nigeria baki dhaya,0,0,1,0,0,0,hau,ya allah kakawo mana qarshen matsalar tsalar rashin tsaro a gida nigeria baki dhaya
hau_train_track_a_01276,Da Dumi-Dumi: Allah Ya Yi Wa Babban Malamin Addini A Najeriya Rasuwa,0,0,0,0,1,0,hau,da dumidumi allah ya yi wa babban malamin addini a najeriya rasuwa
hau_train_track_a_01277,allah ya taya maka jigo a siyasar nijeriya babu fushi gareka baka gaba,0,0,0,1,0,0,hau,allah ya taya maka jigo a siyasar nijeriya babu fushi gareka baka gaba
hau_train_track_a_01278,Yan bindiga sun sace wani hamshaƙin ɗan kasuwa a jihar Abia,0,0,1,0,1,0,hau,yan bindiga sun sace wani hamshaƙin ɗan kasuwa a jihar abia
hau_train_track_a_01279,Wata sabuwa: Allah ya haramtawa mace tayi bincike a wayar mijinta - Cewar wani soja,0,0,0,0,0,1,hau,wata sabuwa allah ya haramtawa mace tayi bincike a wayar mijinta cewar wani soja
hau_train_track_a_01280,Gsky da Tsuntsun kaduna sokoto yake da karya yake yadinga muzgunawa mutane hakan da sakkwatawa sun tsigeshi kokuwa sukomawarsu suga abunda zaiyi 😂😂 idon kuma yace zai iya acanza adawo dashi sokoto mugani!!! I come in peace ☮️🚶🏻‍♂️🚶🏻‍♂️🚶🏻‍♂️,0,0,0,0,0,0,hau,gsky da tsuntsun kaduna sokoto yake da karya yake yadinga muzgunawa mutane hakan da sakkwatawa sun tsigeshi kokuwa sukomawarsu suga abunda zaiyi 😂😂 idon kuma yace zai iya acanza adawo dashi sokoto mugani i come in peace ☮️🚶🏻‍♂️🚶🏻‍♂️🚶🏻‍♂️
hau_train_track_a_01281,Illoli 6 na lemun tsami ga lafiyar ɗan Adam,0,0,0,0,0,0,hau,illoli 6 na lemun tsami ga lafiyar ɗan adam
hau_train_track_a_01282,da nake wanke wandan danuwa na ze naga kashi da ya bushe,0,1,0,0,0,0,hau,da nake wanke wandan danuwa na ze naga kashi da ya bushe
hau_train_track_a_01283,allah sauwake irin wannan masifar,0,0,1,0,1,0,hau,allah sauwake irin wannan masifar
hau_train_track_a_01284,Inna lillahi wa inna ilaihi raji’un! Wasu na amfani da Alkur’ani wajen yin wannan abu,0,0,0,0,1,0,hau,inna lillahi wa inna ilaihi raji’un wasu na amfani da alkur’ani wajen yin wannan abu
hau_train_track_a_01285,hhhhh to ko ramos yace yana sonki ne,0,0,0,0,0,1,hau,hhhhh to ko ramos yace yana sonki ne
hau_train_track_a_01286,Aikin banza dama sun barmata don ba amfanin karbowan 😡😠😡,1,0,0,0,0,0,hau,aikin banza dama sun barmata don ba amfanin karbowan 😡😠😡
hau_train_track_a_01287,"Ni 'yar Dirama ce, 'yar Nanaye, ina alfahari da hakan, Maryam Booth",0,0,0,1,0,0,hau,ni yar dirama ce yar nanaye ina alfahari da hakan maryam booth
hau_train_track_a_01288,Hahaha an 6atar da wasu files Kenan sbd tsoron sabon chairman effcc 😅😂🤣,0,0,0,1,0,0,hau,hahaha an 6atar da wasu files kenan sbd tsoron sabon chairman effcc 😅😂🤣
hau_train_track_a_01289,"Abuja, Katsina, Kano Da Wasu Jihohi 24 Wadanda Zasu Shiga Matsalar Abinci a 2023",0,0,1,0,1,0,hau,abuja katsina kano da wasu jihohi 24 wadanda zasu shiga matsalar abinci a 2023
hau_train_track_a_01290,"Munje gidan kitso ana yima wata,kwarkwata tayi ta zubowa daga kanta",0,1,0,0,0,0,hau,munje gidan kitso ana yima watakwarkwata tayi ta zubowa daga kanta
hau_train_track_a_01291,Amfanin Goruba 10 ga lafiyar jikin dan Adam,0,0,0,0,0,0,hau,amfanin goruba 10 ga lafiyar jikin dan adam
hau_train_track_a_01292,da nake garan dakina se ne taka kashin mage me wari,0,1,0,0,0,0,hau,da nake garan dakina se ne taka kashin mage me wari
hau_train_track_a_01293,innalillahi wa inna ilaihi rajiun sarkin rano autan bawo sai yayi allahu ya ƙarbi baƙuncin ka ya gafarta maka da rahma hrh dr tafida abubakar ila ameen ya rahmaan,0,0,0,0,1,0,hau,innalillahi wa inna ilaihi rajiun sarkin rano autan bawo sai yayi allahu ya ƙarbi baƙuncin ka ya gafarta maka da rahma hrh dr tafida abubakar ila ameen ya rahmaan
hau_train_track_a_01294,Babban rashi: Allah ya yiwa mahaifin ministan Buhari rasuwa,0,0,0,0,1,0,hau,babban rashi allah ya yiwa mahaifin ministan buhari rasuwa
hau_train_track_a_01295,To ai ba laifi bane domin Duk wanda ya kona rumbun shi yasan inda toka take tsada 😏,0,0,0,0,0,0,hau,to ai ba laifi bane domin duk wanda ya kona rumbun shi yasan inda toka take tsada 😏
hau_train_track_a_01296,"Yes hkn MALAM Aminu, so zamu hada karfi da karfe da kuma rokon Allah ya kawo mana karshen#End Boko haram banditry#End Corruption in 🇳🇬, Jama'a gaaa zabe n 2023 yana tunkaro mu mu kula da kanmu da laafiyar gudun kar ayi amfani da Kuri'un mu wajen zaben Azzalumin shugaban,",0,0,0,0,0,0,hau,yes hkn malam aminu so zamu hada karfi da karfe da kuma rokon allah ya kawo mana karshenend boko haram banditryend corruption in 🇳🇬 jamaa gaaa zabe n 2023 yana tunkaro mu mu kula da kanmu da laafiyar gudun kar ayi amfani da kuriun mu wajen zaben azzalumin shugaban
hau_train_track_a_01297,"Duk wanda Allah Haskashi da aron Lokaci to ni bazan mishi Hassada ba saboda batawa kai lokacine ,Kaiwai saidai Namishi Addu'a ya Kasancewa mai tsoron Allah .Rahama Allah ya Kara Daukaka ,Ya kuma dauraki kan Hanya madai daiciya .stay more blessed😍",0,0,0,1,0,0,hau,duk wanda allah haskashi da aron lokaci to ni bazan mishi hassada ba saboda batawa kai lokacine kaiwai saidai namishi addua ya kasancewa mai tsoron allah rahama allah ya kara daukaka ya kuma dauraki kan hanya madai daiciya stay more blessed😍
hau_train_track_a_01298,Gudun dukan mahaifiyarta ya sanya wata yarinya zabar shan gubar da ta kaita har lahira,0,0,0,0,1,0,hau,gudun dukan mahaifiyarta ya sanya wata yarinya zabar shan gubar da ta kaita har lahira
hau_train_track_a_01299,Dalilin da yasa muka yi Sallar Idi a ranar Asabar – Sheikh Lukuwa,0,0,0,0,0,0,hau,dalilin da yasa muka yi sallar idi a ranar asabar – sheikh lukuwa
hau_train_track_a_01300,"Nifa bazan iya cin wannan biredin ba, masu dafa shi duk katta ne sunayi zufar jikin su na diga cikinsa",0,1,0,0,0,0,hau,nifa bazan iya cin wannan biredin ba masu dafa shi duk katta ne sunayi zufar jikin su na diga cikinsa
hau_train_track_a_01301,Yaron ya ciro katoton tasono yana ci Kamar tuwo,0,1,0,0,0,0,hau,yaron ya ciro katoton tasono yana ci kamar tuwo
hau_train_track_a_01302,Allahu Akbar! Allahu Akbar!! Allahu Akbar!!! Ina mai mika sakon ta'aziyya ga ma mallakin wannan dattijon kunkuru. A hannu daya kuma ina mai mika sakon yabo da jin-jina ga likitan da yayi masa aiki (surgery) tare da wanda suka tayashi yin aikin.. Allah ya basu lada 🙏,0,0,0,0,1,0,hau,allahu akbar allahu akbar allahu akbar ina mai mika sakon taaziyya ga ma mallakin wannan dattijon kunkuru a hannu daya kuma ina mai mika sakon yabo da jinjina ga likitan da yayi masa aiki surgery tare da wanda suka tayashi yin aikin allah ya basu lada 🙏
hau_train_track_a_01303,Mawaka mu rika amfani da kalamai masu kyau – Lil-Teemarh,0,0,0,0,0,0,hau,mawaka mu rika amfani da kalamai masu kyau – lilteemarh
hau_train_track_a_01304,Tho ku inba bura’uba ba inde xaa bani kuddi mey xanyi da aiki 👊🏻,1,0,0,0,0,0,hau,tho ku inba bura’uba ba inde xaa bani kuddi mey xanyi da aiki 👊🏻
hau_train_track_a_01305,Iko sae Allah!!!! Ana zatan wuta a makera sai gata a masaka.... Abinda ba ruwan ka dadin kallo ne dashi... 🏃‍♂️🏃‍♂️🏃‍♂️,0,0,0,0,0,1,hau,iko sae allah ana zatan wuta a makera sai gata a masaka abinda ba ruwan ka dadin kallo ne dashi 🏃‍♂️🏃‍♂️🏃‍♂️
hau_train_track_a_01306,dama kuduka government na biyankune,0,0,0,0,0,1,hau,dama kuduka government na biyankune
hau_train_track_a_01307,a haba yaushe,0,0,0,0,0,1,hau,a haba yaushe
hau_train_track_a_01308,Yanzu Yanzu: Allah Ya Yiwa Hadimin Gwamnan Nasarawa Rasuwa,0,0,0,0,1,0,hau,yanzu yanzu allah ya yiwa hadimin gwamnan nasarawa rasuwa
hau_train_track_a_01309,Wannan Matsalar Su ce! Mu minti nan 🚀🚀🚀,0,0,0,0,1,0,hau,wannan matsalar su ce mu minti nan 🚀🚀🚀
hau_train_track_a_01310,Kaji wata tambayar rainin wayo. Saboda yanaso su zama yan Boko Haram 🙄,1,0,0,0,0,0,hau,kaji wata tambayar rainin wayo saboda yanaso su zama yan boko haram 🙄
hau_train_track_a_01311,Hhhh ka ji acici fa🤔😂 ita abinci ne damuwarta kawai 🤦🏼‍♂️😂,0,0,0,1,0,0,hau,hhhh ka ji acici fa🤔😂 ita abinci ne damuwarta kawai 🤦🏼‍♂️😂
hau_train_track_a_01312,daman wannan bawan allah yana raye,0,0,0,0,0,1,hau,daman wannan bawan allah yana raye
hau_train_track_a_01313,Innalillahi wainna ilaihi rajiun as a northerner also nothern Muslim acting like dis hasbunallahu wani’imal waqil Allah ya qara shirya muuu wlh duniya babu tabbas kiji tsoron Allah kibar abinda kikeyii Allah ya yafema na kura kuran muu 😫🙏🙏🙏,0,1,1,0,1,0,hau,innalillahi wainna ilaihi rajiun as a northerner also nothern muslim acting like dis hasbunallahu wani’imal waqil allah ya qara shirya muuu wlh duniya babu tabbas kiji tsoron allah kibar abinda kikeyii allah ya yafema na kura kuran muu 😫🙏🙏🙏
hau_train_track_a_01314,"A garin neman gira: Matashi ya dirki kwayoyin karin kuzari, ya mutu yana lalata da budurwa",0,1,0,0,1,0,hau,a garin neman gira matashi ya dirki kwayoyin karin kuzari ya mutu yana lalata da budurwa
hau_train_track_a_01315,"Shawara: Idan kana taimako, sai Allah Ya kara maka arziki, Inji Aliko Dangote",0,0,0,1,0,0,hau,shawara idan kana taimako sai allah ya kara maka arziki inji aliko dangote
hau_train_track_a_01316,allah ya tsare allah ya kare mutanen kasa ta,0,0,1,0,0,0,hau,allah ya tsare allah ya kare mutanen kasa ta
hau_train_track_a_01317,😂🤣😄saura na kare da jaki🙄,0,0,0,0,0,0,hau,😂🤣😄saura na kare da jaki🙄
hau_train_track_a_01318,"Allah ya yiwa na hannun daman Atiku, Adamu Modibbo rasuwa",0,0,0,0,1,0,hau,allah ya yiwa na hannun daman atiku adamu modibbo rasuwa
hau_train_track_a_01319,Dama akwai majalisa a Najeriya 🤔 🤣,0,0,0,0,0,1,hau,dama akwai majalisa a najeriya 🤔 🤣
hau_train_track_a_01320,Bakin shaddar ya damalmale da kashi,0,1,0,0,0,0,hau,bakin shaddar ya damalmale da kashi
hau_train_track_a_01321,Allah ya yi wa DG na kungiyar dattawan arewa rasuwa,0,0,0,0,1,0,hau,allah ya yi wa dg na kungiyar dattawan arewa rasuwa
hau_train_track_a_01322,Shehu Sani Ya Yi Allah Wadai Da Ma Su Daukar Mataki Kan Zargin Satar Mazakuta A Abuja,1,1,0,0,0,0,hau,shehu sani ya yi allah wadai da ma su daukar mataki kan zargin satar mazakuta a abuja
hau_train_track_a_01323,Kace talaka baiga komai kenan🤣,0,0,0,0,0,1,hau,kace talaka baiga komai kenan🤣
hau_train_track_a_01324,Mutumin yaga matacen kyankyaso a cikin abincin shi,0,1,0,0,0,0,hau,mutumin yaga matacen kyankyaso a cikin abincin shi
hau_train_track_a_01325,Abin kunya: Kwamishinan jihar Borno ya bayyana dalilinsa na raba ma matasa kayan shushaina,0,1,0,0,0,0,hau,abin kunya kwamishinan jihar borno ya bayyana dalilinsa na raba ma matasa kayan shushaina
hau_train_track_a_01326,Mutum tsofai tsofai dashi Amma ya iya sharara Qarya 🤔🤔🤔,1,0,0,0,1,0,hau,mutum tsofai tsofai dashi amma ya iya sharara qarya 🤔🤔🤔
hau_train_track_a_01327,alheri ne gareku da kuma iyalan ku,0,0,0,1,0,0,hau,alheri ne gareku da kuma iyalan ku
hau_train_track_a_01328,Ya Allah ka kawomana dauki munaciki damuwa😷😭😭,0,0,1,0,1,0,hau,ya allah ka kawomana dauki munaciki damuwa😷😭😭
hau_train_track_a_01329,ku tsoro kukeji ne da kuka fidda kanku zakuce wani inji yan twitter dan uwarku yan bbchausan boro uba,1,1,0,0,0,0,hau,ku tsoro kukeji ne da kuka fidda kanku zakuce wani inji yan twitter dan uwarku yan bbchausan boro uba
hau_train_track_a_01330,Wallahi abun mamaki baya karewa a nigeria 😂 amma dan allah yawace hanya yakashe kudin?please,0,0,0,0,0,1,hau,wallahi abun mamaki baya karewa a nigeria 😂 amma dan allah yawace hanya yakashe kudinplease
hau_train_track_a_01331,Banga laifin suba Dan yan damfara sunyi yawa a Nigeria 🇳🇬 Amma 99% duk yan kudan chin Nigeria ne,0,0,0,0,1,0,hau,banga laifin suba dan yan damfara sunyi yawa a nigeria 🇳🇬 amma 99 duk yan kudan chin nigeria ne
hau_train_track_a_01332,Kaji wata karya me rudarwa🤣🤣🤓,0,0,0,0,0,0,hau,kaji wata karya me rudarwa🤣🤣🤓
hau_train_track_a_01333,Wata Sabuwa Kashi Na Uku (3),0,0,0,0,0,0,hau,wata sabuwa kashi na uku 3
hau_train_track_a_01334,Gamayyar gwamnoni tayi alkawarin tallafawa Makinde a sake gina kasuwar Sasha,0,0,0,1,0,0,hau,gamayyar gwamnoni tayi alkawarin tallafawa makinde a sake gina kasuwar sasha
hau_train_track_a_01335,allah ya gafartawa mallam allah ya saada shi da annabin rahama,0,0,0,0,1,0,hau,allah ya gafartawa mallam allah ya saada shi da annabin rahama
hau_train_track_a_01336,Wato Wannan yana nufin Al’umma su san chewa de Najeriya bazata bunkasa ba a wa’adin mulkin Buhari ba saboda mu cere rai kenan 🧐🧐🧐,0,0,0,0,1,0,hau,wato wannan yana nufin al’umma su san chewa de najeriya bazata bunkasa ba a wa’adin mulkin buhari ba saboda mu cere rai kenan 🧐🧐🧐
hau_train_track_a_01337,Daman Yar langeria ce??🤔😂,0,0,0,0,0,1,hau,daman yar langeria ce🤔😂
hau_train_track_a_01338,Allah Sarki 😥 Dan Arewa Shine Ya Jawa Dan Arewa Har Ake Kallonmu Kamar Cirani Mukazo Kasar,0,0,0,0,1,0,hau,allah sarki 😥 dan arewa shine ya jawa dan arewa har ake kallonmu kamar cirani mukazo kasar
hau_train_track_a_01339,Yanzu-yanzu: Allah ya yi wa tsohon kakakin majalisar jihar Jigawa rasuwa,0,0,0,0,1,0,hau,yanzuyanzu allah ya yi wa tsohon kakakin majalisar jihar jigawa rasuwa
hau_train_track_a_01340,"Na makara amma bazai hanani tofa albarkacin mouth dina ba, Saida naga post dinka kana tambayar matsayin Pressido wajensu sannan nayi sha'awar fara kallon Labarina. Amma abin Dana gani ya bani mamaki, ban taba ganin wasan Hausa dake da dialog irin shiba. Allah ya Kara basira MAS👍",0,0,0,1,0,0,hau,na makara amma bazai hanani tofa albarkacin mouth dina ba saida naga post dinka kana tambayar matsayin pressido wajensu sannan nayi shaawar fara kallon labarina amma abin dana gani ya bani mamaki ban taba ganin wasan hausa dake da dialog irin shiba allah ya kara basira mas👍
hau_train_track_a_01341,allah kaine mai rahama ka jikan sarkin kayi masa rahama,0,0,0,0,1,0,hau,allah kaine mai rahama ka jikan sarkin kayi masa rahama
hau_train_track_a_01342,innalillahi wa innalillahi rajiuun innalillahi wa innalillahi rajiuun rahma kiji tsoron allah all those people advising you wallahi suna sonki ne da rahamar allah wallahi ina tausaya maki ace yau ki wayi gari ki jiki cikin qabari kin koma ma allah a irin wannan yanayi,0,0,1,0,1,0,hau,innalillahi wa innalillahi rajiuun innalillahi wa innalillahi rajiuun rahma kiji tsoron allah all those people advising you wallahi suna sonki ne da rahamar allah wallahi ina tausaya maki ace yau ki wayi gari ki jiki cikin qabari kin koma ma allah a irin wannan yanayi
hau_train_track_a_01343,Ina Mugun yinki Rahama SADAU Allah Yakara Miki Lfy da Nisan Kwana Ameen Summa Ameen By Real Yahaya Muhd From Saudi Arabia Riyadh 😎 🙌 💋 👏 the,0,0,0,1,0,0,hau,ina mugun yinki rahama sadau allah yakara miki lfy da nisan kwana ameen summa ameen by real yahaya muhd from saudi arabia riyadh 😎 🙌 💋 👏 the
hau_train_track_a_01344,Nafisa Abdullahi: Dalilin da ya sa na daina soyayya da Adam A Zango,0,0,0,0,0,0,hau,nafisa abdullahi dalilin da ya sa na daina soyayya da adam a zango
hau_train_track_a_01345,Wata sabuwa. Maaga wannan Almaraa.🙄🤔🤔,0,0,0,0,0,1,hau,wata sabuwa maaga wannan almaraa🙄🤔🤔
hau_train_track_a_01346,wai su sharri kawai suke nema da mu ko kuma ya ga america can sai mutuwa suke amma mu kadai suka sa ma ido munafukai kawaii,1,0,0,0,0,0,hau,wai su sharri kawai suke nema da mu ko kuma ya ga america can sai mutuwa suke amma mu kadai suka sa ma ido munafukai kawaii
hau_train_track_a_01347,a gaskiya yakamata kungiyar kare hakkin dan adam ta duniya takama kungiyar kwallon kafa ta beyern munich domin abinda sukayiwa fcb tozartawa ce,1,0,0,0,1,0,hau,a gaskiya yakamata kungiyar kare hakkin dan adam ta duniya takama kungiyar kwallon kafa ta beyern munich domin abinda sukayiwa fcb tozartawa ce
hau_train_track_a_01348,"Na tayata murna sosai, domin kuwa a dai dai loƙacin da ministan harkokin mata na ƙasata Najeriya mista Pauline Tallen, ke warkewa daga chutar korona, chutar tayi sanadiyyar rasa ran mahaifi ga ɗaya daga cikin abokaina. Allah nake roƙo daya gafarta masa yakuma karemu daga kamuwa😷",0,0,0,1,1,0,hau,na tayata murna sosai domin kuwa a dai dai loƙacin da ministan harkokin mata na ƙasata najeriya mista pauline tallen ke warkewa daga chutar korona chutar tayi sanadiyyar rasa ran mahaifi ga ɗaya daga cikin abokaina allah nake roƙo daya gafarta masa yakuma karemu daga kamuwa😷
hau_train_track_a_01349,Hehehe shegiya da Kai Kamar dandali..If u know u know kawai😂😂😂😂😂,0,1,0,0,0,0,hau,hehehe shegiya da kai kamar dandaliif u know u know kawai😂😂😂😂😂
hau_train_track_a_01350,"Anyi mamakon ruwa, bola ta jika mahaukaci ya samu rubabbiyar Pampers ya rufe fuska y kwanta a cikin bolar",0,1,0,0,0,0,hau,anyi mamakon ruwa bola ta jika mahaukaci ya samu rubabbiyar pampers ya rufe fuska y kwanta a cikin bolar
hau_train_track_a_01351,"Da Ɗumi-Ɗumi: A karo na biyu, Saudiyya ta kara wa'adin jigilar Alhazai zuwa kasa mai tsarki",0,0,0,1,0,0,hau,da ɗumiɗumi a karo na biyu saudiyya ta kara waadin jigilar alhazai zuwa kasa mai tsarki
hau_train_track_a_01352,Yadda za a kula da lafiyar fata a lokacin sanyi,0,0,0,0,0,0,hau,yadda za a kula da lafiyar fata a lokacin sanyi
hau_train_track_a_01353,Auren Gata: Kwankwaso Ya Fadawa Ma’aurata Sirrin Yadda Za Su Zauna Lafiya,0,0,0,1,0,0,hau,auren gata kwankwaso ya fadawa ma’aurata sirrin yadda za su zauna lafiya
hau_train_track_a_01354,"Yan bindiga sun afka ofishin ƴan sandan Zamfara, sunyi kisa, sun sace bindigu AK-47 masu yawa",0,0,0,0,1,0,hau,yan bindiga sun afka ofishin ƴan sandan zamfara sunyi kisa sun sace bindigu ak47 masu yawa
hau_train_track_a_01355,Rashin Godiyar Allah: Uwa Ta Kwace Motar Da Ta Ba Diyarta Mai Shekaru 16 Kyauta a Bidiyo,1,0,0,0,0,0,hau,rashin godiyar allah uwa ta kwace motar da ta ba diyarta mai shekaru 16 kyauta a bidiyo
hau_train_track_a_01356,Allah ya isa bamu yahe bah Ana mulkin hauka a nigeria diyan banxa an😥,1,0,0,0,0,0,hau,allah ya isa bamu yahe bah ana mulkin hauka a nigeria diyan banxa an😥
hau_train_track_a_01357,Tashin Hankali Yayin da Wasu ’Yan Bindiga Suka Kona Wata Babbar Kotu a Jihar Ebonyi,0,0,1,0,0,0,hau,tashin hankali yayin da wasu ’yan bindiga suka kona wata babbar kotu a jihar ebonyi
hau_train_track_a_01358,Kalli wata kyakkyawar Amarya tana sumbatar Mahaifiyarta.,0,0,0,1,0,0,hau,kalli wata kyakkyawar amarya tana sumbatar mahaifiyarta
hau_train_track_a_01359,Ana buro uba a Nigeria yasin😂😂 Nigeria kasata kana ganin iskanci kala kala wlh😲😲😂 Wai shikenan yaci banza koh?🙄,1,1,0,0,0,0,hau,ana buro uba a nigeria yasin😂😂 nigeria kasata kana ganin iskanci kala kala wlh😲😲😂 wai shikenan yaci banza koh🙄
hau_train_track_a_01360,Wahala for who dey single Wallahi 🤗🤗,0,0,0,0,0,0,hau,wahala for who dey single wallahi 🤗🤗
hau_train_track_a_01361,"Barayi sun afka gidan jarumin Kannywood, sun yi awon gaba da sabuwar motarsa da wasu muhimman kayayyaki",0,0,1,0,1,0,hau,barayi sun afka gidan jarumin kannywood sun yi awon gaba da sabuwar motarsa da wasu muhimman kayayyaki
hau_train_track_a_01362,Ashe an ga wata? 🤔,0,0,0,0,0,1,hau,ashe an ga wata 🤔
hau_train_track_a_01363,Ubangijin rahama Allah ya kawomana karshen wannan lamari 😭😭Dan arzikin manzan Allah (S. A. W.) 👏👏👏🤦,0,0,0,0,1,0,hau,ubangijin rahama allah ya kawomana karshen wannan lamari 😭😭dan arzikin manzan allah s a w 👏👏👏🤦
hau_train_track_a_01364,Matar Bata wanke bakinta hakoranta sunyi Kore Kamar gansa kuka,0,1,0,0,0,0,hau,matar bata wanke bakinta hakoranta sunyi kore kamar gansa kuka
hau_train_track_a_01365,Hasbunallahu Wa Ni'imal Wakil! Allah ka muna katangar karfe da wannan cuta ta Corona. Ya Allah ka hana wannan cuta zuwa yankin mu na arewa dake da matukar raunin tasarin kiwon lafiya da kuma yawan matalauta.😭🙏,0,0,1,0,1,0,hau,hasbunallahu wa niimal wakil allah ka muna katangar karfe da wannan cuta ta corona ya allah ka hana wannan cuta zuwa yankin mu na arewa dake da matukar raunin tasarin kiwon lafiya da kuma yawan matalauta😭🙏
hau_train_track_a_01366,Da Dumi-Dumi: Fusatattun Mutanen gari sun hallaka tawagar yan fashi da suka kai hari,0,0,0,0,0,0,hau,da dumidumi fusatattun mutanen gari sun hallaka tawagar yan fashi da suka kai hari
hau_train_track_a_01367,"Yanzu-Yanzu: Yan bindiga sun sake kai hari jami'ar Arewa, Sun yi awon gaba da dalibai",0,0,1,0,1,0,hau,yanzuyanzu yan bindiga sun sake kai hari jamiar arewa sun yi awon gaba da dalibai
hau_train_track_a_01368,Idan tana al'ada sai tayi amfani da auduga daya fiye da sau biyar.,0,1,0,0,0,0,hau,idan tana alada sai tayi amfani da auduga daya fiye da sau biyar
hau_train_track_a_01369,Tufafin da aka tara a kwandon tsakar gida saboda gumin hammata sun fara wari mai tsanani kamar kayi amai,0,1,0,0,0,0,hau,tufafin da aka tara a kwandon tsakar gida saboda gumin hammata sun fara wari mai tsanani kamar kayi amai
hau_train_track_a_01370,Wani Saurayi yayi wa Matan Garin Matazu a Jihar Katsina abin alheri,0,0,0,1,0,0,hau,wani saurayi yayi wa matan garin matazu a jihar katsina abin alheri
hau_train_track_a_01371,Makiyaya sun kashe dakarun Soji 4 a wani artabun jihar Filato,1,0,1,0,1,0,hau,makiyaya sun kashe dakarun soji 4 a wani artabun jihar filato
hau_train_track_a_01372,Wannan wace irin musiba muke fama da ita 🥺,0,0,1,0,1,0,hau,wannan wace irin musiba muke fama da ita 🥺
hau_train_track_a_01373,Muna taya murnar samun wannan award da akayi Allah yakara baseera da daukaka ameen 🙏🙏,0,0,0,1,0,0,hau,muna taya murnar samun wannan award da akayi allah yakara baseera da daukaka ameen 🙏🙏
hau_train_track_a_01374,Allah ya kare masifa: Tankar dakon man fetur ta fado daga gadar Odetola a Legas,1,0,1,0,0,0,hau,allah ya kare masifa tankar dakon man fetur ta fado daga gadar odetola a legas
hau_train_track_a_01375,Waiyo Allah waiyo Allah mudai munshiga uku kalu innalillashi wa ina ileshir raju'un ilimunne ba'a bukata 😭😭,0,0,1,0,1,0,hau,waiyo allah waiyo allah mudai munshiga uku kalu innalillashi wa ina ileshir rajuun ilimunne baa bukata 😭😭
hau_train_track_a_01376,Wannan shinkafa da waken ta buga har tayi yauki.,0,1,0,0,0,0,hau,wannan shinkafa da waken ta buga har tayi yauki
hau_train_track_a_01377,Wannan rashin mutuncine da eskanci kubar mutane sujida kansu mana 😟🤧😖🤒,1,0,0,0,0,0,hau,wannan rashin mutuncine da eskanci kubar mutane sujida kansu mana 😟🤧😖🤒
hau_train_track_a_01378,Wannan sune barayin asali🤔,1,0,0,0,0,0,hau,wannan sune barayin asali🤔
hau_train_track_a_01379,Lalle kam 🙈🙈. To Allah ya kyauta,0,0,0,0,0,1,hau,lalle kam 🙈🙈 to allah ya kyauta
hau_train_track_a_01380,Akwai bara zana ga tsaro a kasata Nigeria 🤔 ALLAH ka kawo mana dauki. Ya Hayyu Yaa Qayyum 🤲,0,0,1,0,0,0,hau,akwai bara zana ga tsaro a kasata nigeria 🤔 allah ka kawo mana dauki ya hayyu yaa qayyum 🤲
hau_train_track_a_01381,"Abin kunya: Magidanci ya dirka ma diyarsa cikin shege, ya zubar da abin sa",0,1,0,0,0,0,hau,abin kunya magidanci ya dirka ma diyarsa cikin shege ya zubar da abin sa
hau_train_track_a_01382,inna lillahi wainna ilaihi rajiun ya gafartamusu mu kuma allah ya bamu kyakkyawon karshe,0,0,0,0,1,0,hau,inna lillahi wainna ilaihi rajiun ya gafartamusu mu kuma allah ya bamu kyakkyawon karshe
hau_train_track_a_01383,Ya Allah ka nuna mana karshen wannan musifa 😢,0,0,1,0,0,0,hau,ya allah ka nuna mana karshen wannan musifa 😢
hau_train_track_a_01384,"Sarkin Hausawan Legas, HRH Alhaji Muhammadu Sani Kabir, ya rasu",0,0,0,0,1,0,hau,sarkin hausawan legas hrh alhaji muhammadu sani kabir ya rasu
hau_train_track_a_01385,Kawai ka ran taba akashe hege 🤐🤐 muga wanda zaiyi maga,1,0,0,0,0,0,hau,kawai ka ran taba akashe hege 🤐🤐 muga wanda zaiyi maga
hau_train_track_a_01386,"Zulum: Allah ke ba da mulki, ba zan roki wani ya dauke ni abokin takarar shugaban kasa ba",0,0,0,0,0,0,hau,zulum allah ke ba da mulki ba zan roki wani ya dauke ni abokin takarar shugaban kasa ba
hau_train_track_a_01387,"Hahaha 🤣🤣, toh yanzu da gano Wannan tsuntsun mata-maza yanzu hakan na nufin wannan tsuntsun baza a watsa Mai gishiri da Magi ba Kenan",0,0,0,1,0,0,hau,hahaha 🤣🤣 toh yanzu da gano wannan tsuntsun matamaza yanzu hakan na nufin wannan tsuntsun baza a watsa mai gishiri da magi ba kenan
hau_train_track_a_01388,amma fah na taya shi murna,0,0,0,1,0,0,hau,amma fah na taya shi murna
hau_train_track_a_01389,Kyakkyawar budurwa ta gina gidanta kuma ta yi shafe da kanta,0,0,0,1,0,1,hau,kyakkyawar budurwa ta gina gidanta kuma ta yi shafe da kanta
hau_train_track_a_01390,Wai Baba Buhari kodai so yake yan bindigar Mali su harbe wannan bawan Allah nan ne?😂,0,0,0,0,0,0,hau,wai baba buhari kodai so yake yan bindigar mali su harbe wannan bawan allah nan ne😂
hau_train_track_a_01391,Karamar Sallah: Ibrahim Babangida da ‘Ya ‘ya da Jikoki su na bikin idi,0,0,0,1,0,0,hau,karamar sallah ibrahim babangida da ‘ya ‘ya da jikoki su na bikin idi
hau_train_track_a_01392,kungiyar direbobi a Jihar Nasarawa ta samu daukaka - Kwamared Hamza,0,0,0,1,0,0,hau,kungiyar direbobi a jihar nasarawa ta samu daukaka kwamared hamza
hau_train_track_a_01393,Yan sanda sun kama shugaban makarantar firamare akan lalata yara 4 a Enugu,0,1,0,0,0,0,hau,yan sanda sun kama shugaban makarantar firamare akan lalata yara 4 a enugu
hau_train_track_a_01394,"Wadannan mutanen idan ka basu bindiga toh tabbas karshen najeriya yazo, domin sai sunfi SARS da jami'an customs yin amfani da alburushi akan gejin iska kadai su aika mutum lahira🙏",0,0,1,0,0,0,hau,wadannan mutanen idan ka basu bindiga toh tabbas karshen najeriya yazo domin sai sunfi sars da jamian customs yin amfani da alburushi akan gejin iska kadai su aika mutum lahira🙏
hau_train_track_a_01395,allah bbc bai kamata kusa wannan hoton ba to wai har yanzu bai farka ba,0,0,0,0,1,0,hau,allah bbc bai kamata kusa wannan hoton ba to wai har yanzu bai farka ba
hau_train_track_a_01396,"Uhmm, Barcelone mai abun mamaki. Gida bai ƙoshi ba ana kaiwa daji.😲",0,0,0,0,0,1,hau,uhmm barcelone mai abun mamaki gida bai ƙoshi ba ana kaiwa daji😲
hau_train_track_a_01397,An bude shinkafa da waken nan ta shekaran jiya duk tayi tsutsa dakin kamar bodari yayi tusa.,0,1,0,0,0,0,hau,an bude shinkafa da waken nan ta shekaran jiya duk tayi tsutsa dakin kamar bodari yayi tusa
hau_train_track_a_01398,Kaduna dai kuma😰. Allah ya kawo muku zaman lafiya da ragowar jahohin arewa da suke fama da wannan masifa. Amin,0,0,0,0,1,0,hau,kaduna dai kuma😰 allah ya kawo muku zaman lafiya da ragowar jahohin arewa da suke fama da wannan masifa amin
hau_train_track_a_01399,"Ai sungama damu yasin.🙄 To Ina aka Baro Batun su Kwadi, kunama da Kuma su bera da jaba.",1,0,0,0,0,0,hau,ai sungama damu yasin🙄 to ina aka baro batun su kwadi kunama da kuma su bera da jaba
hau_train_track_a_01400,Bidiyo: Galibin matasan Najeriya 'yan ƙwaya ne - Ƴar Majalisar Legas,0,0,0,0,1,0,hau,bidiyo galibin matasan najeriya yan ƙwaya ne ƴar majalisar legas
hau_train_track_a_01401,Turawan Yamma suna aiki tukurru😢🤔😩 Allah kyauta,0,0,0,0,1,0,hau,turawan yamma suna aiki tukurru😢🤔😩 allah kyauta
hau_train_track_a_01402,Innalillahi Wa Inna Ilaihi Rajiun. Allah yayi mana maganin wannan masifa 🙏.,0,0,1,0,1,0,hau,innalillahi wa inna ilaihi rajiun allah yayi mana maganin wannan masifa 🙏
hau_train_track_a_01403,Tikashi! Kwarto ya ziyarci dakunan kwanan dalibai mata a jami’ar ABU (bidiyo),0,1,0,0,0,1,hau,tikashi kwarto ya ziyarci dakunan kwanan dalibai mata a jami’ar abu bidiyo
hau_train_track_a_01404,Hmmmm qaryan banxa kawae sbd sunji nigeria ta para qera motae ampani d wutan lantarki koh 😳,1,0,0,0,1,0,hau,hmmmm qaryan banxa kawae sbd sunji nigeria ta para qera motae ampani d wutan lantarki koh 😳
hau_train_track_a_01405,Allah-daya-gari-ban-ban: Labarin wata tsaliliyar budurwa da ta auri kanta,0,0,0,0,0,1,hau,allahdayagaribanban labarin wata tsaliliyar budurwa da ta auri kanta
hau_train_track_a_01406,Karya ne yanzu haka muna da wuta😁,1,0,0,0,0,0,hau,karya ne yanzu haka muna da wuta😁
hau_train_track_a_01407,An kama majinyaci kan zargin yin fyade ga ’yar wata 16 a gadon asibiti,0,1,0,0,0,0,hau,an kama majinyaci kan zargin yin fyade ga ’yar wata 16 a gadon asibiti
hau_train_track_a_01408,Sunu na mana wa dan da aka kashe kan nan mu yarda😒,1,0,0,0,1,0,hau,sunu na mana wa dan da aka kashe kan nan mu yarda😒
hau_train_track_a_01409,Mtwsss meh aka min ☹️ ba wani independence ah koma school kawai,1,0,0,0,0,0,hau,mtwsss meh aka min ☹️ ba wani independence ah koma school kawai
hau_train_track_a_01410,Allah yakawo karshen wannan rikici a jihar kano....🤲,0,0,1,0,1,0,hau,allah yakawo karshen wannan rikici a jihar kano🤲
hau_train_track_a_01411,abdul zo kaga wani irin kallo da takewa wannan mutumin,0,0,0,0,0,1,hau,abdul zo kaga wani irin kallo da takewa wannan mutumin
hau_train_track_a_01412,"An tara himilin kayan wanke wanke a bakin famfo, ga gansa kuka duk ta mamaye gurin",0,1,0,0,0,0,hau,an tara himilin kayan wanke wanke a bakin famfo ga gansa kuka duk ta mamaye gurin
hau_train_track_a_01413,abun fa da ban tsoro allah ya sa a gano su cikin aminci allah ya tsare su daga dukkan sharri amin,0,0,1,0,1,0,hau,abun fa da ban tsoro allah ya sa a gano su cikin aminci allah ya tsare su daga dukkan sharri amin
hau_train_track_a_01414,Na shiga ban daki naci karo da wani gundumemen kashi ba a kora shi ba,0,1,0,0,0,0,hau,na shiga ban daki naci karo da wani gundumemen kashi ba a kora shi ba
hau_train_track_a_01415,"Wata sabuwar Annoba ta hallaka daliban sakandari guda 8 a jihar Katsina, an kulle makarantu",0,0,1,0,1,0,hau,wata sabuwar annoba ta hallaka daliban sakandari guda 8 a jihar katsina an kulle makarantu
hau_train_track_a_01416,Lalataccen kwan yana futar da wani koren ruwa mai wari,0,1,0,0,0,0,hau,lalataccen kwan yana futar da wani koren ruwa mai wari
hau_train_track_a_01417,allah yakare musulman ciki ameeeen,0,0,1,0,0,0,hau,allah yakare musulman ciki ameeeen
hau_train_track_a_01418,kai wai ina mutanen nigeria xasu saka kansu ne allah mun tuba,0,0,1,0,1,1,hau,kai wai ina mutanen nigeria xasu saka kansu ne allah mun tuba
hau_train_track_a_01419,Yanzu Yanzu: Buhari yayi ta’aziyya ga kasar Algeria kan hatsarin jirgin sama da ya kashe mutane 257,0,0,0,0,1,0,hau,yanzu yanzu buhari yayi ta’aziyya ga kasar algeria kan hatsarin jirgin sama da ya kashe mutane 257
hau_train_track_a_01420,Innalillahi wa'inna'illahir raju'un Allah ka kara karemu gabadaya 🙏,0,0,1,0,0,0,hau,innalillahi wainnaillahir rajuun allah ka kara karemu gabadaya 🙏
hau_train_track_a_01421,TAZOOMIJITTA KAJI WANI LBR 🤔🤔🤔,0,0,0,0,0,1,hau,tazoomijitta kaji wani lbr 🤔🤔🤔
hau_train_track_a_01422,Allah Ya yi wa Turakin Saminaka rasuwa,0,0,0,0,1,0,hau,allah ya yi wa turakin saminaka rasuwa
hau_train_track_a_01423,Mutum 15 sun tsira yayin da gini ya ruso a Kano,0,0,0,1,1,0,hau,mutum 15 sun tsira yayin da gini ya ruso a kano
hau_train_track_a_01424,"Rikicin Kwankwaso da Ganduje: Allah ya hada mu a Daka Tsalle, Kwankwaso zai yaba ma aya zaki –Abdullahi Abbas",1,0,0,0,0,0,hau,rikicin kwankwaso da ganduje allah ya hada mu a daka tsalle kwankwaso zai yaba ma aya zaki –abdullahi abbas
hau_train_track_a_01425,Shekara 60: Daular Larabawa ta taya Najeriya murna,0,0,0,1,0,0,hau,shekara 60 daular larabawa ta taya najeriya murna
hau_train_track_a_01426,"Yanzu Yanzu: Allah yayiwa tsohon gwamnan Gombe, Hashidu rasuwa",0,0,0,0,1,0,hau,yanzu yanzu allah yayiwa tsohon gwamnan gombe hashidu rasuwa
hau_train_track_a_01427,allah ya jikanshi da rahama ga ramadan ga kuma jumaa allah ya sadashi da annabi,0,0,0,0,1,0,hau,allah ya jikanshi da rahama ga ramadan ga kuma jumaa allah ya sadashi da annabi
hau_train_track_a_01428,Ra a yina shine Allah yaraka taki gona🕺🕺🕺😂😂,1,0,0,0,0,0,hau,ra a yina shine allah yaraka taki gona🕺🕺🕺😂😂
hau_train_track_a_01429,"Subhanallah,,, Allah Kayaye mana wannan annoba badan halayen mu ba. Allah Mun tuba..🙏🏽🙏🏽🙏🏽",0,0,1,0,0,0,hau,subhanallah allah kayaye mana wannan annoba badan halayen mu ba allah mun tuba🙏🏽🙏🏽🙏🏽
hau_train_track_a_01430,"A kanon akayiwa annabin mu rashin kunya Amma bakace komaiba saida aka cire wani sarki,😩 duk sai Allah yatambayeku wlh kuji tsoron Allah .",1,1,0,0,1,0,hau,a kanon akayiwa annabin mu rashin kunya amma bakace komaiba saida aka cire wani sarki😩 duk sai allah yatambayeku wlh kuji tsoron allah
hau_train_track_a_01431,Ramadan: Gwamna Radda Ya Faranta Ran Ma'aikatan Jihar Katsina,0,0,0,1,0,0,hau,ramadan gwamna radda ya faranta ran maaikatan jihar katsina
hau_train_track_a_01432,"Ya Allah ka kawo mana sauki wannan Al'amari. Kai kadai Ka isa da haka, Ya Allah ka bamu basira da fahimta ta yadda za'a magance wannan annoba da ta bullo a duniya. Amin Allah muntuba 👐🏽👐🏽🙏🏽🙏🏽. Astagfirillah wa'atubu 'illaika.",0,0,1,0,1,0,hau,ya allah ka kawo mana sauki wannan alamari kai kadai ka isa da haka ya allah ka bamu basira da fahimta ta yadda zaa magance wannan annoba da ta bullo a duniya amin allah muntuba 👐🏽👐🏽🙏🏽🙏🏽 astagfirillah waatubu illaika
hau_train_track_a_01433,Shiga wuta direct 🙅🏻‍♂️,1,0,0,0,0,0,hau,shiga wuta direct 🙅🏻‍♂️
hau_train_track_a_01434,bbc hausa sam babu kishi babu kwarewa a aikin ku wallahi mi yasa duk wani rahoti da zai iya haifar da cikas ko matsala gehen addinin musulunci kunfi raayin kawo shi allah ya waddan naka ya lalace amin,1,1,0,0,0,0,hau,bbc hausa sam babu kishi babu kwarewa a aikin ku wallahi mi yasa duk wani rahoti da zai iya haifar da cikas ko matsala gehen addinin musulunci kunfi raayin kawo shi allah ya waddan naka ya lalace amin
hau_train_track_a_01435,"Akidar Fulani: Obasanjo yayi gaskiya, ku daina caccakarsa – Soyinka ga gwamnatin tarayya",0,0,0,0,0,0,hau,akidar fulani obasanjo yayi gaskiya ku daina caccakarsa – soyinka ga gwamnatin tarayya
hau_train_track_a_01436,allah yakaremu daga sharrinta ameen,0,0,1,0,0,0,hau,allah yakaremu daga sharrinta ameen
hau_train_track_a_01437,"Hmmmmmm yaukuma tir yayi ba Allah wadaiba kayy! Mudaimuna ganin mulki mecikeda tsantsar kiyayya wayankinmu na arewa, amma bakomai watara sai labari Allah yakaimu 2023 da rai da lafiya yakuma karemu da kariyarsa amin, Badai kullum ganisukeyi talaka bayada hankaliba hmmmmm. 😭🙏",1,0,0,0,1,0,hau,hmmmmmm yaukuma tir yayi ba allah wadaiba kayy mudaimuna ganin mulki mecikeda tsantsar kiyayya wayankinmu na arewa amma bakomai watara sai labari allah yakaimu 2023 da rai da lafiya yakuma karemu da kariyarsa amin badai kullum ganisukeyi talaka bayada hankaliba hmmmmm 😭🙏
hau_train_track_a_01438,Saraki ya taya Atiku murnar lashe zaben fitar da gwanin PDP,0,0,0,1,0,0,hau,saraki ya taya atiku murnar lashe zaben fitar da gwanin pdp
hau_train_track_a_01439,"Mun Barwa Allah Ya Mana Zabin Magajin Buhari a 2023, Sarki Ya Fada Wa Atiku",0,0,0,0,0,0,hau,mun barwa allah ya mana zabin magajin buhari a 2023 sarki ya fada wa atiku
hau_train_track_a_01440,"Abincin nan ya buga, wari yake kamar baragurbin ƙwai",0,1,0,0,0,0,hau,abincin nan ya buga wari yake kamar baragurbin ƙwai
hau_train_track_a_01441,Tirkashi: Dumu-dumu na iske mahaifiyata na zina da limamin mu a cikin gidanmu - Wata budurwa ta koka,0,1,0,0,0,1,hau,tirkashi dumudumu na iske mahaifiyata na zina da limamin mu a cikin gidanmu wata budurwa ta koka
hau_train_track_a_01442,Nabi riga kafi da gudu ba wando🏃‍♂️🏃‍♂️,1,0,0,0,0,0,hau,nabi riga kafi da gudu ba wando🏃‍♂️🏃‍♂️
hau_train_track_a_01443,Gaskiyane kuma duk wanda kaji baya goyan bayan malam akan wannan maganar cikin uku dolene asamu daya kodai munafikine ko kuma shima barawanne ko kuma bandits basu taba kashe wani nashiba ni sunkasheman 4 brother's da Sister daya😭😭 ina goyan bayanka 💯 Malam daga Birnin Gwari🙏,0,0,0,0,1,0,hau,gaskiyane kuma duk wanda kaji baya goyan bayan malam akan wannan maganar cikin uku dolene asamu daya kodai munafikine ko kuma shima barawanne ko kuma bandits basu taba kashe wani nashiba ni sunkasheman 4 brothers da sister daya😭😭 ina goyan bayanka 💯 malam daga birnin gwari🙏
hau_train_track_a_01444,Nan da shekarar 2020 kashi 80% na al’ummar Najeriya za su kasance masu mu’amala da bankuna,0,0,0,0,0,0,hau,nan da shekarar 2020 kashi 80 na al’ummar najeriya za su kasance masu mu’amala da bankuna
hau_train_track_a_01445,Mata ta sheke mijinta kwanaki bayan 'yar uwarta ta kashe nata,0,1,0,0,1,0,hau,mata ta sheke mijinta kwanaki bayan yar uwarta ta kashe nata
hau_train_track_a_01446,"Sabbin zafafan hotunan Shatu Garko, sarauniyar kyau ta Najeriya da suka girgiza Instagram",0,0,0,1,0,0,hau,sabbin zafafan hotunan shatu garko sarauniyar kyau ta najeriya da suka girgiza instagram
hau_train_track_a_01447,da na shiga gidan wanka in wanka se na Zame na fada cikin ruwan fitsari,0,1,0,0,0,0,hau,da na shiga gidan wanka in wanka se na zame na fada cikin ruwan fitsari
hau_train_track_a_01448,Bauchi: 'Yan sanda sun kama matashi da ya lalata kaninsa,1,1,0,0,0,0,hau,bauchi yan sanda sun kama matashi da ya lalata kaninsa
hau_train_track_a_01449,Ruwan padamar kusa da gidan su yayi kore matsattsaku na yawo akai,0,1,0,0,0,0,hau,ruwan padamar kusa da gidan su yayi kore matsattsaku na yawo akai
hau_train_track_a_01450,Gaskiya y kamata ayi protest akan hakan tun kafi ya gagare mu😓,0,0,1,0,1,0,hau,gaskiya y kamata ayi protest akan hakan tun kafi ya gagare mu😓
hau_train_track_a_01451,how is it okay to romanticize an abusive relationship it was so uneasy to tolerate kabir singh behavior yarinya tana ta rokonshi kamar ta bauta mishi amma ya gaura mata mari,1,0,0,0,1,0,hau,how is it okay to romanticize an abusive relationship it was so uneasy to tolerate kabir singh behavior yarinya tana ta rokonshi kamar ta bauta mishi amma ya gaura mata mari
hau_train_track_a_01452,"Dama Ai Kai Burinka kenan Baba, Ta Gambu Yace """""""""""""""""""""""""""""""" Babu Abinci, Babu Mai Ko Sisi, Kaga Kowa Yayi Yankwat!!!"""""""""""""""""""""""""""""""" 😂 😂",1,0,0,0,0,0,hau,dama ai kai burinka kenan baba ta gambu yace babu abinci babu mai ko sisi kaga kowa yayi yankwat 😂 😂
hau_train_track_a_01453,"A mutu ko ayi rai: Jerin taurari 6 da suka dauki makami, su na taya Ukraine yakin Rasha",0,0,1,0,0,1,hau,a mutu ko ayi rai jerin taurari 6 da suka dauki makami su na taya ukraine yakin rasha
hau_train_track_a_01454,Innalillahi wa innailaihi rajuun wannan wace irin mashifa ce yau ayi nan gobe ayi can Allah yakawo mana dauki🙏,0,0,0,0,1,0,hau,innalillahi wa innailaihi rajuun wannan wace irin mashifa ce yau ayi nan gobe ayi can allah yakawo mana dauki🙏
hau_train_track_a_01455,"😢 Allah yajikan malam, Allah yakai haske kabarin malam jafar 🙏🏽😢 , DUNIYYA abun tsoro ce, Allah ka rabamu da ilimi mara amfani , wani ilimin dashi kwara jahillci ##URL##",0,0,1,0,1,0,hau,😢 allah yajikan malam allah yakai haske kabarin malam jafar 🙏🏽😢 duniyya abun tsoro ce allah ka rabamu da ilimi mara amfani wani ilimin dashi kwara jahillci url
hau_train_track_a_01456,Kana kiran kanka malami kana Qarya. SubhanAllah 🙄,1,1,0,0,1,0,hau,kana kiran kanka malami kana qarya subhanallah 🙄
hau_train_track_a_01457,Allah ka raba mu da masifaffan so bala'ein so jarabar so damuwar so nacin so da Kuma maytar so irin na Sumayya 🤒🤒🤒,0,1,1,0,0,0,hau,allah ka raba mu da masifaffan so balaein so jarabar so damuwar so nacin so da kuma maytar so irin na sumayya 🤒🤒🤒
hau_train_track_a_01458,ka ji tsoron allaah,0,0,0,0,1,0,hau,ka ji tsoron allaah
hau_train_track_a_01459,Gasar Alkur’ani: An sami gwarzo da gwarzuwa a Jigawa,0,0,0,1,0,0,hau,gasar alkur’ani an sami gwarzo da gwarzuwa a jigawa
hau_train_track_a_01460,"Bidiyon Yadda Mai Kwalliya Ya Maida Tsohuwa Zuwa Zukekiyar, Farar, Matashiyar Budurwa",0,0,0,0,0,1,hau,bidiyon yadda mai kwalliya ya maida tsohuwa zuwa zukekiyar farar matashiyar budurwa
hau_train_track_a_01461,Kenan yana nupin sun kusa fara shiga Abuja 🤔 🤔,0,0,0,0,0,1,hau,kenan yana nupin sun kusa fara shiga abuja 🤔 🤔
hau_train_track_a_01462,pls a wane kasa ce wannan abun,0,0,0,0,0,1,hau,pls a wane kasa ce wannan abun
hau_train_track_a_01463,Yarinyar taje kai nika bata luraba tana kusada injin yanike mata hannu gaba daya har kafada,0,1,0,0,1,0,hau,yarinyar taje kai nika bata luraba tana kusada injin yanike mata hannu gaba daya har kafada
hau_train_track_a_01464,Kai kaji wata hauka shi buhari Allah ne Allah bai yafe hakkin wani ba da kansa shine shikuma bil'adama tsabar ya tabbata bai da hankali sai ya yafe ma bawa dan uwansa hakkin da ya kasance na ubangiji sa ne? 🤔 🤔 Sai kace ba a kasar musulunci muke ba,1,0,0,0,0,0,hau,kai kaji wata hauka shi buhari allah ne allah bai yafe hakkin wani ba da kansa shine shikuma biladama tsabar ya tabbata bai da hankali sai ya yafe ma bawa dan uwansa hakkin da ya kasance na ubangiji sa ne 🤔 🤔 sai kace ba a kasar musulunci muke ba
hau_train_track_a_01465,Allah ya tsaremu ya karemu da tsafi koh wane iri ne da kuma sharrin mutum koh aljani🤲,0,0,1,0,0,0,hau,allah ya tsaremu ya karemu da tsafi koh wane iri ne da kuma sharrin mutum koh aljani🤲
hau_train_track_a_01466,An samu wani Likita da ya kamu da cutar COVID-19 a Ekiti - Kwamishinar lafiya,0,0,0,0,1,0,hau,an samu wani likita da ya kamu da cutar covid19 a ekiti kwamishinar lafiya
hau_train_track_a_01467,Ku duba matar nan da ɗanta. Abin tausayi. Zamu ji da matsalar rashin ingantaccen ilimi ne ko rashin abinci? Ko rashin ingantaccen kiwon lafiya? ko rashin zaman lfya? 😭😭😭 ##URL##,0,0,0,0,1,0,hau,ku duba matar nan da ɗanta abin tausayi zamu ji da matsalar rashin ingantaccen ilimi ne ko rashin abinci ko rashin ingantaccen kiwon lafiya ko rashin zaman lfya 😭😭😭 url
hau_train_track_a_01468,Ya kashe matarsa kan zargin yin lalata da maza,0,1,0,0,1,0,hau,ya kashe matarsa kan zargin yin lalata da maza
hau_train_track_a_01469,"Yanzu Yanzu: Allah ya yiwa tsohon Atoni-Janar na Kano, Aliyu Umar rasuwa",0,0,0,0,1,0,hau,yanzu yanzu allah ya yiwa tsohon atonijanar na kano aliyu umar rasuwa
hau_train_track_a_01470,Da duminsa: Allah ya yiwa matar Sanata Kabir Gaya rasuwa,0,0,0,0,1,0,hau,da duminsa allah ya yiwa matar sanata kabir gaya rasuwa
hau_train_track_a_01471,rahamu allah yakawo mana sauki,0,0,1,0,0,0,hau,rahamu allah yakawo mana sauki
hau_train_track_a_01472,muna neman kariya a wurin allah jallah wa ala shi daya ne zai kare bayinsa allah ya dube mu ba dan halinmu ba yayi mana magani dan arzikin manzon allah saw,0,0,1,0,0,0,hau,muna neman kariya a wurin allah jallah wa ala shi daya ne zai kare bayinsa allah ya dube mu ba dan halinmu ba yayi mana magani dan arzikin manzon allah saw
hau_train_track_a_01473,Zafafan tambayoyin EFCC sun sanya Mataimakin Saraki fara rashin lafiya,0,0,0,0,0,1,hau,zafafan tambayoyin efcc sun sanya mataimakin saraki fara rashin lafiya
hau_train_track_a_01474,anya kina azumi kuwa naga ko almun rama baki d,0,0,0,0,0,1,hau,anya kina azumi kuwa naga ko almun rama baki d
hau_train_track_a_01475,Maulidi da Kirsimeti: Shugabanni sun taya al’umma murna,0,0,0,1,0,0,hau,maulidi da kirsimeti shugabanni sun taya al’umma murna
hau_train_track_a_01476,"2023: Mace Guda Da Ke Takarar Shugaban Kasa a APC Ta Janye Wa Tinubu, Ta Bayyana Dalili",0,0,0,1,0,0,hau,2023 mace guda da ke takarar shugaban kasa a apc ta janye wa tinubu ta bayyana dalili
hau_train_track_a_01477,Ya yi garkuwa da ’yar cikinsa yana neman kudin fansa daga matarsa,0,1,0,0,0,0,hau,ya yi garkuwa da ’yar cikinsa yana neman kudin fansa daga matarsa
hau_train_track_a_01478,😩Ya Allah 🤲🏽Allah kai mana Dauki da iyawarka✨✨🌠,0,0,1,0,1,0,hau,😩ya allah 🤲🏽allah kai mana dauki da iyawarka✨✨🌠
hau_train_track_a_01479,Yar talakawa ta ci kyautar Naira miliyan 6 a gasar Kimiyya,0,0,0,1,0,1,hau,yar talakawa ta ci kyautar naira miliyan 6 a gasar kimiyya
hau_train_track_a_01480,"Anyi ba'a yi ba kenan shugaba Buhari ya ce ayi noma anyi noma, tattalin Arziki bata karu ba yunwa bata ragu ba, yanxu kuma yace a rufe iyakokin kasar a Dena shiga shinkafa, ya sake saka haraji kan kudaden talakawa da suke ajiya a banki domin dai ya karya talaka kawai 😭😭😭😭😭😭",1,0,0,0,1,0,hau,anyi baa yi ba kenan shugaba buhari ya ce ayi noma anyi noma tattalin arziki bata karu ba yunwa bata ragu ba yanxu kuma yace a rufe iyakokin kasar a dena shiga shinkafa ya sake saka haraji kan kudaden talakawa da suke ajiya a banki domin dai ya karya talaka kawai 😭😭😭😭😭😭
hau_train_track_a_01481,Babu mai sona A ce cuta tayadu sabida har shi sai ta shafe shi allah stare mu daga wannan annobar Corona 🤲🤲🤲,0,0,1,0,1,0,hau,babu mai sona a ce cuta tayadu sabida har shi sai ta shafe shi allah stare mu daga wannan annobar corona 🤲🤲🤲
hau_train_track_a_01482,Ku taimake mu kasar Iran na kera makaman kare-dangi suna shirin gamawa da mu - Kasar Isra'ila,0,0,1,0,0,0,hau,ku taimake mu kasar iran na kera makaman karedangi suna shirin gamawa da mu kasar israila
hau_train_track_a_01483,Kaga yarinyar da kake bin bayanta a layi na 🏧 ko wajen screening ko registration kake manne mata don kawar da sha'awarka? OGA NA LAYI KAIMA MAI FYADE NE.,0,0,0,0,0,0,hau,kaga yarinyar da kake bin bayanta a layi na 🏧 ko wajen screening ko registration kake manne mata don kawar da shaawarka oga na layi kaima mai fyade ne
hau_train_track_a_01484,Yadda ambaliya ta yi fata-fata da birnin Houston,0,0,1,0,1,0,hau,yadda ambaliya ta yi fatafata da birnin houston
hau_train_track_a_01485,Wani matashi ya rasa ransa a yayin da fulani makiyaya da manoma su ka cakusa a Nassarawa,0,0,0,0,1,0,hau,wani matashi ya rasa ransa a yayin da fulani makiyaya da manoma su ka cakusa a nassarawa
hau_train_track_a_01486,shifa elrufai kallon bagidaje yake ma ganduje bai san kar yake kallon sa ba,0,0,0,0,0,0,hau,shifa elrufai kallon bagidaje yake ma ganduje bai san kar yake kallon sa ba
hau_train_track_a_01487,Saboda duhun dare na cikin dadin tsire 😋#RanarHausa,0,0,0,1,0,0,hau,saboda duhun dare na cikin dadin tsire 😋ranarhausa
hau_train_track_a_01488,karyar banza mtsss,1,0,0,0,0,0,hau,karyar banza mtsss
hau_train_track_a_01489,Kaji shegiya 😳to Dame zeyi maki........🙊🙊🙊🙊,1,0,0,0,0,0,hau,kaji shegiya 😳to dame zeyi maki🙊🙊🙊🙊
hau_train_track_a_01490,😂😂😂 chabbbbbbbbbbbb babbar magana Allah yasa Buhari ma ya '6ata' 🙏🙏,0,0,0,0,0,1,hau,😂😂😂 chabbbbbbbbbbbb babbar magana allah yasa buhari ma ya 6ata 🙏🙏
hau_train_track_a_01491,Amma mu talakawa har yau bamuga amfanin sa ba 😢😭,0,0,0,0,1,0,hau,amma mu talakawa har yau bamuga amfanin sa ba 😢😭
hau_train_track_a_01492,An kama bakin haure guda 3 da suke shigowa da 'yan ta'addar Najeriya makamai,0,0,0,0,0,0,hau,an kama bakin haure guda 3 da suke shigowa da yan taaddar najeriya makamai
hau_train_track_a_01493,ta kusa fashe wa allah kasa kar ta fashe da balai,0,0,1,0,0,0,hau,ta kusa fashe wa allah kasa kar ta fashe da balai
hau_train_track_a_01494,Allah yayi dare gari ya waye. Wuyarta ace jirgi na tashi. Ko na leda ne sai ya hau🤣 ##URL##,0,0,0,0,0,0,hau,allah yayi dare gari ya waye wuyarta ace jirgi na tashi ko na leda ne sai ya hau🤣 url
hau_train_track_a_01495,Magidanci ya yi wa matarsa mai juna biyu mugun dukan da ya kai ta lahira,1,1,0,0,1,1,hau,magidanci ya yi wa matarsa mai juna biyu mugun dukan da ya kai ta lahira
hau_train_track_a_01496,ko ya mutu Sai an daureshi😂,1,0,0,0,0,0,hau,ko ya mutu sai an daureshi😂
hau_train_track_a_01497,Bandakin ya gume da warin kashi da zarni,0,1,0,0,0,0,hau,bandakin ya gume da warin kashi da zarni
hau_train_track_a_01498,kai kiniya rubuntun hausa ashe kinje makaranta amma danyi na turanci mugani,0,0,0,0,0,1,hau,kai kiniya rubuntun hausa ashe kinje makaranta amma danyi na turanci mugani
hau_train_track_a_01499,"Soyayya gamon jini: Saurayin ɗiyar Gwamna Ganduje, Fatima, ya sanya mata zoben neman aure",0,0,0,1,0,0,hau,soyayya gamon jini saurayin ɗiyar gwamna ganduje fatima ya sanya mata zoben neman aure
hau_train_track_a_01500,Bangon gidansu yayi danshi plastar na bare wa wurin duk yayi gansa kuka,0,1,0,0,0,0,hau,bangon gidansu yayi danshi plastar na bare wa wurin duk yayi gansa kuka
hau_train_track_a_01501,Toh! wata sabuwa kuma inji yan chacha 😀,0,0,0,0,0,1,hau,toh wata sabuwa kuma inji yan chacha 😀
hau_train_track_a_01502,kuma shine baa sanar dani ba,0,0,0,0,0,1,hau,kuma shine baa sanar dani ba
hau_train_track_a_01503,Sunsha kashi jiya lalasa wa na karshe 😂😂😂😁💔🚶🚶🚶🚶,0,0,0,1,0,0,hau,sunsha kashi jiya lalasa wa na karshe 😂😂😂😁💔🚶🚶🚶🚶
hau_train_track_a_01504,Bikin murnar cika shekara 50 da fara zuwa duniyar wata (3),0,0,0,1,0,0,hau,bikin murnar cika shekara 50 da fara zuwa duniyar wata 3
hau_train_track_a_01505,Allah wadaran naka ya lalace🚷 wai sarkin musulmai 😳 Sai dai sakin munafukan musulinci,1,0,0,0,0,0,hau,allah wadaran naka ya lalace🚷 wai sarkin musulmai 😳 sai dai sakin munafukan musulinci
hau_train_track_a_01506,"Dogara, da ‘Yan Majalisa 11 da su ka bar Jam’iyyar da ta taimaka masu lashe zaben 2019",0,0,0,0,0,0,hau,dogara da ‘yan majalisa 11 da su ka bar jam’iyyar da ta taimaka masu lashe zaben 2019
hau_train_track_a_01507,innalillahi wa inna ilaihi rajiun allah ya kawo mana karshe wannna masifa allah mun tuba,0,0,1,0,1,0,hau,innalillahi wa inna ilaihi rajiun allah ya kawo mana karshe wannna masifa allah mun tuba
hau_train_track_a_01508,“Allah Ya Nuna Mani”: Shin Shugaban Kasa Tinubu Zai Kammala Wa’adinsa a Mulki? Malamin Addini Ya Yi Hasashe,0,0,0,0,0,0,hau,“allah ya nuna mani” shin shugaban kasa tinubu zai kammala wa’adinsa a mulki malamin addini ya yi hasashe
hau_train_track_a_01509,"Bidiyo da Hotuna: Ƴar Indimi ta auri biloniyan ɗan sarki, Malik Ado-Ibrahim",0,0,0,1,0,0,hau,bidiyo da hotuna ƴar indimi ta auri biloniyan ɗan sarki malik adoibrahim
hau_train_track_a_01510,Zulum ya shammaci wasu malaman Firamare da jarabawar ba-zata,0,0,0,0,0,1,hau,zulum ya shammaci wasu malaman firamare da jarabawar bazata
hau_train_track_a_01511,Congrats muna masa fatan Alheri 🤗,0,0,0,1,0,0,hau,congrats muna masa fatan alheri 🤗
hau_train_track_a_01512,amma ina mamaki matuqa akan aikata laifin da matar nan tayi na kashe yayanta biyu dubi da yadda uwa take son yayanta tayaya kuma zata kashesu har lahira anya kuwa batada tabin hankali,0,0,0,0,1,1,hau,amma ina mamaki matuqa akan aikata laifin da matar nan tayi na kashe yayanta biyu dubi da yadda uwa take son yayanta tayaya kuma zata kashesu har lahira anya kuwa batada tabin hankali
hau_train_track_a_01513,Kungiyar Yarbawa ta yi Allah wadai da ziyara da kuma gudunmawar da Tinubu ya bayar a jihar Katsina,1,1,0,0,0,0,hau,kungiyar yarbawa ta yi allah wadai da ziyara da kuma gudunmawar da tinubu ya bayar a jihar katsina
hau_train_track_a_01514,Pls ku dena hada su Dan gote da wannan ba kauyen.... Koni ba tsaran sa bane bare kuma manyan mutanen da kuke hada sa dasu masu mutunci a idon duniya.... Haba zaku bani kunya wlh🙄,1,0,0,0,0,0,hau,pls ku dena hada su dan gote da wannan ba kauyen koni ba tsaran sa bane bare kuma manyan mutanen da kuke hada sa dasu masu mutunci a idon duniya haba zaku bani kunya wlh🙄
hau_train_track_a_01515,Dai daga cikin abin da aikin ki ya jawo addini musulunci kenan.. Kin yi shigar banza anyi amfani da ita wajen aibanta mana fiyayyen halitta.. ALLAH ya kyauta.. ya kuma shiryi duk mai hali irin naku..😢,1,0,0,0,1,0,hau,dai daga cikin abin da aikin ki ya jawo addini musulunci kenan kin yi shigar banza anyi amfani da ita wajen aibanta mana fiyayyen halitta allah ya kyauta ya kuma shiryi duk mai hali irin naku😢
hau_train_track_a_01516,What an insecure country 😭 Allah ya kare mu Allah ya kubutar dasu daga hannun azzaluman nn,0,0,1,0,1,0,hau,what an insecure country 😭 allah ya kare mu allah ya kubutar dasu daga hannun azzaluman nn
hau_train_track_a_01517,Nigeria qasarmu mai abin mamaki 🤣🤣,0,0,0,0,0,1,hau,nigeria qasarmu mai abin mamaki 🤣🤣
hau_train_track_a_01518,Nidai plzzz idan mutuwa xamuyi afada mana kawai🥺🥺🥺,0,0,1,0,0,0,hau,nidai plzzz idan mutuwa xamuyi afada mana kawai🥺🥺🥺
hau_train_track_a_01519,An jefar da wani kyakkyawan jariri a cikin kungurmin daji (Hotuna),0,0,0,0,1,0,hau,an jefar da wani kyakkyawan jariri a cikin kungurmin daji hotuna
hau_train_track_a_01520,abun mamaki bakamar a ja ba,0,0,0,0,0,1,hau,abun mamaki bakamar a ja ba
hau_train_track_a_01521,"Da yazo wankin Gyambon nan, yana cire kyallen da aka rufe wurin wasu tsutsotsi suka fara zuba saboda rashin kulawa",0,1,0,0,0,0,hau,da yazo wankin gyambon nan yana cire kyallen da aka rufe wurin wasu tsutsotsi suka fara zuba saboda rashin kulawa
hau_train_track_a_01522,Fatima Ganduje da mijinta Idris sun yiwa wata mai shafin sadarwa na Hausa wankin babban bargo,1,0,0,0,0,0,hau,fatima ganduje da mijinta idris sun yiwa wata mai shafin sadarwa na hausa wankin babban bargo
hau_train_track_a_01523,Dattijon Arziki Ni Bari In Kari Bakin Talkawan Nigeria 🇳🇬 Ingode Ma Talawan Nigeria Suna Godiya Tare Dayima Fatan Alkhairi Ubangiji Allah Yaja Kwana Yakarama Lafiya Da Tsawon Rai.,0,0,0,1,0,0,hau,dattijon arziki ni bari in kari bakin talkawan nigeria 🇳🇬 ingode ma talawan nigeria suna godiya tare dayima fatan alkhairi ubangiji allah yaja kwana yakarama lafiya da tsawon rai
hau_train_track_a_01524,"Maji ma gani, Wai an bisne tsohuwa da rai jam'iyya daya kuke, wanna matsalarku ce daku da tsoho na daura kunci taliyar karshe 🤷🤷🤷",1,0,0,0,0,0,hau,maji ma gani wai an bisne tsohuwa da rai jamiyya daya kuke wanna matsalarku ce daku da tsoho na daura kunci taliyar karshe 🤷🤷🤷
hau_train_track_a_01525,Makale😂😂😂😂 iskace tayi chan dasu Hala?,0,0,0,0,0,0,hau,makale😂😂😂😂 iskace tayi chan dasu hala
hau_train_track_a_01526,Innalillahi Wa'inna Ilaihi Raji'un: Yaro dan shekara 11 ya yiwa budurwa cikin shege har ta haihu,0,0,0,0,0,1,hau,innalillahi wainna ilaihi rajiun yaro dan shekara 11 ya yiwa budurwa cikin shege har ta haihu
hau_train_track_a_01527,Mudai kawai abunda Allah yakaimu 2023 za’a ga abun mamaki a Nigeria 🇳🇬 inshallahu,0,0,0,0,0,1,hau,mudai kawai abunda allah yakaimu 2023 za’a ga abun mamaki a nigeria 🇳🇬 inshallahu
hau_train_track_a_01528,"Adam A Zango Ya Fitar da Sabon Faifan Bidiyo Kan Halin da Ya Ke Ciki, Ya Yi Godiya",0,0,0,1,0,0,hau,adam a zango ya fitar da sabon faifan bidiyo kan halin da ya ke ciki ya yi godiya
hau_train_track_a_01529,au wai daman basu yafemasa ba ai nazata an wuce wannan maganar sai y kiyayi aisha yasani baba natane ita kadai,0,0,0,0,0,1,hau,au wai daman basu yafemasa ba ai nazata an wuce wannan maganar sai y kiyayi aisha yasani baba natane ita kadai
hau_train_track_a_01530,Ruwan sama kamar da bakin kwarya ya lalata gidaje 271 a jahar Kaduna,0,0,0,0,1,0,hau,ruwan sama kamar da bakin kwarya ya lalata gidaje 271 a jahar kaduna
hau_train_track_a_01531,El-Rufai Ya Yiwa Tinubu Addu’ar Allah Ya Bashi Nasara a Zaben Bana,0,0,0,1,0,0,hau,elrufai ya yiwa tinubu addu’ar allah ya bashi nasara a zaben bana
hau_train_track_a_01532,"Allah fa dakanshi yace ya tsinewa Mai karin gashi DA wacce ake karamawa😭😭😭 Amman ynzu ammata shikukasa a gaba,Allah yashiryamu baki daya yasa mu dace,amin",0,1,0,0,1,0,hau,allah fa dakanshi yace ya tsinewa mai karin gashi da wacce ake karamawa😭😭😭 amman ynzu ammata shikukasa a gabaallah yashiryamu baki daya yasa mu daceamin
hau_train_track_a_01533,"Mi kake yi da hoton mata a dakin ka? Karuwai nane.. Cut form the movie #TsalleDaya wallahi you give me laugh sir, the way you looked her 😂😂",0,0,0,1,0,0,hau,mi kake yi da hoton mata a dakin ka karuwai nane cut form the movie tsalledaya wallahi you give me laugh sir the way you looked her 😂😂
hau_train_track_a_01534,Toh wae 🤔🤔dama KU jira kuke a kula daku,0,0,0,0,0,1,hau,toh wae 🤔🤔dama ku jira kuke a kula daku
hau_train_track_a_01535,ai ba abun mamaki bane a najeriya ma beraye sun hana shugaban kasa shiga office,1,0,0,0,0,0,hau,ai ba abun mamaki bane a najeriya ma beraye sun hana shugaban kasa shiga office
hau_train_track_a_01536,Allah ya waddan wanga cikaba babu😭😭😭 Allah ya kara tsarewa,0,1,1,0,1,0,hau,allah ya waddan wanga cikaba babu😭😭😭 allah ya kara tsarewa
hau_train_track_a_01537,Tooh yanzu kuna nufin Kano pillars players duk sun samu kunnen doki kenan? Tabdi Jan palalu 😂😂😂,0,0,0,0,0,1,hau,tooh yanzu kuna nufin kano pillars players duk sun samu kunnen doki kenan tabdi jan palalu 😂😂😂
hau_train_track_a_01538,Kar Kuji Tsoron Fari Ko Rashin Abinci Shekara Mai Zuwa Inji Hukumar Kula Da Filayen Noma,0,0,0,0,0,0,hau,kar kuji tsoron fari ko rashin abinci shekara mai zuwa inji hukumar kula da filayen noma
hau_train_track_a_01539,Allah Ya Yiwa Na'ibin Limamin Masallacin Sultan Bello Rasuwa,0,0,0,0,1,0,hau,allah ya yiwa naibin limamin masallacin sultan bello rasuwa
hau_train_track_a_01540,"Daga karshe: Shugaban kasar Ethiopia, Mulatu ya yi murabus",0,0,0,0,0,0,hau,daga karshe shugaban kasar ethiopia mulatu ya yi murabus
hau_train_track_a_01541,“Allah Ya Kiyaye Hanya Hajiya”: Bidiyon Matashiya Sanye Da Hijabi Tana Tuka Babbar Mota Ya Dauka Hankali,0,0,0,1,0,1,hau,“allah ya kiyaye hanya hajiya” bidiyon matashiya sanye da hijabi tana tuka babbar mota ya dauka hankali
hau_train_track_a_01542,An aje dirom din kashi a kofar gidansa,0,1,0,0,0,0,hau,an aje dirom din kashi a kofar gidansa
hau_train_track_a_01543,Ta rubuta Al-Qur’ani gaba daya da tawadan ruwan Zinari,0,0,0,0,0,1,hau,ta rubuta alqur’ani gaba daya da tawadan ruwan zinari
hau_train_track_a_01544,Inda ranka! Miji ya taya matar sa murnar ta haifar masa 'shege' (Hotuna),0,0,0,0,0,1,hau,inda ranka miji ya taya matar sa murnar ta haifar masa shege hotuna
hau_train_track_a_01545,"Kai Jama’a 🥺. Allah kawo mana karshen wagga masifa, Allah tona asirin sponsors nasu amen 🙏🏾",0,0,1,0,1,0,hau,kai jama’a 🥺 allah kawo mana karshen wagga masifa allah tona asirin sponsors nasu amen 🙏🏾
hau_train_track_a_01546,Babban dana sanin da Dan Kano yayi shine zabar Buhari a 2015 wannan shine dana sani mafi muni a tarihin siyasar jahar kano 😎,0,0,0,0,1,0,hau,babban dana sanin da dan kano yayi shine zabar buhari a 2015 wannan shine dana sani mafi muni a tarihin siyasar jahar kano 😎
hau_train_track_a_01547,Allah ka ceto kasar mu daga rushewa🙏🙏,0,0,1,0,0,0,hau,allah ka ceto kasar mu daga rushewa🙏🙏
hau_train_track_a_01548,A fito da su ina? Wai halin da muke ciki bai ishe mu? Sai mun kara jajubo wasu bala'in? A barsu kawai😕😕😕,1,0,0,0,0,0,hau,a fito da su ina wai halin da muke ciki bai ishe mu sai mun kara jajubo wasu balain a barsu kawai😕😕😕
hau_train_track_a_01549,"Yarinyar ta chaɓa fenti a fuskarta, ga wasu farata zaƙo zaƙo kamar na zakanya.",0,1,0,0,0,0,hau,yarinyar ta chaɓa fenti a fuskarta ga wasu farata zaƙo zaƙo kamar na zakanya
hau_train_track_a_01550,tabdi jam yanzu kana nufin sangaya rs kenan,0,0,0,0,0,1,hau,tabdi jam yanzu kana nufin sangaya rs kenan
hau_train_track_a_01551,Subhanallahi to sabo dame jamaa mudai bazaa kyalemu ba ke nan...😭😭😭,0,0,0,0,1,0,hau,subhanallahi to sabo dame jamaa mudai bazaa kyalemu ba ke nan😭😭😭
hau_train_track_a_01552,allah don alfarman annibi ka kawo mana karshin wannan musiban,0,0,1,0,0,0,hau,allah don alfarman annibi ka kawo mana karshin wannan musiban
hau_train_track_a_01553,Tun da ta fitarda Mai wuta saura Mai zafii🤣🤣,0,0,0,0,0,0,hau,tun da ta fitarda mai wuta saura mai zafii🤣🤣
hau_train_track_a_01554,Himm yanajin tsoron kayin daza ayi masa ne yagudun kai nai ya fashe 😋😋😋😋😋,0,0,0,0,0,0,hau,himm yanajin tsoron kayin daza ayi masa ne yagudun kai nai ya fashe 😋😋😋😋😋
hau_train_track_a_01555,Su yaki boko haram tukun kafun wannan ya biyo baya🤦🏻‍♀️,1,0,0,0,0,0,hau,su yaki boko haram tukun kafun wannan ya biyo baya🤦🏻‍♀️
hau_train_track_a_01556,Tashin hankali: Wuta ta babbake wani magidanci a dakin budurwarsa,0,0,1,0,1,0,hau,tashin hankali wuta ta babbake wani magidanci a dakin budurwarsa
hau_train_track_a_01557,"Yau bazzen manjo talakawa suna murna da samunka a duniya , alherin Allah shi kaima ka baba sarkin tausayin talaka 😂😂",0,0,0,1,0,0,hau,yau bazzen manjo talakawa suna murna da samunka a duniya alherin allah shi kaima ka baba sarkin tausayin talaka 😂😂
hau_train_track_a_01558,India fah en iska ne😂😂😂,0,0,0,0,1,0,hau,india fah en iska ne😂😂😂
hau_train_track_a_01559,"Innalillahi: Fitacciyar Jarumar Fina-finai Ta Tsallake Rijiya Ta Baya, Ta Yi Godiya Ga Allah",0,0,1,1,0,0,hau,innalillahi fitacciyar jarumar finafinai ta tsallake rijiya ta baya ta yi godiya ga allah
hau_train_track_a_01560,Gobara ta kama gidansu wuta duk ta Kona musu fata abun dadi gani,0,1,0,0,0,0,hau,gobara ta kama gidansu wuta duk ta kona musu fata abun dadi gani
hau_train_track_a_01561,allah ubangiji yabaka lafiya mu kuma allah yakaremu,0,0,1,0,1,0,hau,allah ubangiji yabaka lafiya mu kuma allah yakaremu
hau_train_track_a_01562,Allura da take tsotse jini Waye xai bayar da kansa a kashe masa rayuwa a kan dubu 40 👌,0,0,1,0,0,0,hau,allura da take tsotse jini waye xai bayar da kansa a kashe masa rayuwa a kan dubu 40 👌
hau_train_track_a_01563,dama har yanzu akwao korona,0,0,0,0,0,1,hau,dama har yanzu akwao korona
hau_train_track_a_01564,Mu daurawa tun qarfe dayan dare muka fara.aha😂😁😀😋 ##URL##,0,0,0,0,0,0,hau,mu daurawa tun qarfe dayan dare muka faraaha😂😁😀😋 url
hau_train_track_a_01565,"Lokaci yayi da zamu nemi taimako, Saraki ya baiwa shugaba Buhari shawara",0,0,0,0,0,0,hau,lokaci yayi da zamu nemi taimako saraki ya baiwa shugaba buhari shawara
hau_train_track_a_01566,Wai shikam dan jarida baya mutuwa ne 😂,0,0,0,0,0,0,hau,wai shikam dan jarida baya mutuwa ne 😂
hau_train_track_a_01567,Allah ya jikan ta yasa aljanna makoma agare ta...Allah ka jikan iyayen mu da yan uwan mu baki daya...idan tamu tazo kasa mu cika da kyau da imani...Ameen ya Allah 🤲🤲🤲,0,0,0,0,1,0,hau,allah ya jikan ta yasa aljanna makoma agare taallah ka jikan iyayen mu da yan uwan mu baki dayaidan tamu tazo kasa mu cika da kyau da imaniameen ya allah 🤲🤲🤲
hau_train_track_a_01568,Harna Tina da great Wall🤧🌚😂😂,0,0,0,0,0,0,hau,harna tina da great wall🤧🌚😂😂
hau_train_track_a_01569,"Wike: Tsohon Gwamnan Ribas Ya Bayyana Dalilin Da Ya Kamata APC Ta Yi Godiya Ga Allah, Ya Kuma Caccaki PDP",1,0,0,0,0,0,hau,wike tsohon gwamnan ribas ya bayyana dalilin da ya kamata apc ta yi godiya ga allah ya kuma caccaki pdp
hau_train_track_a_01570,Allah mun tuba ka yafemu 🤲🤲🤲 Allah ka kawo mana saukin wannan annoba 🤲🤲 🤲,0,0,1,0,0,0,hau,allah mun tuba ka yafemu 🤲🤲🤲 allah ka kawo mana saukin wannan annoba 🤲🤲 🤲
hau_train_track_a_01571,Babu dan air kamar buhari fa a qasar nan. Kume kuke kallon sa haka 🏃🏃🏃🏃,1,0,0,0,0,0,hau,babu dan air kamar buhari fa a qasar nan kume kuke kallon sa haka 🏃🏃🏃🏃
hau_train_track_a_01572,‘Yan bindiga sun sace wani basarake a Jalingo bayan ya bar wurin murnar ranar dimokradiyya,0,0,1,0,1,0,hau,‘yan bindiga sun sace wani basarake a jalingo bayan ya bar wurin murnar ranar dimokradiyya
hau_train_track_a_01573,Dandalin Kannywood: Saura kadan in aure Nafisa Abdullahi amma na fasa - Adam Zango,0,0,0,0,0,0,hau,dandalin kannywood saura kadan in aure nafisa abdullahi amma na fasa adam zango
hau_train_track_a_01574,"Tumatur dake daure a cikin leda ya lalacewa, har yayi tsutsa.",0,1,0,0,0,0,hau,tumatur dake daure a cikin leda ya lalacewa har yayi tsutsa
hau_train_track_a_01575,😀😀😀😀😀lefinkune ay saida mukace karku bari yayi magana,0,0,0,0,1,0,hau,😀😀😀😀😀lefinkune ay saida mukace karku bari yayi magana
hau_train_track_a_01576,Kuji dan iska ana sacemu amma wae mawaka yake taya wa murna 😠,1,0,0,0,0,0,hau,kuji dan iska ana sacemu amma wae mawaka yake taya wa murna 😠
hau_train_track_a_01577,Mai gyaran Masai ya lume cikin Kashi,0,1,0,0,0,0,hau,mai gyaran masai ya lume cikin kashi
hau_train_track_a_01578,"Birnin Kebbi: Jama'a sun cika da murna, farincikin zuwan Buhari",0,0,0,1,0,0,hau,birnin kebbi jamaa sun cika da murna farincikin zuwan buhari
hau_train_track_a_01579,Allah Mai Iko: Jerin Sunayen Ƙasashen Duniya 6 da Rana Ba Ta Faɗuwa Na Tsawon Lokaci Ba Dare,0,0,0,0,0,1,hau,allah mai iko jerin sunayen ƙasashen duniya 6 da rana ba ta faɗuwa na tsawon lokaci ba dare
hau_train_track_a_01580,Subhanallah Allah ka kawo mana dauki 😢,0,0,1,0,1,0,hau,subhanallah allah ka kawo mana dauki 😢
hau_train_track_a_01581,Mara lafiyar tayi amai da zawo akayanta gurin duk ya cakalkale,0,1,0,0,0,0,hau,mara lafiyar tayi amai da zawo akayanta gurin duk ya cakalkale
hau_train_track_a_01582,"Atiku: Domin ceton kanmu, dole ne mu taimakawa gwamnatin Buhari",0,0,0,0,0,0,hau,atiku domin ceton kanmu dole ne mu taimakawa gwamnatin buhari
hau_train_track_a_01583,Wannan yan majalisa dai kau sun wulakanta🤦🏽‍♂️,0,0,0,0,1,0,hau,wannan yan majalisa dai kau sun wulakanta🤦🏽‍♂️
hau_train_track_a_01584,Tsohon direkta ya tsallake rijiya da baya yayinda 'yan bindiga suka afka musu a Abuja,0,0,1,0,1,0,hau,tsohon direkta ya tsallake rijiya da baya yayinda yan bindiga suka afka musu a abuja
hau_train_track_a_01585,"Uwargida Ta Siyawa Mai Gida Mota Kirar Ferraru, Martaninsa Ya Ba Jama’a Mamaki",0,0,0,0,0,1,hau,uwargida ta siyawa mai gida mota kirar ferraru martaninsa ya ba jama’a mamaki
hau_train_track_a_01586,Yanzu-yanzu: Allah ya yiwa mahaifin Ali Nuhu rasuwa,0,0,0,0,1,0,hau,yanzuyanzu allah ya yiwa mahaifin ali nuhu rasuwa
hau_train_track_a_01587,"Duk da ‘Dan takararsa bai yi nasara ba, Tinubu ya taya Adamu murnar zama Shugaban APC",0,0,0,1,0,0,hau,duk da ‘dan takararsa bai yi nasara ba tinubu ya taya adamu murnar zama shugaban apc
hau_train_track_a_01588,"Da ya bai wa mahaifinsa hantarsa, an yi aikin cike da nasara, sun yi hotuna cikin farinciki",0,0,0,1,0,0,hau,da ya bai wa mahaifinsa hantarsa an yi aikin cike da nasara sun yi hotuna cikin farinciki
hau_train_track_a_01589,Kurjin fuskarta yaja ruwa har mugunya ce take fitowa fara mai kauri,0,1,0,0,0,0,hau,kurjin fuskarta yaja ruwa har mugunya ce take fitowa fara mai kauri
hau_train_track_a_01590,Duk duniya Najeriya tafi ko ina iskan da raina hankalin mutane🙄,1,0,0,0,1,0,hau,duk duniya najeriya tafi ko ina iskan da raina hankalin mutane🙄
hau_train_track_a_01591,Ya boye hodar koken cikin gasassun kaji,0,1,0,0,0,0,hau,ya boye hodar koken cikin gasassun kaji
hau_train_track_a_01592,ina gwanin wani ga nawa legend ️,0,0,0,1,0,0,hau,ina gwanin wani ga nawa legend ️
hau_train_track_a_01593,Amarya ta kwalba majina cikin miya,0,1,0,0,0,0,hau,amarya ta kwalba majina cikin miya
hau_train_track_a_01594,gimbiyar mata eid mubarak,0,0,0,1,0,0,hau,gimbiyar mata eid mubarak
hau_train_track_a_01595,Halan suna zuwa da Sabin qafafu ne da Zan saye gwanjon takalmin da tsada Haka🙄,1,0,0,0,0,0,hau,halan suna zuwa da sabin qafafu ne da zan saye gwanjon takalmin da tsada haka🙄
hau_train_track_a_01596,ina ke yar barcelona ce bamu gane ba,0,0,0,0,0,1,hau,ina ke yar barcelona ce bamu gane ba
hau_train_track_a_01597,sai a kai mata sammaci kabarinta ai,1,0,0,0,0,0,hau,sai a kai mata sammaci kabarinta ai
hau_train_track_a_01598,An fito da da sharar dakin bukar 'kwari suna ta bi.,0,1,0,0,0,0,hau,an fito da da sharar dakin bukar kwari suna ta bi
hau_train_track_a_01599,😂😂😂😂na dauka ma maganin mutuwa suka samo,0,0,0,0,0,0,hau,😂😂😂😂na dauka ma maganin mutuwa suka samo
hau_train_track_a_01600,Wata kyakkyawar budurwa ta mutu bayan aminiyarta ta saka mata guba a abinci saboda ta samu karin girma a wajen aiki,0,1,0,0,1,0,hau,wata kyakkyawar budurwa ta mutu bayan aminiyarta ta saka mata guba a abinci saboda ta samu karin girma a wajen aiki
hau_train_track_a_01601,uban wayache karsu kama kawunansu meyake circulating banda nanayen yada rashin kunya da rugurguza hanyar addini da aladun arewa,1,0,0,0,0,0,hau,uban wayache karsu kama kawunansu meyake circulating banda nanayen yada rashin kunya da rugurguza hanyar addini da aladun arewa
hau_train_track_a_01602,"Kagara: 'Yan bindiga basu tausayi ko tsoro, sun ce alkawarinsu gwamnati ta karya, Hauwa",0,0,1,0,0,0,hau,kagara yan bindiga basu tausayi ko tsoro sun ce alkawarinsu gwamnati ta karya hauwa
hau_train_track_a_01603,ASUU ta yi Allah wadai da korar malaman jami’a da gwamnatin Kaduna ta yi,0,1,0,0,1,0,hau,asuu ta yi allah wadai da korar malaman jami’a da gwamnatin kaduna ta yi
hau_train_track_a_01604,kaiii allah ya sauwake,0,0,0,0,1,1,hau,kaiii allah ya sauwake
hau_train_track_a_01605,Hawa'u Sale na neman taimako cikin gaggawa,0,0,0,0,1,0,hau,hawau sale na neman taimako cikin gaggawa
hau_train_track_a_01606,Nama ya kare a jihar Kwara sakamakon tsadar farashin shanu a yankin,0,0,0,0,0,1,hau,nama ya kare a jihar kwara sakamakon tsadar farashin shanu a yankin
hau_train_track_a_01607,Abincin ya rube yayi wari har tsutsotsi sun fito akansa,0,1,0,0,0,0,hau,abincin ya rube yayi wari har tsutsotsi sun fito akansa
hau_train_track_a_01608,Tabar wawa da bahi🤣,0,0,0,0,0,0,hau,tabar wawa da bahi🤣
hau_train_track_a_01609,"Shugaba Buhari ya taya shagon dan dambe, Anthony Joshua, murna",0,0,0,1,0,0,hau,shugaba buhari ya taya shagon dan dambe anthony joshua murna
hau_train_track_a_01610,’Yan fashi sun sake bayyana a wasu titunan Legas,0,0,1,0,0,0,hau,’yan fashi sun sake bayyana a wasu titunan legas
hau_train_track_a_01611,"Ashema ghana basuda matamasu kyau, yanxu wagga ce kure adakar su 😏",0,1,0,0,0,0,hau,ashema ghana basuda matamasu kyau yanxu wagga ce kure adakar su 😏
hau_train_track_a_01612,Ali Sarkin Mota: Allah ya yi wa direban Sardauna rasuwa,0,0,0,0,1,0,hau,ali sarkin mota allah ya yi wa direban sardauna rasuwa
hau_train_track_a_01613,Akuya ta yi zawo a cikin kunun maijego.,0,1,0,0,0,0,hau,akuya ta yi zawo a cikin kunun maijego
hau_train_track_a_01614,Khadimul Islam: Kasar Saudiyya ta karrama gwamna Ganduje (Hotuna),0,0,0,1,0,0,hau,khadimul islam kasar saudiyya ta karrama gwamna ganduje hotuna
hau_train_track_a_01615,Allah Ya yi wa Hajiya Rabi Hardawa rasuwa,0,0,0,0,1,0,hau,allah ya yi wa hajiya rabi hardawa rasuwa
hau_train_track_a_01616,Akin Hajji: kungiyoyi sun nuna rashin jin dadinsu ga gwamnatin Kalaba,0,0,0,0,1,0,hau,akin hajji kungiyoyi sun nuna rashin jin dadinsu ga gwamnatin kalaba
hau_train_track_a_01617,Allah ya kawo mana karshen wannan masifa data addabemu Amin.🤲,0,0,1,0,1,0,hau,allah ya kawo mana karshen wannan masifa data addabemu amin🤲
hau_train_track_a_01618,Ashe kaima kana Dana KARYA. 😂🤣😂,0,0,0,0,0,1,hau,ashe kaima kana dana karya 😂🤣😂
hau_train_track_a_01619,Buhari da sauran shugabannin kasashen duniya sun taya Biden murna,0,0,0,1,0,0,hau,buhari da sauran shugabannin kasashen duniya sun taya biden murna
hau_train_track_a_01620,"Mu gyara zukatan mu, muso junan mu mu dena raina namu mu dena fifita nasu, muji sune bayin mu da zamu yi musu mu'amala me kyau kaga babu jin tsoro kai magan agaban uban kowa da yaren ka shine cinyewa, namu namu ne bare kuwa can ya karata HAUSA FULANI ASAMAN KOWA✊🏼✊🏼✊🏼✊🏼✊🏼",0,0,0,0,0,0,hau,mu gyara zukatan mu muso junan mu mu dena raina namu mu dena fifita nasu muji sune bayin mu da zamu yi musu muamala me kyau kaga babu jin tsoro kai magan agaban uban kowa da yaren ka shine cinyewa namu namu ne bare kuwa can ya karata hausa fulani asaman kowa✊🏼✊🏼✊🏼✊🏼✊🏼
hau_train_track_a_01621,Yan sanda sun damke wata budurwa da ke yiwa 'yan achaba fashi a Katsina,0,0,0,1,0,0,hau,yan sanda sun damke wata budurwa da ke yiwa yan achaba fashi a katsina
hau_train_track_a_01622,Sauya Sheka: Fusatattun Sanatocin APC Sun Gana da Buhari a Aso Rock,0,0,0,0,0,0,hau,sauya sheka fusatattun sanatocin apc sun gana da buhari a aso rock
hau_train_track_a_01623,Kotun shari'a ta raba aure a Zamfara saboda tsabar girman mazakutar miji,0,0,0,0,0,0,hau,kotun sharia ta raba aure a zamfara saboda tsabar girman mazakutar miji
hau_train_track_a_01624,mtsww ai gara ana zuwa makarantar wannan irin jahilci dakuke nunawa duniya inda bakwa karatu ba a san me zakoyiba kuma,1,1,0,0,1,0,hau,mtsww ai gara ana zuwa makarantar wannan irin jahilci dakuke nunawa duniya inda bakwa karatu ba a san me zakoyiba kuma
hau_train_track_a_01625,Babu mamaki ma Buhari ya mutu – Fani-Kayode,0,0,0,0,0,0,hau,babu mamaki ma buhari ya mutu – fanikayode
hau_train_track_a_01626,"Bayan kashe mutum 50, 'Yan bin sun sake sheƙe dandazon mutane a jihar Kaduna",0,0,1,0,1,0,hau,bayan kashe mutum 50 yan bin sun sake sheƙe dandazon mutane a jihar kaduna
hau_train_track_a_01627,Yan bindiga sun kashe mutane 5 a sabon harin da aka kai jihar Rivers,0,0,1,0,1,0,hau,yan bindiga sun kashe mutane 5 a sabon harin da aka kai jihar rivers
hau_train_track_a_01628,Babbar Sallah: Wani Gwamnan Arewa Ya Bada Umarnin Biyan Ma'aikatan Jiharsa Albashi Kafin Sallah,0,0,0,1,0,0,hau,babbar sallah wani gwamnan arewa ya bada umarnin biyan maaikatan jiharsa albashi kafin sallah
hau_train_track_a_01629,"Hmm, giyar kafurci ce take janshi... Wallahi summa tallahi qaryarka tasha qarya! 😤 Duk wanda yacce ya ɗarmi anniyar yaqi da addinin Allah tho wallahi qarshen Alewa qasaa! Saboda da ALLAH ne yake faɗa! Kuma babu Shegen da zai iya jayayya da ALLAH ya samu nasara! 🤯",1,0,0,0,0,0,hau,hmm giyar kafurci ce take janshi wallahi summa tallahi qaryarka tasha qarya 😤 duk wanda yacce ya ɗarmi anniyar yaqi da addinin allah tho wallahi qarshen alewa qasaa saboda da allah ne yake faɗa kuma babu shegen da zai iya jayayya da allah ya samu nasara 🤯
hau_train_track_a_01630,Fulani da Berom sun yi bikin zaman lafiya a Filato,0,0,0,1,0,0,hau,fulani da berom sun yi bikin zaman lafiya a filato
hau_train_track_a_01631,kuma dai allah ya kawo mana karshen wann masifa,0,0,1,0,0,0,hau,kuma dai allah ya kawo mana karshen wann masifa
hau_train_track_a_01632,"Kadan suka miki wallahi ni 2,000 suka zare min ji nake kamar nae jumping din yau Gobe Na dira a bankin na musu Tijara Kuma yasin na Daen aeki Dasu😂😂😂😂",1,0,0,0,1,0,hau,kadan suka miki wallahi ni 2000 suka zare min ji nake kamar nae jumping din yau gobe na dira a bankin na musu tijara kuma yasin na daen aeki dasu😂😂😂😂
hau_train_track_a_01633,Allah ya kara hada su fada har sai sun kare tas!!!😣😣😣,1,0,0,0,0,0,hau,allah ya kara hada su fada har sai sun kare tas😣😣😣
hau_train_track_a_01634,"‘Dan shekara 18 ya dawo da N20.5m da ya tsinta, ya samu kyautar miliyoyi da abubuwan alheri",0,0,0,1,0,1,hau,‘dan shekara 18 ya dawo da n205m da ya tsinta ya samu kyautar miliyoyi da abubuwan alheri
hau_train_track_a_01635,Dan wahala allah ya la.ance ka🙄,1,1,0,0,0,0,hau,dan wahala allah ya laance ka🙄
hau_train_track_a_01636,Ko baka fada ba dolenmu muyi tunda ba ganinka zamuyi ba balle mu nuna maka fushinmu.😀,0,0,0,0,1,0,hau,ko baka fada ba dolenmu muyi tunda ba ganinka zamuyi ba balle mu nuna maka fushinmu😀
hau_train_track_a_01637,Hmhmhm 🤔🤔 kaih jama a yanzu wait ace buhari baidamu halin da Yan kasa kaiciki,0,0,0,0,1,0,hau,hmhmhm 🤔🤔 kaih jama a yanzu wait ace buhari baidamu halin da yan kasa kaiciki
hau_train_track_a_01638,innalillahi allah kadubi bayinka salihai,0,0,1,0,0,0,hau,innalillahi allah kadubi bayinka salihai
hau_train_track_a_01639,"Bayan kashe abokinsa da yayi don tsafin yayi kudi, yana mamakin wai har yanzu yana cikin talauci",0,1,0,0,0,1,hau,bayan kashe abokinsa da yayi don tsafin yayi kudi yana mamakin wai har yanzu yana cikin talauci
hau_train_track_a_01640,Hahahaha Nigeria 🇳🇬 duk shekarun da aka dauka Ana saida man fetur babu wani tsari wanda za a dinga tara kudi sai dai yan iska suyita sace kudin.,1,0,0,0,1,0,hau,hahahaha nigeria 🇳🇬 duk shekarun da aka dauka ana saida man fetur babu wani tsari wanda za a dinga tara kudi sai dai yan iska suyita sace kudin
hau_train_track_a_01641,Dazun ta matse ruwan kurjinta da baki kuma ta kurbe abunta,0,1,0,0,0,0,hau,dazun ta matse ruwan kurjinta da baki kuma ta kurbe abunta
hau_train_track_a_01642,Hegu suna washe baki😒 sun samu dollar,1,0,0,0,0,0,hau,hegu suna washe baki😒 sun samu dollar
hau_train_track_a_01643,allah ya jikanshu da rahama,0,0,0,0,1,0,hau,allah ya jikanshu da rahama
hau_train_track_a_01644,Yanzu-Yanzu: Allah ya yi wa Sanata Ali Wakili na jihar Bauchi rasuwa,0,0,0,0,1,0,hau,yanzuyanzu allah ya yi wa sanata ali wakili na jihar bauchi rasuwa
hau_train_track_a_01645,Anshiga Uku wannan wane irin mulkine wai 😪🤔??,0,0,0,0,1,0,hau,anshiga uku wannan wane irin mulkine wai 😪🤔
hau_train_track_a_01646,Abun haryakai ga haka😂😂,0,0,0,0,0,1,hau,abun haryakai ga haka😂😂
hau_train_track_a_01647,Ya na cin tasono,0,1,0,0,0,0,hau,ya na cin tasono
hau_train_track_a_01648,"Allah Ya yi, Saitin Farkon ‘Yan Najeriya 350 da Yaki Ya Rutsa da su a Sudan Sun Dawo",0,0,0,1,0,0,hau,allah ya yi saitin farkon ‘yan najeriya 350 da yaki ya rutsa da su a sudan sun dawo
hau_train_track_a_01649,Gwamna Abiodun ya zare hannunsa daga Kwamishinan da ya zagi Osoba,1,0,0,0,0,0,hau,gwamna abiodun ya zare hannunsa daga kwamishinan da ya zagi osoba
hau_train_track_a_01650,bayada amfani jahilla kawai wan nan girman kaine kuma shine jahilcin as from nun u have change to jahila shidaniya kawai fitsarraliya allah ya isah da sport dinki danayi abaya kuma duk kikabar musulunci bamu yafeba domin akwai alamun hakan,1,0,0,0,0,0,hau,bayada amfani jahilla kawai wan nan girman kaine kuma shine jahilcin as from nun u have change to jahila shidaniya kawai fitsarraliya allah ya isah da sport dinki danayi abaya kuma duk kikabar musulunci bamu yafeba domin akwai alamun hakan
hau_train_track_a_01651,Toh😎😎😎😎😎 kema ure one of them kenan 😄😄😄😄😄😄munji dadi ancire yan iska babu dadi kuma kuji abinda mukaji..last year barca...,0,0,0,1,0,0,hau,toh😎😎😎😎😎 kema ure one of them kenan 😄😄😄😄😄😄munji dadi ancire yan iska babu dadi kuma kuji abinda mukajilast year barca
hau_train_track_a_01652,Alhaji Shehu Shagari (1924 zuwa 2018),0,0,0,0,0,0,hau,alhaji shehu shagari 1924 zuwa 2018
hau_train_track_a_01653,Musulunci yana samun barazana a kasar Faransa,0,0,1,0,1,0,hau,musulunci yana samun barazana a kasar faransa
hau_train_track_a_01654,wai ashe ina da budurwa,0,0,0,0,0,1,hau,wai ashe ina da budurwa
hau_train_track_a_01655,"Zamfara: An yi batakashi tsakanin sojoji da 'yan bindiga, ba a san adadin wadanda suka mutu ba",0,0,1,0,1,0,hau,zamfara an yi batakashi tsakanin sojoji da yan bindiga ba a san adadin wadanda suka mutu ba
hau_train_track_a_01656,Ina ma aba Baba Ganduje 🥰🥰🥰,0,0,0,1,0,0,hau,ina ma aba baba ganduje 🥰🥰🥰
hau_train_track_a_01657,"Duk party me """"""""""""""""""""""""""""""""A"""""""""""""""""""""""""""""""" din nan duk na APC ce matsala aka samu 😂😂",0,0,0,0,0,0,hau,duk party me a din nan duk na apc ce matsala aka samu 😂😂
hau_train_track_a_01658,Wata budurwa tayi kyautar al'aurar ta a 'fezbuk' (Hotuna),0,1,0,0,0,0,hau,wata budurwa tayi kyautar alaurar ta a fezbuk hotuna
hau_train_track_a_01659,Inna lillahi wa'inna ilaihi raji'un Allah kamana tsari da yan luwadi da madigo 👏,0,1,0,0,0,0,hau,inna lillahi wainna ilaihi rajiun allah kamana tsari da yan luwadi da madigo 👏
hau_train_track_a_01660,Wai shi wannan yaushe zai daina wannan mummunan halin😏 ##URL##,1,0,0,0,1,0,hau,wai shi wannan yaushe zai daina wannan mummunan halin😏 url
hau_train_track_a_01661,Sallah: Sarkin Musulmi Ya Bada Umarnin Duba Jinjirin Wata,0,0,0,0,0,0,hau,sallah sarkin musulmi ya bada umarnin duba jinjirin wata
hau_train_track_a_01662,Buhari ya aika sakon ta'aziyya ga gwamna Ahmed Makarfi,0,0,0,0,1,0,hau,buhari ya aika sakon taaziyya ga gwamna ahmed makarfi
hau_train_track_a_01663,Tau Allah yasa dai ba larabci akayi ba dn tsohonga ko ma ismuka bai sanni ba🙄🙄,0,0,0,0,0,0,hau,tau allah yasa dai ba larabci akayi ba dn tsohonga ko ma ismuka bai sanni ba🙄🙄
hau_train_track_a_01664,"Kiji tsoron allah dai , kuma muna addu ah allah y shirya ki shirin adnin musulunci🙏🙏",0,0,0,0,1,0,hau,kiji tsoron allah dai kuma muna addu ah allah y shirya ki shirin adnin musulunci🙏🙏
hau_train_track_a_01665,Allah yasa karshen sune yazo🤲🙏,0,0,1,0,0,0,hau,allah yasa karshen sune yazo🤲🙏
hau_train_track_a_01666,Yarinya tana shan ruwan kwata mai wari,0,1,0,0,0,0,hau,yarinya tana shan ruwan kwata mai wari
hau_train_track_a_01667,ya allah ka kawo ma wadannan bayin allah dauki,0,0,1,0,1,0,hau,ya allah ka kawo ma wadannan bayin allah dauki
hau_train_track_a_01668,"😣 Innalillahi wa'inna ilaihirraj'un. Ya kamata Hankalin me yankan Kaba ya koma kan runa, mutane su gyara halayya da dabu'u su kuma yawaita. """"""""""""""""""""""""""""""""Astagfirullah wa atubu ilaih""""""""""""""""""""""""""""""""",0,0,0,0,1,0,hau,😣 innalillahi wainna ilaihirrajun ya kamata hankalin me yankan kaba ya koma kan runa mutane su gyara halayya da dabuu su kuma yawaita astagfirullah wa atubu ilaih
hau_train_track_a_01669,Tirkashi: Wani Dalibin jami'a ya lakadawa malamarsa duka kawo wuka daga neman taimako,0,0,0,0,1,1,hau,tirkashi wani dalibin jamia ya lakadawa malamarsa duka kawo wuka daga neman taimako
hau_train_track_a_01670,"Ana daf da zaben shugabannin APC, Buhari ya hadu Tinubu da wadanda suka kafa jam’iyya",0,0,0,0,0,0,hau,ana daf da zaben shugabannin apc buhari ya hadu tinubu da wadanda suka kafa jam’iyya
hau_train_track_a_01671,buhari faaa yaci kai wollah,1,0,0,0,0,0,hau,buhari faaa yaci kai wollah
hau_train_track_a_01672,Yaci guba dai 🤣🤣🤣,0,0,0,0,0,0,hau,yaci guba dai 🤣🤣🤣
hau_train_track_a_01673,ka dauki salon mulki erinna megidanka firauna,0,0,0,0,0,0,hau,ka dauki salon mulki erinna megidanka firauna
hau_train_track_a_01674,Buhari yanxu zaiji yanda mukaji.....zai tabbatar da yaudara ba dadi😂,0,0,0,1,0,0,hau,buhari yanxu zaiji yanda mukajizai tabbatar da yaudara ba dadi😂
hau_train_track_a_01675,Ka fara koh😞 toh duk Wanda yace shine wlh ba shi bane,0,1,0,0,0,0,hau,ka fara koh😞 toh duk wanda yace shine wlh ba shi bane
hau_train_track_a_01676,"Allah ya nuna mu'ujizarsa yayin kubutar da ni daga hannun yan bindiga, Kwamishina ya magantu",0,0,0,0,0,0,hau,allah ya nuna muujizarsa yayin kubutar da ni daga hannun yan bindiga kwamishina ya magantu
hau_train_track_a_01677,Tundafa shuwagabannin su na America sun kashe me kashesu aiko kunga dole suyi murna 😔,0,0,0,0,1,0,hau,tundafa shuwagabannin su na america sun kashe me kashesu aiko kunga dole suyi murna 😔
hau_train_track_a_01678,Ashe ma Ba kyawawa a Gana 😂😂😂duk su ado gwanja ne,0,0,0,0,0,0,hau,ashe ma ba kyawawa a gana 😂😂😂duk su ado gwanja ne
hau_train_track_a_01679,Kulin wakar da yake yi itace “Tunbuɗi amai a hada shi da majina dadi kan dadi”,0,1,0,0,0,0,hau,kulin wakar da yake yi itace “tunbuɗi amai a hada shi da majina dadi kan dadi”
hau_train_track_a_01680,Qarshen rashin kunya kenan da rashin sanin darajar manya 🌚,1,0,0,0,0,0,hau,qarshen rashin kunya kenan da rashin sanin darajar manya 🌚
hau_train_track_a_01681,Wani Matashi ya sheme Mahaifiyarsa da Katako a jihar Legas,0,1,0,0,0,1,hau,wani matashi ya sheme mahaifiyarsa da katako a jihar legas
hau_train_track_a_01682,Mudai muna ruwa 😔 Ba damn kallo,0,0,0,0,1,0,hau,mudai muna ruwa 😔 ba damn kallo
hau_train_track_a_01683,Mutanen 9ja iyayen maula most especially Mutanenmu📵📵📵📵📵,1,0,0,0,1,0,hau,mutanen 9ja iyayen maula most especially mutanenmu📵📵📵📵📵
hau_train_track_a_01684,Dan uwarsa yaga munyi kama da yan nigeria ne😁😁😁😁,1,0,0,0,0,0,hau,dan uwarsa yaga munyi kama da yan nigeria ne😁😁😁😁
hau_train_track_a_01685,“Ina Mutunta Kudi”: Kyakkyawar Mata Ta Nunawa Duniya Mijinta Dan Dattijo a Bidiyo,0,0,0,1,0,0,hau,“ina mutunta kudi” kyakkyawar mata ta nunawa duniya mijinta dan dattijo a bidiyo
hau_train_track_a_01686,Masoyina ne ya yi min ciki ba mijina ba – wata matar aure ta shaidawa kotu cikin alfahari,0,1,0,0,1,0,hau,masoyina ne ya yi min ciki ba mijina ba – wata matar aure ta shaidawa kotu cikin alfahari
hau_train_track_a_01687,Kullu Nafsin Za'ikatul Maut: Awanni kadan ya rage a daurawa Fatima aure sai Allah ya karbi rayuwarta,0,0,0,0,1,0,hau,kullu nafsin zaikatul maut awanni kadan ya rage a daurawa fatima aure sai allah ya karbi rayuwarta
hau_train_track_a_01688,An cafke mutun 6 kan lalata kananan yara a Kebbi,0,1,0,0,0,0,hau,an cafke mutun 6 kan lalata kananan yara a kebbi
hau_train_track_a_01689,Subhanallah. Allah kaimana Maganin Wannan musibar🤲,0,0,1,0,0,0,hau,subhanallah allah kaimana maganin wannan musibar🤲
hau_train_track_a_01690,Toh Kai garuje dama haka ake bada professor din Kai taste Kaida baka cikin system din ma🤔🤔🤔Allah yakyauta,0,1,0,0,0,0,hau,toh kai garuje dama haka ake bada professor din kai taste kaida baka cikin system din ma🤔🤔🤔allah yakyauta
hau_train_track_a_01691,Allah ya kyauta: Uba ya yi ya ‘yar cikinsa cikin a Yobe,0,1,0,0,0,0,hau,allah ya kyauta uba ya yi ya ‘yar cikinsa cikin a yobe
hau_train_track_a_01692,Najeriya ta na cikin karancin na’ura a tsakiyar annobar COVID-19,0,0,1,0,1,0,hau,najeriya ta na cikin karancin na’ura a tsakiyar annobar covid19
hau_train_track_a_01693,Allah Ya yi wa jarumi Abdulwahab Awarwasa rasuwa,0,0,0,0,1,0,hau,allah ya yi wa jarumi abdulwahab awarwasa rasuwa
hau_train_track_a_01694,"Innalilahi ji karya dan Allah, wallahi basu tsoron mutuwa mutanen nan😭😭😭😭",1,0,0,0,1,0,hau,innalilahi ji karya dan allah wallahi basu tsoron mutuwa mutanen nan😭😭😭😭
hau_train_track_a_01695,au da shi gogarman ya yarda 😂😂😂 ganduje mai abun mamaki,0,0,0,0,0,1,hau,au da shi gogarman ya yarda 😂😂😂 ganduje mai abun mamaki
hau_train_track_a_01696,"Tun lokacin da kare ya mutu a bayan gida, wurin ya cika da tsutsosti",0,1,0,0,0,0,hau,tun lokacin da kare ya mutu a bayan gida wurin ya cika da tsutsosti
hau_train_track_a_01697,Tashin hankalin da iyalan mu ke shiga fah meza kuce 🙂,1,0,0,0,1,0,hau,tashin hankalin da iyalan mu ke shiga fah meza kuce 🙂
hau_train_track_a_01698,amarya tana zuwa wurin daurin aure need,0,0,0,0,0,1,hau,amarya tana zuwa wurin daurin aure need
hau_train_track_a_01699,😄 Allah Sarki! Bari da Biba ko ana ina yanzu?,0,0,0,0,0,1,hau,😄 allah sarki bari da biba ko ana ina yanzu
hau_train_track_a_01700,Kotu Ta Kori Dan Takarar Majalisar Tarayya Na PDP a Jihar Imo,0,0,0,0,1,0,hau,kotu ta kori dan takarar majalisar tarayya na pdp a jihar imo
hau_train_track_a_01701,innalillahi wa inna ilaihi rajiunallah yayimuna maganin masu wannan mugun aiki,0,1,1,0,1,0,hau,innalillahi wa inna ilaihi rajiunallah yayimuna maganin masu wannan mugun aiki
hau_train_track_a_01702,Yau ga Lalacewa Ni Ameenatu🙆🏻🙆🏻🤣🤣,0,0,0,0,1,0,hau,yau ga lalacewa ni ameenatu🙆🏻🙆🏻🤣🤣
hau_train_track_a_01703,"Sau 6 kacal na taba lalata da yarinyar, mahaifiyarta ce ke zuzutawa - Wanda ake zargi",0,1,0,0,0,0,hau,sau 6 kacal na taba lalata da yarinyar mahaifiyarta ce ke zuzutawa wanda ake zargi
hau_train_track_a_01704,😂😂😂“@<username> Arsenal ta doke Matsiyata a bayan gidansu 2-1 ##URL##,0,0,0,1,0,0,hau,😂😂😂“username arsenal ta doke matsiyata a bayan gidansu 21 url
hau_train_track_a_01705,"#YauDaGobe babu Shakka matsalar da ake samu kenan yanxu baza a bar mace ta zaba ma kan ta, uban yayan ta nagari ba, koh me yasa🙊🙊🙊",0,0,0,0,1,0,hau,yaudagobe babu shakka matsalar da ake samu kenan yanxu baza a bar mace ta zaba ma kan ta uban yayan ta nagari ba koh me yasa🙊🙊🙊
hau_train_track_a_01706,"Allah ya yi wa tsohuwar jarumar Kannywood, Zainab Booth rasuwa",0,0,0,0,1,0,hau,allah ya yi wa tsohuwar jarumar kannywood zainab booth rasuwa
hau_train_track_a_01707,Ruwan hammatar me kosai Yana shiga cikin kullun kosan,0,1,0,0,0,0,hau,ruwan hammatar me kosai yana shiga cikin kullun kosan
hau_train_track_a_01708,"An rusa majalisar dokoki, an rufe iyakoki, an saka dokar ta baci a Chadi",0,0,1,0,0,1,hau,an rusa majalisar dokoki an rufe iyakoki an saka dokar ta baci a chadi
hau_train_track_a_01709,Ambaliya ta kashe mutum 37 a Adamawa,0,0,0,0,1,0,hau,ambaliya ta kashe mutum 37 a adamawa
hau_train_track_a_01710,Mai haka Kuma? Kudai Komai Mai ma Labari me 😠,1,0,0,0,0,1,hau,mai haka kuma kudai komai mai ma labari me 😠
hau_train_track_a_01711,Barayi sun farwa ma'aikatan NNPC sun gudu da miliyan 16 a Kano,1,0,1,0,0,0,hau,barayi sun farwa maaikatan nnpc sun gudu da miliyan 16 a kano
hau_train_track_a_01712,Wananna maganar banza ce😡,1,0,0,0,0,0,hau,wananna maganar banza ce😡
hau_train_track_a_01713,"Innalillahi wa'inna ilaihi raju'un, Ya Allah ka kawo mana karshen wannan masifan ya Rabbi 🤲🤲",0,0,1,0,1,0,hau,innalillahi wainna ilaihi rajuun ya allah ka kawo mana karshen wannan masifan ya rabbi 🤲🤲
hau_train_track_a_01714,Rasha ta yi harbin gargadi kan jirgin yakin Birtaniya,0,0,1,0,0,0,hau,rasha ta yi harbin gargadi kan jirgin yakin birtaniya
hau_train_track_a_01715,Najeriya da kasar Koriya ta Arewa zasu kulla sabuwar alaka don tabbatar da tsaro da zaman lafiya,0,0,0,1,0,0,hau,najeriya da kasar koriya ta arewa zasu kulla sabuwar alaka don tabbatar da tsaro da zaman lafiya
hau_train_track_a_01716,Allah ya kawo mana karshen wannan annoba Ameen🤲🤲🤲🤲,0,0,1,0,1,0,hau,allah ya kawo mana karshen wannan annoba ameen🤲🤲🤲🤲
hau_train_track_a_01717,Sai dai karuwar chinhanchi da a kasamu😥😥,0,0,0,0,1,0,hau,sai dai karuwar chinhanchi da a kasamu😥😥
hau_train_track_a_01718,ya allah yayimu gafara ameen,0,0,0,0,1,0,hau,ya allah yayimu gafara ameen
hau_train_track_a_01719,"Haha 😁😁😋 Nigeria is a joke.. So,mun mata da Allah mahallaci mun koma rokon halittas sa.... Wallahi har naji kunya, Allah wadaran naka ya lalace",1,1,0,0,0,0,hau,haha 😁😁😋 nigeria is a joke somun mata da allah mahallaci mun koma rokon halittas sa wallahi har naji kunya allah wadaran naka ya lalace
hau_train_track_a_01720,Kyakkyawar Matar Aure Ta Nunawa Duniya Mijinta Mai Nakasa a Bidiyo Mai Daukar Hankali,0,0,0,0,0,1,hau,kyakkyawar matar aure ta nunawa duniya mijinta mai nakasa a bidiyo mai daukar hankali
hau_train_track_a_01721,Qatar 2022: Masu tsaron gidan Faransa sun kamu da rashin lafiya,0,0,0,0,1,0,hau,qatar 2022 masu tsaron gidan faransa sun kamu da rashin lafiya
hau_train_track_a_01722,Suhanallah😢😢😭😭😭 @<username> Harin bama bamai ya kashe mutane 44 a Jos. ##URL##,0,0,1,0,1,0,hau,suhanallah😢😢😭😭😭 username harin bama bamai ya kashe mutane 44 a jos url
hau_train_track_a_01723,Allah ya yiwa Farfesa Shehu Dalhatu na Jami'ar BUK rasuwa,0,0,0,0,1,0,hau,allah ya yiwa farfesa shehu dalhatu na jamiar buk rasuwa
hau_train_track_a_01724,Ramadan: ’Yan kasuwa sun yi alkawarin daidaita farashin kayan abinci,0,0,0,1,0,0,hau,ramadan ’yan kasuwa sun yi alkawarin daidaita farashin kayan abinci
hau_train_track_a_01725,"Babu wani batun CeCe kuce, Lafiyar buhari kalau kawai iskanci ne 🤣🤣🤣",1,0,0,0,0,0,hau,babu wani batun cece kuce lafiyar buhari kalau kawai iskanci ne 🤣🤣🤣
hau_train_track_a_01726,Yawwa damn ina neman ki fatara mai tada tsohon bashi yau sai kin biyani 50# dana taba a ra miki tun kapin ki zama cele😎😎🏃,0,0,0,0,0,0,hau,yawwa damn ina neman ki fatara mai tada tsohon bashi yau sai kin biyani 50 dana taba a ra miki tun kapin ki zama cele😎😎🏃
hau_train_track_a_01727,"Sarkin Zazzau ya yi sabbin nade-nadensa na farko, ya yi sauye-sauye (jerinsu)",0,0,0,0,0,0,hau,sarkin zazzau ya yi sabbin nadenadensa na farko ya yi sauyesauye jerinsu
hau_train_track_a_01728,"Allah Bai Gaya Mun Magajin Buhari Ba, Malamin Addini Ya Magantu Kan Zaben 2023",0,0,0,0,0,0,hau,allah bai gaya mun magajin buhari ba malamin addini ya magantu kan zaben 2023
hau_train_track_a_01729,"Yan bindiga sun cika hannu da kansiloli 3 a jahar Zamfara, sun nemi naira miliyan 40",0,0,1,0,1,0,hau,yan bindiga sun cika hannu da kansiloli 3 a jahar zamfara sun nemi naira miliyan 40
hau_train_track_a_01730,Abeg suyi su dawo abi sai mun hada da protest?🤣,1,0,0,0,0,0,hau,abeg suyi su dawo abi sai mun hada da protest🤣
hau_train_track_a_01731,"Ganduje yanzu lashe hannu yake, ya gaalma chin tashi taliyar.. 😂",0,0,0,1,0,0,hau,ganduje yanzu lashe hannu yake ya gaalma chin tashi taliyar 😂
hau_train_track_a_01732,Yanzu-Yanzu: Shugaba Buhari ya taya ministansa murnan cika shekaru 70,0,0,0,1,0,0,hau,yanzuyanzu shugaba buhari ya taya ministansa murnan cika shekaru 70
hau_train_track_a_01733,"Babbar magana: Sayar da wiwi a jinina ne, dan haka babu wanda ya isa ya hanani - Wani dilan wiwi ya fadawa hukumar NDLEA",0,0,0,0,0,0,hau,babbar magana sayar da wiwi a jinina ne dan haka babu wanda ya isa ya hanani wani dilan wiwi ya fadawa hukumar ndlea
hau_train_track_a_01734,yabar abinci a bude kyankyaso ya hau Kuma yaci be saniba,0,1,0,0,0,0,hau,yabar abinci a bude kyankyaso ya hau kuma yaci be saniba
hau_train_track_a_01735,"A raba mu, duka take lakaɗa min har da damƙar mazakuta na, Magidanci ya yi ƙarar matarsa Fatima",0,0,1,0,1,0,hau,a raba mu duka take lakaɗa min har da damƙar mazakuta na magidanci ya yi ƙarar matarsa fatima
hau_train_track_a_01736,Mafarauci na lashe jinin dabar da ya kama,0,1,0,0,0,0,hau,mafarauci na lashe jinin dabar da ya kama
hau_train_track_a_01737,"Sabuwar shekara na dauke da juna biyun abubuwa masu kyau ga yan Najeriya, gwamna Masari",0,0,0,1,0,0,hau,sabuwar shekara na dauke da juna biyun abubuwa masu kyau ga yan najeriya gwamna masari
hau_train_track_a_01738,Toh ina ruwanmu da Corona 😠,1,0,0,0,0,0,hau,toh ina ruwanmu da corona 😠
hau_train_track_a_01739,Ku barni na dauki diyata ta mutu a gabana - Magidanci ya nemi gwamnati ta bashi 'yarshi bayan yaga wajen da ake kula da su bai da kyau,0,0,0,0,1,0,hau,ku barni na dauki diyata ta mutu a gabana magidanci ya nemi gwamnati ta bashi yarshi bayan yaga wajen da ake kula da su bai da kyau
hau_train_track_a_01740,"Mijina ya yi min ƙaryar nice matarsa ta biyu, alhalin nice ta shida - Mata ta shaidawa kotu",1,0,0,0,1,1,hau,mijina ya yi min ƙaryar nice matarsa ta biyu alhalin nice ta shida mata ta shaidawa kotu
hau_train_track_a_01741,An fara saka dankwali😀 Masha Allahu,0,0,0,1,0,1,hau,an fara saka dankwali😀 masha allahu
hau_train_track_a_01742,Bandakin makarantar ya cika da zarnin fitsari da warin kashi,0,1,0,0,0,0,hau,bandakin makarantar ya cika da zarnin fitsari da warin kashi
hau_train_track_a_01743,Nidai kam da sauqi. Amma abokina fah da ya hadu dashi baiji da dadi ba. Don sati guda yayi da jallabiya daya jikinshi kuma yana saman bene bai sauqo ba😂😂😂,0,0,0,0,1,0,hau,nidai kam da sauqi amma abokina fah da ya hadu dashi baiji da dadi ba don sati guda yayi da jallabiya daya jikinshi kuma yana saman bene bai sauqo ba😂😂😂
hau_train_track_a_01744,Dalilin da ya sa nake boye wasu abubuwa da suka shafe ni – Nafisa Abdullahi,0,0,0,0,0,0,hau,dalilin da ya sa nake boye wasu abubuwa da suka shafe ni – nafisa abdullahi
hau_train_track_a_01745,"Kadan suka fara gani. #IMF ta fara kansu. Dama! In har bakaji bari ba, kaji hoho. 😂",0,0,0,1,0,0,hau,kadan suka fara gani imf ta fara kansu dama in har bakaji bari ba kaji hoho 😂
hau_train_track_a_01746,barka da sallah 🕌❤️🤲,0,0,0,1,0,0,hau,barka da sallah 🕌❤️🤲
hau_train_track_a_01747,Tinda nake ban taba ganin hoton dan ta’adda dan lukuti ba Sedai sirara Meyasa🤔?,0,0,0,0,0,1,hau,tinda nake ban taba ganin hoton dan ta’adda dan lukuti ba sedai sirara meyasa🤔
hau_train_track_a_01748,Labari mai dadin ji: Maganar karin alawus din matasa masu yi wa kasa hidima ta kara tasowa,0,0,0,1,0,0,hau,labari mai dadin ji maganar karin alawus din matasa masu yi wa kasa hidima ta kara tasowa
hau_train_track_a_01749,To ko me yake cewa kuma🤔?,0,0,0,0,0,1,hau,to ko me yake cewa kuma🤔
hau_train_track_a_01750,allah yasa dai wayar bata fashe ba,0,0,1,0,0,0,hau,allah yasa dai wayar bata fashe ba
hau_train_track_a_01751,zaman da mukayi da mahaifiyata lokacin dana samu kaina cikin wata damuwa cikin raha da wasa da dariya na samu saukin abubuwan dake damuna da kuma duk lokacin da zanje na tarar mahaifiyata ta hana kowa ni kadai ta ajiyewa wani abu na musamman i love you so much momcy,0,0,0,1,0,0,hau,zaman da mukayi da mahaifiyata lokacin dana samu kaina cikin wata damuwa cikin raha da wasa da dariya na samu saukin abubuwan dake damuna da kuma duk lokacin da zanje na tarar mahaifiyata ta hana kowa ni kadai ta ajiyewa wani abu na musamman i love you so much momcy
hau_train_track_a_01752,"Wanan abun yafi karfin hukuma kuma muma yafi karfun mu, addu'a ita kadai ce zata mana maganin wanan abun Allah ka kare mu da kariyar ka, Allah ka kawo mana karshen wanan abun🤲🤲🤲",0,0,1,0,1,0,hau,wanan abun yafi karfin hukuma kuma muma yafi karfun mu addua ita kadai ce zata mana maganin wanan abun allah ka kare mu da kariyar ka allah ka kawo mana karshen wanan abun🤲🤲🤲
hau_train_track_a_01753,Allah ya Kara hadasu Su tarwatsawa kansu🤲,1,0,0,0,0,0,hau,allah ya kara hadasu su tarwatsawa kansu🤲
hau_train_track_a_01754,"Allah muntuba,Allah kakawo Mana dauki.😭🙏🤲",0,0,1,0,1,0,hau,allah muntubaallah kakawo mana dauki😭🙏🤲
hau_train_track_a_01755,Allah Ya Yi Wa Ohinoyi na Kasar Ebira Ado Ibrahim Rasuwa a Asibitin Abuja,0,0,0,0,1,0,hau,allah ya yi wa ohinoyi na kasar ebira ado ibrahim rasuwa a asibitin abuja
hau_train_track_a_01756,"Harin 'yan bindiga a Plateau: Ya zuwa yanzu mun binne mutane 106, inji shugaban karamar hukuma",0,0,0,0,1,0,hau,harin yan bindiga a plateau ya zuwa yanzu mun binne mutane 106 inji shugaban karamar hukuma
hau_train_track_a_01757,Dan Allah jama a Banda cewa Allah maimaita mana Dan wanan 2020 badadi😔,0,0,0,0,1,0,hau,dan allah jama a banda cewa allah maimaita mana dan wanan 2020 badadi😔
hau_train_track_a_01758,Wannan shine 'daddawa gayawa manda baki.'😁,0,0,0,0,0,0,hau,wannan shine daddawa gayawa manda baki😁
hau_train_track_a_01759,to allah ya rupamana asiri yabamu yadda xamiyi yakuma karemu daga sharrin mugayen bayinsa ameen,0,0,1,0,1,0,hau,to allah ya rupamana asiri yabamu yadda xamiyi yakuma karemu daga sharrin mugayen bayinsa ameen
hau_train_track_a_01760,Tikitin shugaban kasa na PDP: Ina addu’a Allah yasa Wike ya kai labari – Okezie Ikpeazu,0,0,0,1,0,0,hau,tikitin shugaban kasa na pdp ina addu’a allah yasa wike ya kai labari – okezie ikpeazu
hau_train_track_a_01761,A cikin jaruman Kannywood ina son inyi aiki tare da Rahama Sadau - Inji fitacciyar jarumar Nollywood,0,0,0,1,0,0,hau,a cikin jaruman kannywood ina son inyi aiki tare da rahama sadau inji fitacciyar jarumar nollywood
hau_train_track_a_01762,allah yakawo mana daukin wannar annoba guda ta covid ta cuta data covid ta yunwa,0,0,1,0,1,0,hau,allah yakawo mana daukin wannar annoba guda ta covid ta cuta data covid ta yunwa
hau_train_track_a_01763,wannan ai hine sama murna kasamurna,0,0,0,1,0,0,hau,wannan ai hine sama murna kasamurna
hau_train_track_a_01764,Gaskiya a matsayina na Dan Nigeria naji Dadi sosai yadda Dubai suka taya kasata murnar cikarta shekara 60 da samun yancin Kai wlhi naji Dadi sosai Allah Allah ya bar zuminchi Dubai🙏,0,0,0,1,0,0,hau,gaskiya a matsayina na dan nigeria naji dadi sosai yadda dubai suka taya kasata murnar cikarta shekara 60 da samun yancin kai wlhi naji dadi sosai allah allah ya bar zuminchi dubai🙏
hau_train_track_a_01765,"Sojoji sun kashe 'yan bindiga 3, sun kwato makamai a Taraba",0,0,0,1,0,0,hau,sojoji sun kashe yan bindiga 3 sun kwato makamai a taraba
hau_train_track_a_01766,Sabbin sarakunan yanka: Jerin kananan hukumomin da zasu kasance a karkashin sarki Sanusi II,0,0,0,0,0,0,hau,sabbin sarakunan yanka jerin kananan hukumomin da zasu kasance a karkashin sarki sanusi ii
hau_train_track_a_01767,Gumin hammatar ta ya zuba cikin qullin kosai,0,1,0,0,0,0,hau,gumin hammatar ta ya zuba cikin qullin kosai
hau_train_track_a_01768,Ya ballamusu doka! Dole su goge! Yayi accepting dokokinsu kafin ya bude shafin! Babu am fanin iko da gwamnati a hanashi aiki! Su ba corrupt mutane ne kamar mu ba kowa yayi sai ammasa! An da katar da trump ma🤦🏼‍♂️,1,0,0,0,0,0,hau,ya ballamusu doka dole su goge yayi accepting dokokinsu kafin ya bude shafin babu am fanin iko da gwamnati a hanashi aiki su ba corrupt mutane ne kamar mu ba kowa yayi sai ammasa an da katar da trump ma🤦🏼‍♂️
hau_train_track_a_01769,Mu in anka hana Hijab 🧕🏻 kasarmu ai sai tashin duniya 😂😂😂,0,0,0,0,0,0,hau,mu in anka hana hijab 🧕🏻 kasarmu ai sai tashin duniya 😂😂😂
hau_train_track_a_01770,Gobnati na tsoron ya mutu a hannun ta ne kawai 👌,0,0,1,0,0,0,hau,gobnati na tsoron ya mutu a hannun ta ne kawai 👌
hau_train_track_a_01771,Toh su yan majalisa wasu irin muta nai neh sun gama uban da zai biya bashin a kawo sun di ba rabon su😥,1,0,0,0,0,0,hau,toh su yan majalisa wasu irin muta nai neh sun gama uban da zai biya bashin a kawo sun di ba rabon su😥
hau_train_track_a_01772,LGBT 🏳️‍🌈 Wa’iyazubillah Allah ya shiryeki shirin addini 😢😢,0,1,0,0,0,0,hau,lgbt 🏳️‍🌈 wa’iyazubillah allah ya shiryeki shirin addini 😢😢
hau_train_track_a_01773,Gaskia baxa ayi sak ba wake da shinkafa za ayii na zabe nigeria 🇳🇬,0,0,0,0,0,0,hau,gaskia baxa ayi sak ba wake da shinkafa za ayii na zabe nigeria 🇳🇬
hau_train_track_a_01774,"Imagine 12 years girl raped by 12 persons over 2month, ayam sorry to asked, like how kidnapping dinta sukayi suka daureta daki over 2month kokuwa. Plz dan Allah inason qarin haske.💔😭",0,0,0,0,1,1,hau,imagine 12 years girl raped by 12 persons over 2month ayam sorry to asked like how kidnapping dinta sukayi suka daureta daki over 2month kokuwa plz dan allah inason qarin haske💔😭
hau_train_track_a_01775,daga brunei tazo ne,0,0,0,0,0,1,hau,daga brunei tazo ne
hau_train_track_a_01776,Yau ranar kaza gobe ranar kaza yen yen yen..saimuga yazusuyi idan ranakun suka kare abubuwan yin basu kare ba🤣🤣🤣🤣,1,0,0,0,0,0,hau,yau ranar kaza gobe ranar kaza yen yen yensaimuga yazusuyi idan ranakun suka kare abubuwan yin basu kare ba🤣🤣🤣🤣
hau_train_track_a_01777,Wasu maza 2 da suka yiwa wata mace ta'asa da adda sun gamu da fushin kotu,0,1,0,0,1,0,hau,wasu maza 2 da suka yiwa wata mace taasa da adda sun gamu da fushin kotu
hau_train_track_a_01778,"Zuwan COVID-19 wa'azine a garemu, ya kamata mu koma ga Allah - Gwamna Sanwo-Olu",0,0,1,0,0,0,hau,zuwan covid19 waazine a garemu ya kamata mu koma ga allah gwamna sanwoolu
hau_train_track_a_01779,Dama baya Sawa kenan ❓❓👈,0,0,0,0,0,1,hau,dama baya sawa kenan ❓❓👈
hau_train_track_a_01780,Allah yasa dae ba cutarmu za ayi ba🤔,0,0,1,0,0,1,hau,allah yasa dae ba cutarmu za ayi ba🤔
hau_train_track_a_01781,🙄🤣😂toh yanxu wa kuke tsammanin ya baku amsa a matsayinku na iyan jarida?,0,0,0,0,0,1,hau,🙄🤣😂toh yanxu wa kuke tsammanin ya baku amsa a matsayinku na iyan jarida
hau_train_track_a_01782,duk da anhana su shigowa kano din‍️‍️,0,0,0,0,0,1,hau,duk da anhana su shigowa kano din‍️‍️
hau_train_track_a_01783,An fito da kayan Mahaukacin mutumin nan na kan bola bayan anyi masa wanka suna wari wani hamami yana tashi.,0,1,0,0,0,0,hau,an fito da kayan mahaukacin mutumin nan na kan bola bayan anyi masa wanka suna wari wani hamami yana tashi
hau_train_track_a_01784,ke mace ce pha ko kallon namiji kikeyi mata ne,0,0,0,0,0,1,hau,ke mace ce pha ko kallon namiji kikeyi mata ne
hau_train_track_a_01785,Alheran Gwamna Babagana Zulum daga bakin Abdallah Gadon-Kaya,0,0,0,1,0,0,hau,alheran gwamna babagana zulum daga bakin abdallah gadonkaya
hau_train_track_a_01786,😭😭😭 Innalillahi Wa inna’ilaihir Raji’un!!! 😭😭🙏🏻 Allah katsare mutanenmu Da Yan uwanmu Da dukkan Al-Ummar ANNABI صل الله عليه وسلم,0,0,1,0,1,0,hau,😭😭😭 innalillahi wa inna’ilaihir raji’un 😭😭🙏🏻 allah katsare mutanenmu da yan uwanmu da dukkan alummar annabi صل الله عليه وسلم
hau_train_track_a_01787,Ko banza dai Covid_19 ta hana clubing da sauran aikin banza😂,0,0,0,1,0,0,hau,ko banza dai covid19 ta hana clubing da sauran aikin banza😂
hau_train_track_a_01788,‘Yan bindiga: Mutum 50 ake tsoron an kashe a karamar Hukumar Faskari,0,0,1,0,0,0,hau,‘yan bindiga mutum 50 ake tsoron an kashe a karamar hukumar faskari
hau_train_track_a_01789,Yadda yaran masu kudi ke jin dadi,0,0,0,0,0,0,hau,yadda yaran masu kudi ke jin dadi
hau_train_track_a_01790,Sharhi da nazari kan fim din The Lord of the Ring,0,0,0,0,0,0,hau,sharhi da nazari kan fim din the lord of the ring
hau_train_track_a_01791,A daina kwatanta ayyukana da na sauran gwamnoni —Zulum,0,0,0,0,0,0,hau,a daina kwatanta ayyukana da na sauran gwamnoni —zulum
hau_train_track_a_01792,Tashin hankali: 'Yan ruwa sun kashe budurwa a lokacin da ake yi mata wankan shiga addinin Kirista,0,0,1,0,1,1,hau,tashin hankali yan ruwa sun kashe budurwa a lokacin da ake yi mata wankan shiga addinin kirista
hau_train_track_a_01793,"Wasu yan Mata a body schools sun Kira wani mai alewa da nufin xasu masa juyel ya shiga cikin hostel suka tseyi alewan gaba daya, sukace sai ya musu wani Abu, yace me, sukace jimai , yace aa, suka rufe kofa suka danneci, suka masa fyade, sabida yawansu sai da ya mutu😪😪",0,1,0,0,1,0,hau,wasu yan mata a body schools sun kira wani mai alewa da nufin xasu masa juyel ya shiga cikin hostel suka tseyi alewan gaba daya sukace sai ya musu wani abu yace me sukace jimai yace aa suka rufe kofa suka danneci suka masa fyade sabida yawansu sai da ya mutu😪😪
hau_train_track_a_01794,😂to meye na nemanta...? Tunda ba kaza ba ce ko rago da za'ayi gaba da ita akai gida🏃 kawai aje daji a bincika,0,0,0,0,0,0,hau,😂to meye na nemanta tunda ba kaza ba ce ko rago da zaayi gaba da ita akai gida🏃 kawai aje daji a bincika
hau_train_track_a_01795,Ya yi zawo a wandonsa,0,1,0,0,0,0,hau,ya yi zawo a wandonsa
hau_train_track_a_01796,Rundunar sojin kasar Jamus ta yi alkawarin taimakawa rundunar sojin Najeriya wajen yaki da ta’adanci,0,0,0,1,0,0,hau,rundunar sojin kasar jamus ta yi alkawarin taimakawa rundunar sojin najeriya wajen yaki da ta’adanci
hau_train_track_a_01797,Mtswwww meye abun gwaninta anan ?? Sun Sha wahala a aikin banxa da zuwa sukayi suka siyo wata dabbar ba shikenan ba 🙄😎,1,0,0,0,0,0,hau,mts meye abun gwaninta anan sun sha wahala a aikin banxa da zuwa sukayi suka siyo wata dabbar ba shikenan ba 🙄😎
hau_train_track_a_01798,Gaskiya bamuji dadin cire bosho ba wllh. 😔,0,0,0,0,1,0,hau,gaskiya bamuji dadin cire bosho ba wllh 😔
hau_train_track_a_01799,i ko sai allah to meye dalili,0,0,0,0,0,1,hau,i ko sai allah to meye dalili
hau_train_track_a_01800,Menene kuma 'bam'🙄 wlh natsani abun haushi,1,0,0,0,0,0,hau,menene kuma bam🙄 wlh natsani abun haushi
hau_train_track_a_01801,to shi kuma ta ina zeyi anfani,0,0,0,0,0,1,hau,to shi kuma ta ina zeyi anfani
hau_train_track_a_01802,Muna fatar alheri.💟💟💟,0,0,0,1,0,0,hau,muna fatar alheri💟💟💟
hau_train_track_a_01803,Kuma shugaba Buhari yakasa yin komai akan wannan Al'amarin tir gsky Akwai Matsala wlh 😓😓🚶🚶🚶,1,0,0,0,1,0,hau,kuma shugaba buhari yakasa yin komai akan wannan alamarin tir gsky akwai matsala wlh 😓😓🚶🚶🚶
hau_train_track_a_01804,Wurin da suke girki kai kace bolace saboda rashin tsafta.,0,1,0,0,0,0,hau,wurin da suke girki kai kace bolace saboda rashin tsafta
hau_train_track_a_01805,"Innalillahi wa inna ilaihi rajiun.. Rahama kiji tsoron Allah s.w.t ki dena sanya irin wadannan pictures a kafafen sadarwa a matsayinki na musulma, ki tuna da mutuwa, Kuma sam ba alkhairi akan tsinuwarda al'umma ke maki😭😭😭",1,0,1,0,1,0,hau,innalillahi wa inna ilaihi rajiun rahama kiji tsoron allah swt ki dena sanya irin wadannan pictures a kafafen sadarwa a matsayinki na musulma ki tuna da mutuwa kuma sam ba alkhairi akan tsinuwarda alumma ke maki😭😭😭
hau_train_track_a_01806,Aisu shuwagaban nin sun san yadda aka sacesu.ta inda aka hau ta nan za sauko🙏,0,0,0,0,1,0,hau,aisu shuwagaban nin sun san yadda aka sacesuta inda aka hau ta nan za sauko🙏
hau_train_track_a_01807,Anyi baikon kyakkyawar yar sarkin Dubai Latifa,0,0,0,1,0,0,hau,anyi baikon kyakkyawar yar sarkin dubai latifa
hau_train_track_a_01808,ashe nima zan iya yin waka,0,0,0,0,0,1,hau,ashe nima zan iya yin waka
hau_train_track_a_01809,abun mamaki bare taba karewa bah,0,0,0,0,0,1,hau,abun mamaki bare taba karewa bah
hau_train_track_a_01810,"😂😂😂 toh Oga Director , muna ma fatan alkhairi, ba mamaki gayyatar na nan tafe",0,0,0,1,0,0,hau,😂😂😂 toh oga director muna ma fatan alkhairi ba mamaki gayyatar na nan tafe
hau_train_track_a_01811,Da Na kai shara bayan an zubar da sharan se naga fari tsutsa manya da ruwa me datti a cikin guga sharan,0,1,0,0,0,0,hau,da na kai shara bayan an zubar da sharan se naga fari tsutsa manya da ruwa me datti a cikin guga sharan
hau_train_track_a_01812,inna lillahi wa inna ilaihi raajioonya allah ka bamu zaman lafiya aqasarmu najeriya da kuma duniya bakidaya,0,0,1,0,1,0,hau,inna lillahi wa inna ilaihi raajioonya allah ka bamu zaman lafiya aqasarmu najeriya da kuma duniya bakidaya
hau_train_track_a_01813,Hankali ya tashi yayin da wasu da ake zargi 'yan fashi ne suka yi ruwan harsasai a kan sarkin Ekiti,1,0,1,0,0,0,hau,hankali ya tashi yayin da wasu da ake zargi yan fashi ne suka yi ruwan harsasai a kan sarkin ekiti
hau_train_track_a_01814,Ruwan sama ya daki wannan sabon kashin na kasa wucewa ta wajen,0,1,0,0,0,0,hau,ruwan sama ya daki wannan sabon kashin na kasa wucewa ta wajen
hau_train_track_a_01815,Masha Allah Congratulations Allah yataya riko Sabon Sarki AMBASSADOR AHMED NUHU BAMALLI 🎊🎉🙏,0,0,0,1,0,0,hau,masha allah congratulations allah yataya riko sabon sarki ambassador ahmed nuhu bamalli 🎊🎉🙏
hau_train_track_a_01816,"Rikicin APC a jihar Kaduna: El-Rufai ya shirya kwashe inasa-inasa daga gidan gwamnati, zanyi takara insha Allahu – Shehu Sani",0,0,0,0,0,0,hau,rikicin apc a jihar kaduna elrufai ya shirya kwashe inasainasa daga gidan gwamnati zanyi takara insha allahu – shehu sani
hau_train_track_a_01817,Muna😂😂farin ciki #film_din_labarina💖yafara dawowa maudu'in da aka katashi #God_bless_you_AMEENU_SAIRA,0,0,0,1,0,0,hau,muna😂😂farin ciki filmdinlabarina💖yafara dawowa mauduin da aka katashi godblessyouameenusaira
hau_train_track_a_01818,To mudai anan abunda muke roƙon ubangiji shine yaƙara karemu ya yaye mana wannan musiba afaɗin Duniya 🌏 waɗanda takama ya kuma basu lafiya Ameen 🤲,0,0,1,0,1,0,hau,to mudai anan abunda muke roƙon ubangiji shine yaƙara karemu ya yaye mana wannan musiba afaɗin duniya 🌏 waɗanda takama ya kuma basu lafiya ameen 🤲
hau_train_track_a_01819,tabb wlh guntule musu kai zasuyi,0,0,1,0,0,0,hau,tabb wlh guntule musu kai zasuyi
hau_train_track_a_01820,Wallahi abunda ka iya kenan sae yawo da gajeran wando acikin yan cikin ka wae kai anan kana koya musu rawa 😎😎 mtswww Allah ya wadaran naka ya lalace #SecureTheNorth #SecureNorthNow #SecureTheNorth #SecureTheNorth #SecureTheNorth #SecureTheNorth ##URL##,1,0,0,0,0,0,hau,wallahi abunda ka iya kenan sae yawo da gajeran wando acikin yan cikin ka wae kai anan kana koya musu rawa 😎😎 mtswww allah ya wadaran naka ya lalace securethenorth securenorthnow securethenorth securethenorth securethenorth securethenorth url
hau_train_track_a_01821,Addu’ar Neman Ganin ANNABI صل الله عليه وسلم 😭😭😭📿,0,0,0,0,0,0,hau,addu’ar neman ganin annabi صل الله عليه وسلم 😭😭😭📿
hau_train_track_a_01822,Ban taba tunanin zan yi tashe kamar haka ba —Azeema,0,0,0,1,0,1,hau,ban taba tunanin zan yi tashe kamar haka ba —azeema
hau_train_track_a_01823,Toooooh😲😲😲😲mu kd mucigaba da addu a,0,0,1,0,0,1,hau,toooooh😲😲😲😲mu kd mucigaba da addu a
hau_train_track_a_01824,Jaririn ya lashe kwantsar idon uwarsa,0,1,0,0,0,0,hau,jaririn ya lashe kwantsar idon uwarsa
hau_train_track_a_01825,Akawo Langeriya Ya yadda ake fesha Rashin kunya Yaga takararrun Yan iska 🤪,1,0,0,0,0,0,hau,akawo langeriya ya yadda ake fesha rashin kunya yaga takararrun yan iska 🤪
hau_train_track_a_01826,Wannan maganar tayi mana zafi fiye da kayen da mukasha😭,1,0,0,0,1,0,hau,wannan maganar tayi mana zafi fiye da kayen da mukasha😭
hau_train_track_a_01827,Shugaban masu gaskiyar jahar kano gaba daya 😢😢😢😢😢 an dai ji kunya wlh ana tsufa ana kara fadawa 🔥🔥🔥🔥,1,1,0,0,1,0,hau,shugaban masu gaskiyar jahar kano gaba daya 😢😢😢😢😢 an dai ji kunya wlh ana tsufa ana kara fadawa 🔥🔥🔥🔥
hau_train_track_a_01828,Anyya buba galadima yanada lfy kuwa 🤔,0,0,0,0,0,1,hau,anyya buba galadima yanada lfy kuwa 🤔
hau_train_track_a_01829,Ambaliya: Kungiyar Likitoci na fargabar barkewar annoba a Najeriya,0,0,1,0,0,0,hau,ambaliya kungiyar likitoci na fargabar barkewar annoba a najeriya
hau_train_track_a_01830,"Kanwar Gwamnan Gombe, Hajiya Aisha Yahaya, Ta Rasu, Shugaba Buhari YA Yi Ta'aziyya",0,0,0,0,1,0,hau,kanwar gwamnan gombe hajiya aisha yahaya ta rasu shugaba buhari ya yi taaziyya
hau_train_track_a_01831,Ina tayaku farin ciki! 💃💃,0,0,0,1,0,0,hau,ina tayaku farin ciki 💃💃
hau_train_track_a_01832,Koh dai Dan Nigeria yaje chan😂😂,0,0,0,0,0,0,hau,koh dai dan nigeria yaje chan😂😂
hau_train_track_a_01833,a ss kullum inajin friends dina suna cewa malamar biology dinnan harija ce saboda bata gajiya da koyarwa idan tashigo aji nikuma bansan mesuke nufi da kalmar harija ba saina tambayesu sai sukacemin wai na tambayeta was almost ask her whats the meaning of harija,0,0,0,0,0,0,hau,a ss kullum inajin friends dina suna cewa malamar biology dinnan harija ce saboda bata gajiya da koyarwa idan tashigo aji nikuma bansan mesuke nufi da kalmar harija ba saina tambayesu sai sukacemin wai na tambayeta was almost ask her whats the meaning of harija
hau_train_track_a_01834,"Yan bindiga sun yi barazanar lalata da diyarmu idan bamu kai kudi ba, Iyayen budurwa",0,0,1,0,1,0,hau,yan bindiga sun yi barazanar lalata da diyarmu idan bamu kai kudi ba iyayen budurwa
hau_train_track_a_01835,Yayi wanka da ruwan rafin da Yan gari ke bahaya a ciki,0,1,0,0,0,0,hau,yayi wanka da ruwan rafin da yan gari ke bahaya a ciki
hau_train_track_a_01836,"Allah ya yi wa Kilishin Katsina, Alhaji Iro Sabe rasuwa",0,0,0,0,1,0,hau,allah ya yi wa kilishin katsina alhaji iro sabe rasuwa
hau_train_track_a_01837,What is Fina finan karuwanci for goodness sake🤦🏿‍♀️,1,1,0,0,0,0,hau,what is fina finan karuwanci for goodness sake🤦🏿‍♀️
hau_train_track_a_01838,Allah ya isah Allah ya isah Allah ya isah Wlh wlh wlh............. Sai shuwagabannin mu sun shiga wuta wannan zalinci ne dabbanci ne jahilcine da dakikanta da karanchin ilimin addini wannan yahudanchi me 😠 Allah kanaji kana gani Allah ka saka mana Allah ka dauki ransu basai su,1,0,0,0,0,0,hau,allah ya isah allah ya isah allah ya isah wlh wlh wlh sai shuwagabannin mu sun shiga wuta wannan zalinci ne dabbanci ne jahilcine da dakikanta da karanchin ilimin addini wannan yahudanchi me 😠 allah kanaji kana gani allah ka saka mana allah ka dauki ransu basai su
hau_train_track_a_01839,Allah yakawo mana mafita arayuwar mu 🙏🙏,0,0,1,0,1,0,hau,allah yakawo mana mafita arayuwar mu 🙏🙏
hau_train_track_a_01840,Durin uwarsu har petur din😡😡,1,0,0,0,0,0,hau,durin uwarsu har petur din😡😡
hau_train_track_a_01841,allah ya fitar da mu a cikin wannan iftila i albarkacin annabi muhammad s a w,0,0,1,0,0,0,hau,allah ya fitar da mu a cikin wannan iftila i albarkacin annabi muhammad s a w
hau_train_track_a_01842,Gwamnonin APC sun taya Buhari murnar cika shekaru 78 a duniya,0,0,0,1,0,0,hau,gwamnonin apc sun taya buhari murnar cika shekaru 78 a duniya
hau_train_track_a_01843,Kiristoci su daina saki inji Fasto Crist,0,0,0,0,0,0,hau,kiristoci su daina saki inji fasto crist
hau_train_track_a_01844,"Allah ya kawo mana mafuta a wannan runtsi da muke ciki, Albarkacin wannan watan Mai Alfarma 😰",0,0,1,0,1,0,hau,allah ya kawo mana mafuta a wannan runtsi da muke ciki albarkacin wannan watan mai alfarma 😰
hau_train_track_a_01845,karyar banza kawai idan da gaskene ina kudin suke kullun burinku kutafi rantowa kasar kudin bashi kuna raba daidai da dukiyar kasa,1,1,0,0,1,0,hau,karyar banza kawai idan da gaskene ina kudin suke kullun burinku kutafi rantowa kasar kudin bashi kuna raba daidai da dukiyar kasa
hau_train_track_a_01846,Allah ya kare: Mummunar gobara ta yi barna a garin Bogocho,0,0,1,0,1,0,hau,allah ya kare mummunar gobara ta yi barna a garin bogocho
hau_train_track_a_01847,"Ai muddun kanaso kaga shugaba Buhari ya ɗauki matakin gaggawa ayi batu akan wani abu da zai nemi taɓa lafiyarsa ya rabashi da fadar gwamnati (Villa) koda na kwana ɗaya ne kuwa, wallahi da ace Buhari na son al'ummar Najeriya kwatan kwacin yadda yakeson fadar gwamɓati da an huta.🚶",1,0,0,0,1,0,hau,ai muddun kanaso kaga shugaba buhari ya ɗauki matakin gaggawa ayi batu akan wani abu da zai nemi taɓa lafiyarsa ya rabashi da fadar gwamnati villa koda na kwana ɗaya ne kuwa wallahi da ace buhari na son alummar najeriya kwatan kwacin yadda yakeson fadar gwamɓati da an huta🚶
hau_train_track_a_01848,"Allah ya la'anci Najeriya shiyasa komai ya lalace, Tsohon wazirin Katsina ya kafa hujja da Alkur'ani",1,0,0,0,1,0,hau,allah ya laanci najeriya shiyasa komai ya lalace tsohon wazirin katsina ya kafa hujja da alkurani
hau_train_track_a_01849,Rahama Sadau ta ƙaro wulaƙanci: Kalli wasu kyawawan Hotunan ta,0,0,0,1,0,0,hau,rahama sadau ta ƙaro wulaƙanci kalli wasu kyawawan hotunan ta
hau_train_track_a_01850,Yaro yana cin tsutsotsi daga cikin rubabben kwai,0,1,0,0,0,0,hau,yaro yana cin tsutsotsi daga cikin rubabben kwai
hau_train_track_a_01851,Da Ɗumi-Ɗumi: Allah Ya Yi Wa Ɗan Fasto Enoch Adeboye Rasuwa,0,0,0,0,1,0,hau,da ɗumiɗumi allah ya yi wa ɗan fasto enoch adeboye rasuwa
hau_train_track_a_01852,"Ya Rabbul Alamin, ka kawo mana karshen wannan annobar dake damun mu. Amin.🤲",0,0,1,0,0,0,hau,ya rabbul alamin ka kawo mana karshen wannan annobar dake damun mu amin🤲
hau_train_track_a_01853,kabilar Amish: Amurkawan da ba ruwansu da kayan kere-kere na zamani,0,0,0,0,0,1,hau,kabilar amish amurkawan da ba ruwansu da kayan kerekere na zamani
hau_train_track_a_01854,ta nan kuma kuka ɓullo,0,0,0,0,0,1,hau,ta nan kuma kuka ɓullo
hau_train_track_a_01855,abun mamaki takaici da dariya baya karewa a nigeria wannan wane irin labari ne,0,0,0,0,0,1,hau,abun mamaki takaici da dariya baya karewa a nigeria wannan wane irin labari ne
hau_train_track_a_01856,abu zeyi dadi sosai gaskiya,0,0,0,1,0,0,hau,abu zeyi dadi sosai gaskiya
hau_train_track_a_01857,allah yajikan gogarman zakii,0,0,0,0,1,0,hau,allah yajikan gogarman zakii
hau_train_track_a_01858,Wai kano kullum magana daya 🤔🤔🤔,0,0,0,0,0,1,hau,wai kano kullum magana daya 🤔🤔🤔
hau_train_track_a_01859,"Ana Fuskantar Barazanar Kwantai, Neman Masu Sayen Danyen Man Najeriya Yayi Wahala",0,0,1,0,0,0,hau,ana fuskantar barazanar kwantai neman masu sayen danyen man najeriya yayi wahala
hau_train_track_a_01860,Wata mata ta saka rigar yarta a bokiti bayan tayi kashi,0,1,0,0,0,0,hau,wata mata ta saka rigar yarta a bokiti bayan tayi kashi
hau_train_track_a_01861,Allah kayayemana katsinawa mun shiga 3😱😫😱😫,0,0,1,0,0,0,hau,allah kayayemana katsinawa mun shiga 3😱😫😱😫
hau_train_track_a_01862,Allah Ubangiji yakara Karewa daii 🙏 🙏,0,0,0,0,1,0,hau,allah ubangiji yakara karewa daii 🙏 🙏
hau_train_track_a_01863,Bincike ya fallasa yadda masu hakar gwal ta bayan-fage su ke hura wutan rashin tsaro,0,1,0,0,0,0,hau,bincike ya fallasa yadda masu hakar gwal ta bayanfage su ke hura wutan rashin tsaro
hau_train_track_a_01864,"In kana duniya Abun mamaki sai ishika, Ya Allah kayi maganinsu 🤲🏽",0,0,0,0,1,1,hau,in kana duniya abun mamaki sai ishika ya allah kayi maganinsu 🤲🏽
hau_train_track_a_01865,Shugaban wurin aiki ya ba na ƙasa da shi da ke tattaki zuwa wurin aiki kyautar mota,0,0,0,1,0,1,hau,shugaban wurin aiki ya ba na ƙasa da shi da ke tattaki zuwa wurin aiki kyautar mota
hau_train_track_a_01866,Innalillahi Wainna Ilaihir Raji'un 😭😭😭😭😭😭😭😭 Ya Allah Forgive Us And Bring Peace In Our Country.Amin #ZabarmariMassacre ##URL##,0,0,1,0,1,0,hau,innalillahi wainna ilaihir rajiun 😭😭😭😭😭😭😭😭 ya allah forgive us and bring peace in our countryamin zabarmarimassacre url
hau_train_track_a_01867,Kowa yayi fada da damisa... tau bashida hankali 🤧 a garzaya dashi gidan mahaukata,0,0,0,0,0,0,hau,kowa yayi fada da damisa tau bashida hankali 🤧 a garzaya dashi gidan mahaukata
hau_train_track_a_01868,Anyanka dabbobi a kwata jini faca-faca ko ina,0,1,0,0,0,0,hau,anyanka dabbobi a kwata jini facafaca ko ina
hau_train_track_a_01869,Subahanallahi.. Allah ya yakawo mana karshen wanan masifan 💔,0,0,1,0,0,0,hau,subahanallahi allah ya yakawo mana karshen wanan masifan 💔
hau_train_track_a_01870,Wai Shi'a tafi Sunnah.🤔 Lallai ka koma Karatu Kuma Kamaida hankali Nonsense..😏,1,0,0,0,0,0,hau,wai shia tafi sunnah🤔 lallai ka koma karatu kuma kamaida hankali nonsense😏
hau_train_track_a_01871,Saucikin Bala hamami yake kamar mushe,0,1,0,0,0,0,hau,saucikin bala hamami yake kamar mushe
hau_train_track_a_01872,Allah ya taimakeki ya qara daukaki. Wannan farin cikin arewa ne sosai kuma Alhamdulillahi naga duk caligraphy din masu haskaka zuciya ne gaskiya am happy 😊,0,0,0,1,0,0,hau,allah ya taimakeki ya qara daukaki wannan farin cikin arewa ne sosai kuma alhamdulillahi naga duk caligraphy din masu haskaka zuciya ne gaskiya am happy 😊
hau_train_track_a_01873,Wlh dazara kaga wanann kaga shaidan sak babu banbanci no wonder he has evil 👿 face wlh. Look at him very well,1,1,0,0,0,0,hau,wlh dazara kaga wanann kaga shaidan sak babu banbanci no wonder he has evil 👿 face wlh look at him very well
hau_train_track_a_01874,"Ciwon kafar ɗan talle yazama gulando, sai ruwan ɗiwa yake fitarwa",0,1,0,0,0,0,hau,ciwon kafar ɗan talle yazama gulando sai ruwan ɗiwa yake fitarwa
hau_train_track_a_01875,Mu dai munga ta kanmu 😟,0,0,0,0,1,0,hau,mu dai munga ta kanmu 😟
hau_train_track_a_01876,Yan Bindiga Sun Kai Hari Kauyuka Sun Kashe Mutane da Dama Tare da Sace Wasu a Sokoto,0,0,1,0,0,0,hau,yan bindiga sun kai hari kauyuka sun kashe mutane da dama tare da sace wasu a sokoto
hau_train_track_a_01877,"Talaka ya waye ynxuu, karyake kallon kowa fah🧐🧐🙂",0,0,0,1,0,0,hau,talaka ya waye ynxuu karyake kallon kowa fah🧐🧐🙂
hau_train_track_a_01878,"Yan bindiga sun kashe mutum 7 yan gida daya, da wasu mutum 17 a sabon harin jihar Kaduna",1,0,1,0,1,0,hau,yan bindiga sun kashe mutum 7 yan gida daya da wasu mutum 17 a sabon harin jihar kaduna
hau_train_track_a_01879,"Tirkashi: 'Yan daba sun sake tarwatsa wani taron APC a Kwara, sun lalata motoci",0,0,1,0,1,0,hau,tirkashi yan daba sun sake tarwatsa wani taron apc a kwara sun lalata motoci
hau_train_track_a_01880,Yanzu-yanzu: Rikici ya barke tsakanin Hausawa da Yarbawa a Iju-Ishaga,0,0,1,0,0,0,hau,yanzuyanzu rikici ya barke tsakanin hausawa da yarbawa a ijuishaga
hau_train_track_a_01881,"Sun bar Tarin wanke wanke, ƙudaje kuwa kamar sun sami sabon kashi",0,1,0,0,0,0,hau,sun bar tarin wanke wanke ƙudaje kuwa kamar sun sami sabon kashi
hau_train_track_a_01882,"Allah mai iko: Bayan shekara 7 da aure, wata mata ta haifi 'yan 5 a Arewa",0,0,0,1,0,1,hau,allah mai iko bayan shekara 7 da aure wata mata ta haifi yan 5 a arewa
hau_train_track_a_01883,Tab# Dama kin san wannan karatun Amma kike wannan abubuwan?Toh wlhy Kina ruwa 😭,0,0,0,0,1,1,hau,tab dama kin san wannan karatun amma kike wannan abubuwantoh wlhy kina ruwa 😭
hau_train_track_a_01884,Ruwan zufan hammatan mai shayin na shiga cikin tukunyan shayin,0,1,0,0,0,0,hau,ruwan zufan hammatan mai shayin na shiga cikin tukunyan shayin
hau_train_track_a_01885,"Kai bbc hausa, Gaskiya banyarda ba, Indai na sahihul bukhari aka ruwaito ba bazan yarda ba 🤣🤣",1,0,0,0,0,0,hau,kai bbc hausa gaskiya banyarda ba indai na sahihul bukhari aka ruwaito ba bazan yarda ba 🤣🤣
hau_train_track_a_01886,"Wata mata ta haɗa baki da masu garkuwa da mutane don a sace yaron kishiyarta, sai dai ƙaiƙayi ya koma kan masheƙiya",0,0,0,0,1,1,hau,wata mata ta haɗa baki da masu garkuwa da mutane don a sace yaron kishiyarta sai dai ƙaiƙayi ya koma kan masheƙiya
hau_train_track_a_01887,Tab! Sahun Sallah Kuma ya koma kamar ana Assembly a makaranta? 🤔 to Allah ya kawo mana dauki kana wannan bala'i,0,0,1,0,0,1,hau,tab sahun sallah kuma ya koma kamar ana assembly a makaranta 🤔 to allah ya kawo mana dauki kana wannan balai
hau_train_track_a_01888,innalillahi wainna ilaihirrajiun ya allah kadubi wannan baayi naka ka sanya musu nutsuwa da kwanciyar hankali a kasar su allah mu bayinka ne mun tuba ka gafarta mana ka jibinci lamuran mu ya waahidul qahhar,0,0,1,0,1,0,hau,innalillahi wainna ilaihirrajiun ya allah kadubi wannan baayi naka ka sanya musu nutsuwa da kwanciyar hankali a kasar su allah mu bayinka ne mun tuba ka gafarta mana ka jibinci lamuran mu ya waahidul qahhar
hau_train_track_a_01889,Yanzu-yanzu: Ƴan fashi sun kai hari gidan Abiola a Legas,0,0,1,0,0,0,hau,yanzuyanzu ƴan fashi sun kai hari gidan abiola a legas
hau_train_track_a_01890,Wallahy kullum sai famar yawo yake banta Jin angaiyaci buhari baijeba 😏,0,0,0,0,1,0,hau,wallahy kullum sai famar yawo yake banta jin angaiyaci buhari baijeba 😏
hau_train_track_a_01891,Zamfara: 'Yan bindiga sun tayar da wani ƙauye bayan sun yi wa mutum 7 kisar gilla,0,0,0,0,1,0,hau,zamfara yan bindiga sun tayar da wani ƙauye bayan sun yi wa mutum 7 kisar gilla
hau_train_track_a_01892,allah yajikan she darahama,0,0,0,0,1,0,hau,allah yajikan she darahama
hau_train_track_a_01893,"Yin rowa ga fastonka zai iya sa ka yi mutuwar kuruciya, Fasto ya ja kunnen SMAN",0,0,0,0,0,0,hau,yin rowa ga fastonka zai iya sa ka yi mutuwar kuruciya fasto ya ja kunnen sman
hau_train_track_a_01894,Allah ya kyauta: Bokan mu ne yace mu yanko masa kayuwan 'yan uwanmu zai bamu maganin samun kudi - Masu laifi,1,1,0,0,0,0,hau,allah ya kyauta bokan mu ne yace mu yanko masa kayuwan yan uwanmu zai bamu maganin samun kudi masu laifi
hau_train_track_a_01895,hasbunallahu waniimal wakil innalillahi wainna ilaihirrajiun allah ubangiji kawo mana qarshen masifar nan,0,0,1,0,1,0,hau,hasbunallahu waniimal wakil innalillahi wainna ilaihirrajiun allah ubangiji kawo mana qarshen masifar nan
hau_train_track_a_01896,"Kanwa uwar gami. Kai BBC kunga fa kuna wuce ka'ida, ba kuda aiki sai kawo karin maganar da zai gama Baba da Mutanen Nigeria. Ai kune kanwar uwar gami 😏😏😏",1,0,0,0,0,0,hau,kanwa uwar gami kai bbc kunga fa kuna wuce kaida ba kuda aiki sai kawo karin maganar da zai gama baba da mutanen nigeria ai kune kanwar uwar gami 😏😏😏
hau_train_track_a_01897,"Ya kamata a duba kwakwalwarka, kada Allah ya maimaita mana irin Buhari: Wike ga Umahi",1,0,0,0,0,0,hau,ya kamata a duba kwakwalwarka kada allah ya maimaita mana irin buhari wike ga umahi
hau_train_track_a_01898,Bandakin gidan su ya rufta ga tsutsotsi duk sun fito ga ruwan Masai Yana bin bango,0,1,0,0,0,0,hau,bandakin gidan su ya rufta ga tsutsotsi duk sun fito ga ruwan masai yana bin bango
hau_train_track_a_01899,"Shin na taba fadi zaben fidda gwani ne?, ina da tabbaci: Atiku ya yi alfahari",0,0,0,1,0,0,hau,shin na taba fadi zaben fidda gwani ne ina da tabbaci atiku ya yi alfahari
hau_train_track_a_01900,Bayin ya yi kaca-kaca da Kashi.,0,1,0,0,0,0,hau,bayin ya yi kacakaca da kashi
hau_train_track_a_01901,Ran maza ya maci 😡😡,1,0,0,0,0,0,hau,ran maza ya maci 😡😡
hau_train_track_a_01902,fatan alkairi zouwa ga zango ina jine dadi kalon fim kinka😦😦,0,0,0,1,0,0,hau,fatan alkairi zouwa ga zango ina jine dadi kalon fim kinka😦😦
hau_train_track_a_01903,kin gaji da shafakin da akeyi kenan,0,0,0,0,0,1,hau,kin gaji da shafakin da akeyi kenan
hau_train_track_a_01904,Ya allah kakawo karshen wannan masifar da ta addabi Nigeria. 🤲🤲,0,0,1,0,1,0,hau,ya allah kakawo karshen wannan masifar da ta addabi nigeria 🤲🤲
hau_train_track_a_01905,Hannun kuturun na fitar da diwa,0,1,0,0,0,0,hau,hannun kuturun na fitar da diwa
hau_train_track_a_01906,Buhari da Aisha na murnar shekara 30 da aure,0,0,0,1,0,0,hau,buhari da aisha na murnar shekara 30 da aure
hau_train_track_a_01907,Wallahi nayi farin ciki haka na kalli documentary din da BBC pidgin sukayi dashi with no sign of regret on him Allah ya kara tona masu asiri good job BBC 💪💪,0,0,0,1,0,0,hau,wallahi nayi farin ciki haka na kalli documentary din da bbc pidgin sukayi dashi with no sign of regret on him allah ya kara tona masu asiri good job bbc 💪💪
hau_train_track_a_01908,Yan daba sun sa mutane tsoma kafansu cikin masai,0,1,0,0,0,0,hau,yan daba sun sa mutane tsoma kafansu cikin masai
hau_train_track_a_01909,Mutumin da ya fi kowa fama da kadaici a duniya ya mutu,0,0,0,0,1,0,hau,mutumin da ya fi kowa fama da kadaici a duniya ya mutu
hau_train_track_a_01910,Allah-daya-gari-banban: An hallata sayar da tabar wiwi a Amurka,0,0,0,0,0,1,hau,allahdayagaribanban an hallata sayar da tabar wiwi a amurka
hau_train_track_a_01911,Wallahi wasu lokutan a nigeria kowayan mutum baya cika balinta na a ce ankera mota mai amfa na da wuta 😂,0,0,0,0,1,0,hau,wallahi wasu lokutan a nigeria kowayan mutum baya cika balinta na a ce ankera mota mai amfa na da wuta 😂
hau_train_track_a_01912,kudaje suna tabinshi saboda yayi Kashi a wando,0,1,0,0,0,0,hau,kudaje suna tabinshi saboda yayi kashi a wando
hau_train_track_a_01913,Tabb wai abacha kadai ne yayi sata 😂,0,0,0,0,0,0,hau,tabb wai abacha kadai ne yayi sata 😂
hau_train_track_a_01914,innalillahi waina ilaihim rajiu subhanailla ya allah karka kawo mana wannan balai da wannan mutum yake kawo mn shi ya allah ba zamu iya ba wllh allah ka iya mana,0,0,1,0,0,0,hau,innalillahi waina ilaihim rajiu subhanailla ya allah karka kawo mana wannan balai da wannan mutum yake kawo mn shi ya allah ba zamu iya ba wllh allah ka iya mana
hau_train_track_a_01915,Ana zargin kyanwa da yunkurin kashe tsohuwa,0,0,0,0,0,1,hau,ana zargin kyanwa da yunkurin kashe tsohuwa
hau_train_track_a_01916,Wannan ai cin fuskane akewa Baban wasu😁,1,0,0,0,0,0,hau,wannan ai cin fuskane akewa baban wasu😁
hau_train_track_a_01917,Mazauna Abuja sun fadi ra'ayoyinsu akan rashin bude makarantu a Birnin Tarayya,0,0,0,0,0,0,hau,mazauna abuja sun fadi raayoyinsu akan rashin bude makarantu a birnin tarayya
hau_train_track_a_01918,Subhanallah: Jaridar Charlie Hebdo ta sake buga hotunan batanci ga Annabi Muhammadu (SAW),0,1,0,0,0,0,hau,subhanallah jaridar charlie hebdo ta sake buga hotunan batanci ga annabi muhammadu saw
hau_train_track_a_01919,Subhanallah Mugun ji mugun gani Allah ka tsare mu🙏🏻,0,0,1,0,0,0,hau,subhanallah mugun ji mugun gani allah ka tsare mu🙏🏻
hau_train_track_a_01920,Na samu alheri a sana’ar gwangwan – Aminu Tinka,0,0,0,1,0,0,hau,na samu alheri a sana’ar gwangwan – aminu tinka
hau_train_track_a_01921,Wllh kwamnatimu tachikasun banza🙄😏kaijamaa anbasu sunruki duk dahaka suna niman na bati,1,0,0,0,0,0,hau,wllh kwamnatimu tachikasun banza🙄😏kaijamaa anbasu sunruki duk dahaka suna niman na bati
hau_train_track_a_01922,and na tayaku murna tunda an maido maku,0,0,0,1,0,0,hau,and na tayaku murna tunda an maido maku
hau_train_track_a_01923,washh kashh muna ruwa ko kuma kusa da bakin kada,0,0,1,0,1,0,hau,washh kashh muna ruwa ko kuma kusa da bakin kada
hau_train_track_a_01924,"""""""""yan bura uba zaku gane shayi ruwa ne sai munci durin uwarku idan allah ya kaimu 2023, shaggu matsiyata nayi nadamar zaben wannan azzalumin har sau biyu 😭😭",1,0,0,0,0,0,hau,yan bura uba zaku gane shayi ruwa ne sai munci durin uwarku idan allah ya kaimu 2023 shaggu matsiyata nayi nadamar zaben wannan azzalumin har sau biyu 😭😭
hau_train_track_a_01925,Ashe shegen mijin hajiya ne 🤔🤔🤔,1,0,0,0,0,0,hau,ashe shegen mijin hajiya ne 🤔🤔🤔
hau_train_track_a_01926,"Fyade, kuma mutum 12 har tsawon wata biyu🙄",0,1,0,0,0,0,hau,fyade kuma mutum 12 har tsawon wata biyu🙄
hau_train_track_a_01927,😀😀 Dan kwallo mapi tsada da aka saya akan kudi naira dubu biyar,0,0,0,1,0,1,hau,😀😀 dan kwallo mapi tsada da aka saya akan kudi naira dubu biyar
hau_train_track_a_01928,"Dandutse: Ƴan Bindiga Sun Kashe Babban Soja da Wasu Jami'ai Biyu, Sun Tafka Ɓarna Kan Bayin Allah",0,0,0,0,1,0,hau,dandutse ƴan bindiga sun kashe babban soja da wasu jamiai biyu sun tafka ɓarna kan bayin allah
hau_train_track_a_01929,shiyasa kikayi sabon saurayi a london,0,0,0,0,0,1,hau,shiyasa kikayi sabon saurayi a london
hau_train_track_a_01930,Kano: Bashir Ahmed da Aisha Yesufu Sun Buga Kan Matakin Abba Kabir Game da Haramta Fim,0,0,0,0,0,1,hau,kano bashir ahmed da aisha yesufu sun buga kan matakin abba kabir game da haramta fim
hau_train_track_a_01931,Hanyoyi 5 na musamman da Musulmi zai bi ya shirya zuwa watan Ramadan Mai Albarka,0,0,0,1,0,0,hau,hanyoyi 5 na musamman da musulmi zai bi ya shirya zuwa watan ramadan mai albarka
hau_train_track_a_01932,Dele Momodu: Allah ne ya tanade ni na gaji Buhari a zaben 2023,0,0,0,0,0,0,hau,dele momodu allah ne ya tanade ni na gaji buhari a zaben 2023
hau_train_track_a_01933,"Allah Yayi wa Dr Ahmad Yakasai, MD na HML din 'Yan Sandan Najeriya, Rasuwa",0,0,0,0,1,0,hau,allah yayi wa dr ahmad yakasai md na hml din yan sandan najeriya rasuwa
hau_train_track_a_01934,Yanzu kam fa hassada zai fara shiga al amarin nan. 😬😬😬🤤,0,0,0,0,0,0,hau,yanzu kam fa hassada zai fara shiga al amarin nan 😬😬😬🤤
hau_train_track_a_01935,AMINTACCIYAR JARIDARKU ta wannan mako,0,0,0,0,0,0,hau,amintacciyar jaridarku ta wannan mako
hau_train_track_a_01936,Zaki iya samon Namujin kowari 🙏mai tsoron alla 👨Mai hankali ta bangaren moamalasa tare da in Mata 👳Mai tsapta akowane lokaci 😇Mai mormoshi akowane lokaci Saboda mormoshi yakan tsanya zocia fari 😎Alla yabaki she koda ne na,0,0,0,1,0,0,hau,zaki iya samon namujin kowari 🙏mai tsoron alla 👨mai hankali ta bangaren moamalasa tare da in mata 👳mai tsapta akowane lokaci 😇mai mormoshi akowane lokaci saboda mormoshi yakan tsanya zocia fari 😎alla yabaki she koda ne na
hau_train_track_a_01937,tabbas kuna ruwa tsundun,0,0,0,0,0,0,hau,tabbas kuna ruwa tsundun
hau_train_track_a_01938,Allah yayiwa Sheikh Abubakar Babantune Zaria rasuwa,0,0,0,0,1,0,hau,allah yayiwa sheikh abubakar babantune zaria rasuwa
hau_train_track_a_01939,"Innalillahi wa inna ilaihi rajiun! Sarkin Rano, Autan Bawo sa'i yayi 😢😭😭 Allahu ya ƙarbi baƙuncin ka Ya gafarta maka da rahma HRH Dr Tafida Abubakar Ila Ameen ya Rahmaan. ##URL##",0,0,0,0,1,0,hau,innalillahi wa inna ilaihi rajiun sarkin rano autan bawo sai yayi 😢😭😭 allahu ya ƙarbi baƙuncin ka ya gafarta maka da rahma hrh dr tafida abubakar ila ameen ya rahmaan url
hau_train_track_a_01940,alhmdlh allah ya tabbatar mana da alheri wannan niyyar da kika sa azuciya kik,0,0,0,1,0,0,hau,alhmdlh allah ya tabbatar mana da alheri wannan niyyar da kika sa azuciya kik
hau_train_track_a_01941,Allah ya kawo mana karshen wannan masifun Ameen 🙏,0,0,1,0,0,0,hau,allah ya kawo mana karshen wannan masifun ameen 🙏
hau_train_track_a_01942,Mutumin yana gogo jikin sa da tawul da aka goge yawun mai ciki,0,1,0,0,0,0,hau,mutumin yana gogo jikin sa da tawul da aka goge yawun mai ciki
hau_train_track_a_01943,Allah yasa dai kar a maimaita mana 2009 Zamanin Marigayi Umaru Musa🤦,0,0,1,0,0,0,hau,allah yasa dai kar a maimaita mana 2009 zamanin marigayi umaru musa🤦
hau_train_track_a_01944,Inna lillahi wa inna ilaihi raji'un 😥 Mudai muna ganin jarabawa a wannan kasa ya Allah ka kawo mana dauki.,0,0,1,0,1,0,hau,inna lillahi wa inna ilaihi rajiun 😥 mudai muna ganin jarabawa a wannan kasa ya allah ka kawo mana dauki
hau_train_track_a_01945,Yaron Baya wanka kafar shi tayi faso tana jini,0,1,0,0,0,0,hau,yaron baya wanka kafar shi tayi faso tana jini
hau_train_track_a_01946,INNALILLAHI WA INNA ALLAEHIM RAJU UM ALLAH yakawomuna karshen wannan masifan AMEEN 😭😭,0,0,1,0,1,0,hau,innalillahi wa inna allaehim raju um allah yakawomuna karshen wannan masifan ameen 😭😭
hau_train_track_a_01947,Fatan mu dai Allah zaunar mana da kasa lafiya. Masu zanga zanga kuma Allah basu hakuri. Tashin hankali baya kawo mafita ko yaushe. 👌🏽,0,0,1,0,1,0,hau,fatan mu dai allah zaunar mana da kasa lafiya masu zanga zanga kuma allah basu hakuri tashin hankali baya kawo mafita ko yaushe 👌🏽
hau_train_track_a_01948,congrats ina taya murna,0,0,0,1,0,0,hau,congrats ina taya murna
hau_train_track_a_01949,"Wai,,,, wannan sharbeben baki haka😁",0,0,0,0,0,1,hau,wai wannan sharbeben baki haka😁
hau_train_track_a_01950,Yara suna wasa a ban-daki da kwabebben zawo a moda,0,1,0,0,0,0,hau,yara suna wasa a bandaki da kwabebben zawo a moda
hau_train_track_a_01951,innalillahi wainnah ilaihi rajiun ya rabbi ka temaki musulunci da musulmai duniya,0,0,1,0,1,0,hau,innalillahi wainnah ilaihi rajiun ya rabbi ka temaki musulunci da musulmai duniya
hau_train_track_a_01952,Bai dace da addini da dabi'a ba - Dr Hakeem ya caccaki shigar sirikar Atiku a ranar aurenta,1,0,0,0,0,0,hau,bai dace da addini da dabia ba dr hakeem ya caccaki shigar sirikar atiku a ranar aurenta
hau_train_track_a_01953,Malam idan zakayi Hausa kayi fah dan mu wannan ba burgemu zaiyi ba🙄,1,0,0,0,0,0,hau,malam idan zakayi hausa kayi fah dan mu wannan ba burgemu zaiyi ba🙄
hau_train_track_a_01954,"Sanata Aliyu Wamako, dan takara Ahmed Aliyu sun taya Tambuwal murna",0,0,0,1,0,0,hau,sanata aliyu wamako dan takara ahmed aliyu sun taya tambuwal murna
hau_train_track_a_01955,Angulu take wanka 🤣🤣🤣,0,0,0,0,0,0,hau,angulu take wanka 🤣🤣🤣
hau_train_track_a_01956,"Ae kamata yayi ma su janye tallafinsu gaba ɗaya a kan Najeriya, kamar yadda Ita ma lanjeriyas bata iya tallafawa ƴaƴanta 👌",1,0,0,0,1,0,hau,ae kamata yayi ma su janye tallafinsu gaba ɗaya a kan najeriya kamar yadda ita ma lanjeriyas bata iya tallafawa ƴaƴanta 👌
hau_train_track_a_01957,"Hayaniya, fushi da cece-kuce bayan da aka yiwa soji 200 ritaya",1,0,0,0,1,0,hau,hayaniya fushi da cecekuce bayan da aka yiwa soji 200 ritaya
hau_train_track_a_01958,In Corona bata kashemu ba ƙaiƙayin jiki kau ya kashemu....🤓🥴🙄🤣🤪,1,0,0,0,1,0,hau,in corona bata kashemu ba ƙaiƙayin jiki kau ya kashemu🤓🥴🙄🤣🤪
hau_train_track_a_01959,"Hmm, suma yan Nigeria 🇳🇬, ku zauna a qasar ku, kun ki? Gashi yanzu ana ta kashe ku 😞",0,0,0,0,1,0,hau,hmm suma yan nigeria 🇳🇬 ku zauna a qasar ku kun ki gashi yanzu ana ta kashe ku 😞
hau_train_track_a_01960,Dan ubanku bazaku iya ba Trump babanki ne 🤣🤣,1,0,0,0,0,0,hau,dan ubanku bazaku iya ba trump babanki ne 🤣🤣
hau_train_track_a_01961,Dama Manya ma suna fada😅,0,0,0,0,0,1,hau,dama manya ma suna fada😅
hau_train_track_a_01962,Wanan al adace mara ma ana 🤪🤪,0,1,0,0,0,0,hau,wanan al adace mara ma ana 🤪🤪
hau_train_track_a_01963,Da mutumin yazo kusa dani Sai naji jikinsa na warı da ƙari Kamar wanda ya shekara bai wanka ba,0,1,0,0,0,0,hau,da mutumin yazo kusa dani sai naji jikinsa na warı da ƙari kamar wanda ya shekara bai wanka ba
hau_train_track_a_01964,"Hakane duk dai ne, amma sai ayi yanda mutane suka sabaji, kalmar mutuwa batada dadi dan haka bahaushe ya asirtata, Allah ubangiji yamashi rahama yasa aljannace makomarsa amin ya hayyu ya qayum 🙏",0,0,0,0,1,0,hau,hakane duk dai ne amma sai ayi yanda mutane suka sabaji kalmar mutuwa batada dadi dan haka bahaushe ya asirtata allah ubangiji yamashi rahama yasa aljannace makomarsa amin ya hayyu ya qayum 🙏
hau_train_track_a_01965,"This one weak me, Rahma na nema ma wani gafara 😂, well it's good to have hope sha...",0,0,0,1,0,0,hau,this one weak me rahma na nema ma wani gafara 😂 well its good to have hope sha
hau_train_track_a_01966,haba dai sister fa gaske wai kike,0,0,0,0,0,1,hau,haba dai sister fa gaske wai kike
hau_train_track_a_01967,Aikin banza idan mun fada din bamu zakuyi?🤔,1,0,0,0,0,0,hau,aikin banza idan mun fada din bamu zakuyi🤔
hau_train_track_a_01968,"Rainin wayo: Mai laifi ya zama mahaukacin karya, ya tsula fitsari cikin kotu",0,1,0,0,0,0,hau,rainin wayo mai laifi ya zama mahaukacin karya ya tsula fitsari cikin kotu
hau_train_track_a_01969,Mara lafiyan Yaro yayi Koren Amai me yauki,0,1,0,0,0,0,hau,mara lafiyan yaro yayi koren amai me yauki
hau_train_track_a_01970,Yan bindiga sun yi awon gaba da dumbin dalibai a makarantar sakandire a Katsina,0,0,1,0,1,0,hau,yan bindiga sun yi awon gaba da dumbin dalibai a makarantar sakandire a katsina
hau_train_track_a_01971,Sadau film na mati azazzau ya na a rai ki to allah tabata da alkairi🤲,0,0,0,0,0,0,hau,sadau film na mati azazzau ya na a rai ki to allah tabata da alkairi🤲
hau_train_track_a_01972,nan kuma kunka dawo,0,0,0,0,0,1,hau,nan kuma kunka dawo
hau_train_track_a_01973,Subhanallah! Ya allah ka cecemu😢,0,0,1,0,1,0,hau,subhanallah ya allah ka cecemu😢
hau_train_track_a_01974,Allah ya kawo mana karshen wan nan masifar Ameen🙏🏽,0,0,1,0,0,0,hau,allah ya kawo mana karshen wan nan masifar ameen🙏🏽
hau_train_track_a_01975,Fasinjoji 13 Sun Kone Kurmus a Wani Hadarin Mota da Ya Rutsa da Su a Enugu,0,0,0,0,1,0,hau,fasinjoji 13 sun kone kurmus a wani hadarin mota da ya rutsa da su a enugu
hau_train_track_a_01976,"Matar gidan sai a hankali, haka zata baza kayan wanke wanke tabarsu tsakar gida tumakai na bi abun ba kyawon gani.",0,1,0,0,0,0,hau,matar gidan sai a hankali haka zata baza kayan wanke wanke tabarsu tsakar gida tumakai na bi abun ba kyawon gani
hau_train_track_a_01977,Wannan shine wakar daban rawar daban😂🤣,0,0,0,1,0,0,hau,wannan shine wakar daban rawar daban😂🤣
hau_train_track_a_01978,"Subhanallah, wannan qasa tamu luran kullum qara lalacewa suke😢 Allah ya kawo mana gyara cikin gaggawa Allah ya bamu shuwagabanni masu tausayin al'ummarsu 🙌🙌🙏",0,0,1,0,1,0,hau,subhanallah wannan qasa tamu luran kullum qara lalacewa suke😢 allah ya kawo mana gyara cikin gaggawa allah ya bamu shuwagabanni masu tausayin alummarsu 🙌🙌🙏
hau_train_track_a_01979,"Muna yimusu fatan alkhairi, Allah yasa akare lafiya 🙏",0,0,0,1,0,0,hau,muna yimusu fatan alkhairi allah yasa akare lafiya 🙏
hau_train_track_a_01980,kaikaji wani news dan allah,0,0,0,0,0,1,hau,kaikaji wani news dan allah
hau_train_track_a_01981,Toh qarya akai muku?🤔,1,0,0,0,0,0,hau,toh qarya akai muku🤔
hau_train_track_a_01982,Tauraruwa mai wutsiya....jin ki da Ganin ki ba alheri ba 😂,0,0,0,0,0,0,hau,tauraruwa mai wutsiyajin ki da ganin ki ba alheri ba 😂
hau_train_track_a_01983,An Kama Wani Mutum Kan Kashe Matarsa Saboda Ta Ki Dafa Abincin da Ya Fi So,0,1,0,0,1,0,hau,an kama wani mutum kan kashe matarsa saboda ta ki dafa abincin da ya fi so
hau_train_track_a_01984,first time in history saudiya ta goyi bayan palestine,0,0,0,0,0,1,hau,first time in history saudiya ta goyi bayan palestine
hau_train_track_a_01985,"Yau aka kwashe masai ta gidan su, a diro diro da bukiti ake fita da kashi",0,1,0,0,0,0,hau,yau aka kwashe masai ta gidan su a diro diro da bukiti ake fita da kashi
hau_train_track_a_01986,"Allah yasa sun hutah, Nigeria 🇳🇬 Sai Allah. Allah ya kawo mana karshen wanan fitinan",0,0,1,0,1,0,hau,allah yasa sun hutah nigeria 🇳🇬 sai allah allah ya kawo mana karshen wanan fitinan
hau_train_track_a_01987,Emefiele: Za'a Gurfanar da Dakataccen Gwamnan CBN a Gaban Kotu,0,0,0,0,0,0,hau,emefiele zaa gurfanar da dakataccen gwamnan cbn a gaban kotu
hau_train_track_a_01988,Yarda ya harbe babansa babu abinda zai faru yayima girman Allah ya harbe Manjo kowama ya huta🚶‍♂️🚶‍♂️,1,0,0,0,0,0,hau,yarda ya harbe babansa babu abinda zai faru yayima girman allah ya harbe manjo kowama ya huta🚶‍♂️🚶‍♂️
hau_train_track_a_01989,mutuwar big sister aunty zahrau nayi kuka kamar baxan dai naba addua ta a ko da yaushe allah swt ya jadda da rahma kabarin ta ya albarkanci abin data bari astagfirullah,0,0,0,0,1,0,hau,mutuwar big sister aunty zahrau nayi kuka kamar baxan dai naba addua ta a ko da yaushe allah swt ya jadda da rahma kabarin ta ya albarkanci abin data bari astagfirullah
hau_train_track_a_01990,mtsww karyar banza,1,0,0,0,0,0,hau,mtsww karyar banza
hau_train_track_a_01991,"Bura uba za,ayo wayoyi mashayan wiwi kenan 😂😂",0,0,0,0,0,0,hau,bura uba zaayo wayoyi mashayan wiwi kenan 😂😂
hau_train_track_a_01992,An kama tsoho mai shekara 60 da yin lalata da ‘yar shekara 10,0,1,0,0,0,0,hau,an kama tsoho mai shekara 60 da yin lalata da ‘yar shekara 10
hau_train_track_a_01993,"Mahaukaciya Ta Haifi Jariri a Gaban Shagon Wata Mata, Jama’a Sun Shiga Mamaki",0,0,0,0,0,1,hau,mahaukaciya ta haifi jariri a gaban shagon wata mata jama’a sun shiga mamaki
hau_train_track_a_01994,allah swa yatsare gaba ina yimiki fatan alheri amin aamsaw,0,0,0,0,0,0,hau,allah swa yatsare gaba ina yimiki fatan alheri amin aamsaw
hau_train_track_a_01995,-sadau amma kinsha kwaya 💊 kika dauki pic nan😎😎,1,1,0,0,0,0,hau,sadau amma kinsha kwaya 💊 kika dauki pic nan😎😎
hau_train_track_a_01996,Hanya ba kyau🙄,0,0,0,0,0,0,hau,hanya ba kyau🙄
hau_train_track_a_01997,"Wato shi fa Baba Manjo kamar malamin makarantar allo ne, duk inda yaji anyi tsit, to nan zai tsulawa bulala😂😂😂",0,0,0,0,0,0,hau,wato shi fa baba manjo kamar malamin makarantar allo ne duk inda yaji anyi tsit to nan zai tsulawa bulala😂😂😂
hau_train_track_a_01998,Ya gama wanke masa rauni wai kuma ya sanya masa kyallen da aka cire daga jikin mai miki.,0,1,0,0,0,0,hau,ya gama wanke masa rauni wai kuma ya sanya masa kyallen da aka cire daga jikin mai miki
hau_train_track_a_01999,"Karamin Yaro Ya Yiwa Likita Kallon Uku Saura Kwata Bayan Ya Tsira Masa Allura, Bidiyon Ya Ba Da Mamaki",0,0,0,0,0,1,hau,karamin yaro ya yiwa likita kallon uku saura kwata bayan ya tsira masa allura bidiyon ya ba da mamaki
hau_train_track_a_02000,"Kalubale 😂😂😂😂 Allah ya sa mu dace, Al'amarin Corona yana da firgitarwa. Allah s Ami dace",0,0,1,0,0,0,hau,kalubale 😂😂😂😂 allah ya sa mu dace alamarin corona yana da firgitarwa allah s ami dace
hau_train_track_a_02001,Allah yakubutar dashi. 🙏🏻,0,0,1,0,1,0,hau,allah yakubutar dashi 🙏🏻
hau_train_track_a_02002,Sau uku mahaifina na yi min ciki —Diyar fasto,0,1,0,0,0,0,hau,sau uku mahaifina na yi min ciki —diyar fasto
hau_train_track_a_02003,Kyankyasu da kudin cizo Sun baibaye mutumin a Kan gadon shi,0,1,0,0,0,0,hau,kyankyasu da kudin cizo sun baibaye mutumin a kan gadon shi
hau_train_track_a_02004,"Motar Gidan Yari Ta Haddasa Hatsari, Matasa Sun Fusata a Jihar Osun",1,0,0,0,0,0,hau,motar gidan yari ta haddasa hatsari matasa sun fusata a jihar osun
hau_train_track_a_02005,nabi kulle da gudu‍️‍️,1,0,0,0,0,0,hau,nabi kulle da gudu‍️‍️
hau_train_track_a_02006,Cutar Diphtheria ta kashe yara 117 a Yobe,0,0,1,0,1,0,hau,cutar diphtheria ta kashe yara 117 a yobe
hau_train_track_a_02007,Akawai kunyar katshe 😂,0,0,0,0,0,0,hau,akawai kunyar katshe 😂
hau_train_track_a_02008,Allah ya kawo muso agajin gaggawa Dan darajar annabi 🤲🤲🤲,0,0,1,0,1,0,hau,allah ya kawo muso agajin gaggawa dan darajar annabi 🤲🤲🤲
hau_train_track_a_02009,Sojoji sun kashe wani babban kwamandan Boko Haram da wasu mayaka 14 a Borno,0,0,0,1,0,0,hau,sojoji sun kashe wani babban kwamandan boko haram da wasu mayaka 14 a borno
hau_train_track_a_02010,Kayan dattin yaran se zarni suke cikin dakin,0,1,0,0,0,0,hau,kayan dattin yaran se zarni suke cikin dakin
hau_train_track_a_02011,tabb wani aikin sai dai shuga wasu kasha shan amma banda tawa,0,0,0,0,0,1,hau,tabb wani aikin sai dai shuga wasu kasha shan amma banda tawa
hau_train_track_a_02012,Ammar nake jira yazo mu tatse hanjin akuyar.,0,1,0,0,0,0,hau,ammar nake jira yazo mu tatse hanjin akuyar
hau_train_track_a_02013,Gansa kuka ta kwanta a karkashin ruwan Kofin.,0,1,0,0,0,0,hau,gansa kuka ta kwanta a karkashin ruwan kofin
hau_train_track_a_02014,Waike komai kina saidawa 🤔,0,0,0,0,0,1,hau,waike komai kina saidawa 🤔
hau_train_track_a_02015,To Ana damfaran manya to Ina ga kuma Yara! 💪,0,0,0,0,0,0,hau,to ana damfaran manya to ina ga kuma yara 💪
hau_train_track_a_02016,"Ministan Tinubu Ya Nuna Gwamnan Arewa 1, Ya Bayyana Ayyukan Alherin da Yake Zuba Wa Talakawa",0,0,0,1,0,0,hau,ministan tinubu ya nuna gwamnan arewa 1 ya bayyana ayyukan alherin da yake zuba wa talakawa
hau_train_track_a_02017,Da akace bayaji 🤔,0,0,0,0,0,1,hau,da akace bayaji 🤔
hau_train_track_a_02018,Ɗan wahalan gwamna kenan😓,1,0,0,0,0,0,hau,ɗan wahalan gwamna kenan😓
hau_train_track_a_02019,Yaro yayi zawo yana dagula shi da hannu yana sawa a baki,0,1,0,0,0,0,hau,yaro yayi zawo yana dagula shi da hannu yana sawa a baki
hau_train_track_a_02020,Ohh🙄 dama duk wan nan bala'in da aka shiga har akwai wata seda giya da ta ragewa mutane. Tab di jam.,0,0,0,0,0,1,hau,ohh🙄 dama duk wan nan balain da aka shiga har akwai wata seda giya da ta ragewa mutane tab di jam
hau_train_track_a_02021,"Bayan ya yiwa saurayin kanwarsa dukan tsiya, saurayin ya siyo mata sabuwar mota mai tsadar gaske a matsayin godiya",0,0,0,0,0,1,hau,bayan ya yiwa saurayin kanwarsa dukan tsiya saurayin ya siyo mata sabuwar mota mai tsadar gaske a matsayin godiya
hau_train_track_a_02022,Muda ba mayu ba 😂😂😂,0,0,0,0,0,0,hau,muda ba mayu ba 😂😂😂
hau_train_track_a_02023,Kannywood: Rahama Sadau ta yi murnar samun yawan mabiya miliyan 1 a Instagram,0,0,0,1,0,0,hau,kannywood rahama sadau ta yi murnar samun yawan mabiya miliyan 1 a instagram
hau_train_track_a_02024,amman basu tsiya ceba ko,0,0,0,0,0,1,hau,amman basu tsiya ceba ko
hau_train_track_a_02025,Ni wai yan katsina dama haka suke Akwai kofar kwaya 😄😂,0,0,0,0,0,1,hau,ni wai yan katsina dama haka suke akwai kofar kwaya 😄😂
hau_train_track_a_02026,"Jihohi 35 da aka samu bullar cutar korona yayin da adadin masu cutar ya kai 7, 016 a Najeriya",0,0,1,0,0,0,hau,jihohi 35 da aka samu bullar cutar korona yayin da adadin masu cutar ya kai 7 016 a najeriya
hau_train_track_a_02027,"Innalillahi wainailaihirajiun,Ya Allah ka kawo Mana daukih😢😭",0,0,1,0,1,0,hau,innalillahi wainailaihirajiunya allah ka kawo mana daukih😢😭
hau_train_track_a_02028,annabi abubakar kuma,0,0,0,0,0,1,hau,annabi abubakar kuma
hau_train_track_a_02029,Ayyuka da alfarmar Fira Ministan Birtaniya,0,0,0,0,0,0,hau,ayyuka da alfarmar fira ministan birtaniya
hau_train_track_a_02030,"Allah ya yiwa mahaifin Sheikh Albany Zaria, Malam Adamu, rasuwa",0,0,0,0,1,0,hau,allah ya yiwa mahaifin sheikh albany zaria malam adamu rasuwa
hau_train_track_a_02031,I talk am wolleh. Allah dai ya isan mana bamu yafe ba wuta bal bal 🔥 🔥,1,0,0,0,0,0,hau,i talk am wolleh allah dai ya isan mana bamu yafe ba wuta bal bal 🔥 🔥
hau_train_track_a_02032,"Kiwon lafiya: Rundunar sojin sama ta kai daukin gaggawa ga al'umar Zangeru, jihar Niger",0,0,1,1,0,0,hau,kiwon lafiya rundunar sojin sama ta kai daukin gaggawa ga alumar zangeru jihar niger
hau_train_track_a_02033,Gwamnan Kano ya raba wa alhazan Jihar miliyan 65 na ‘Barka da Sallah’,0,0,0,1,0,0,hau,gwamnan kano ya raba wa alhazan jihar miliyan 65 na ‘barka da sallah’
hau_train_track_a_02034,Allah sarki Allah ya biya kah damuna dah irnka ah Nigeria dah mun huta wasu sai su kashe billions of naira akan ya yan su ✊,0,0,0,1,1,0,hau,allah sarki allah ya biya kah damuna dah irnka ah nigeria dah mun huta wasu sai su kashe billions of naira akan ya yan su ✊
hau_train_track_a_02035,"Allah yasawake amin yanzuo da,mutane ake kasuonwace Allah yataimaka☝☝☝💪😂",0,0,0,0,1,0,hau,allah yasawake amin yanzuo damutane ake kasuonwace allah yataimaka☝☝☝💪😂
hau_train_track_a_02036,"Sojoji sun kashe 'yan bindiga 78, sun kwato bindigu masu yawa a Zamfara",0,0,0,1,0,0,hau,sojoji sun kashe yan bindiga 78 sun kwato bindigu masu yawa a zamfara
hau_train_track_a_02037,oga alamari yana dadi fa allah ya bamu saa boss,0,0,0,1,0,0,hau,oga alamari yana dadi fa allah ya bamu saa boss
hau_train_track_a_02038,An kama wani kato da ya boye 'yan mata 4 yana lalata da su a Arewa,0,1,0,0,0,0,hau,an kama wani kato da ya boye yan mata 4 yana lalata da su a arewa
hau_train_track_a_02039,allah ya rabamu da ciwon hassada ameen on dibai,0,0,0,0,0,0,hau,allah ya rabamu da ciwon hassada ameen on dibai
hau_train_track_a_02040,😭 What an honour! Ya Allah Ka sanya ina da rabon ziyartar Manzon Allah (SAW),0,0,0,1,0,1,hau,😭 what an honour ya allah ka sanya ina da rabon ziyartar manzon allah saw
hau_train_track_a_02041,Ku roki Allah ya yi min zabi mafi alkhairi - Dalibar Dapchi ta aiko wa mahafiyar ta da wasiyya,0,0,0,0,1,0,hau,ku roki allah ya yi min zabi mafi alkhairi dalibar dapchi ta aiko wa mahafiyar ta da wasiyya
hau_train_track_a_02042,Gaskiya jiya naji dadi da naga damuwa a fuskan mugunnan 😁😁🙄🙄,0,0,0,1,0,0,hau,gaskiya jiya naji dadi da naga damuwa a fuskan mugunnan 😁😁🙄🙄
hau_train_track_a_02043,Allah Ya Yi Wa Mataimakin Shugaban Ƙaramar Hukuma Rasuwa a Kano,0,0,0,0,1,0,hau,allah ya yi wa mataimakin shugaban ƙaramar hukuma rasuwa a kano
hau_train_track_a_02044,"Matashi Ya Rabu Da Budurwarsa Bayan Ta Yi Masa Girki Da Lalataccen Tumatir, Hirarsu Ta Yadu",0,0,0,0,0,1,hau,matashi ya rabu da budurwarsa bayan ta yi masa girki da lalataccen tumatir hirarsu ta yadu
hau_train_track_a_02045,Wayyyo😲😲Allah Dan Allah kufada mana a wani qasar Kuma wace jahar sbd tsaro Don wlh Kar yawon sallah yakai mutum wajen😩😩😩,0,0,1,0,0,0,hau,wayyyo😲😲allah dan allah kufada mana a wani qasar kuma wace jahar sbd tsaro don wlh kar yawon sallah yakai mutum wajen😩😩😩
hau_train_track_a_02046,"Yadda aka je har gida, aka maƙure babban ‘Dan Sanata Na Allah inji Gwamnatin Kaduna",0,0,0,0,1,0,hau,yadda aka je har gida aka maƙure babban ‘dan sanata na allah inji gwamnatin kaduna
hau_train_track_a_02047,Da tsiya sai sun kashe mu 😭😭,0,0,1,0,1,0,hau,da tsiya sai sun kashe mu 😭😭
hau_train_track_a_02048,Tir da wannan lamarin gsky jamaa aji tsoran Allah wllh duniya alamun kashen ta sun fara bayya na ra ayil ai Allah kasa mu dace amen 😭,0,1,1,0,1,0,hau,tir da wannan lamarin gsky jamaa aji tsoran allah wllh duniya alamun kashen ta sun fara bayya na ra ayil ai allah kasa mu dace amen 😭
hau_train_track_a_02049,innalillahi wainna ilaihi rajiun kaii sai kace shirin fim kullum satar mutane kamar satar kiyashi allah kayi mana maganin wannan masifa,0,0,1,0,1,0,hau,innalillahi wainna ilaihi rajiun kaii sai kace shirin fim kullum satar mutane kamar satar kiyashi allah kayi mana maganin wannan masifa
hau_train_track_a_02050,wlh nima abun yana kullen kai na rasa inda ya samo wan nan farin jinin haka,0,0,0,0,0,1,hau,wlh nima abun yana kullen kai na rasa inda ya samo wan nan farin jinin haka
hau_train_track_a_02051,Wahala Tallar icce😂,0,0,0,0,0,0,hau,wahala tallar icce😂
hau_train_track_a_02052,"Hotunan tsuleliyar budurwa da ta zama likita sun gigita samari, suna mika kokon bararsu",0,0,0,0,0,1,hau,hotunan tsuleliyar budurwa da ta zama likita sun gigita samari suna mika kokon bararsu
hau_train_track_a_02053,amma dai ke almajira ce yar jagaliya😙,1,0,0,0,0,0,hau,amma dai ke almajira ce yar jagaliya😙
hau_train_track_a_02054,Yar Aljannah: Kofa a bude take ga kishiya - Martanin amaryar Adam A Zango ga wata budurwa da ta bayyana tana son mijinta,0,0,0,0,0,0,hau,yar aljannah kofa a bude take ga kishiya martanin amaryar adam a zango ga wata budurwa da ta bayyana tana son mijinta
hau_train_track_a_02055,Da taimakon David Mark aka nada ni Ministan Abuja a 2010 inji Bala Mohammed,0,0,0,1,0,0,hau,da taimakon david mark aka nada ni ministan abuja a 2010 inji bala mohammed
hau_train_track_a_02056,Wari yana fita daga tudun tufafin ƙazantar mutumin.,0,1,0,0,0,0,hau,wari yana fita daga tudun tufafin ƙazantar mutumin
hau_train_track_a_02057,Gaskiya dai yin hakan akwai zalinci sosai 😏,1,0,0,0,1,0,hau,gaskiya dai yin hakan akwai zalinci sosai 😏
hau_train_track_a_02058,allah ya isa barayin banza,1,0,0,0,0,0,hau,allah ya isa barayin banza
hau_train_track_a_02059,Toh qaramar Barauniya😂,1,0,0,0,0,0,hau,toh qaramar barauniya😂
hau_train_track_a_02060,gaskiya ana tsiya a twitter,0,0,0,0,0,0,hau,gaskiya ana tsiya a twitter
hau_train_track_a_02061,tir da wannan goyon baya kuwa,0,1,0,0,0,0,hau,tir da wannan goyon baya kuwa
hau_train_track_a_02062,"Bayan soyewa na shekaru 8 babu niyyar aure, budurwa ta maka saurayi a kotu",0,0,0,0,0,1,hau,bayan soyewa na shekaru 8 babu niyyar aure budurwa ta maka saurayi a kotu
hau_train_track_a_02063,ya allah ya stari musulinchi da musulmi,0,0,1,0,0,0,hau,ya allah ya stari musulinchi da musulmi
hau_train_track_a_02064,Alherin danko ne: Hadisai 9 daga Sheikh Aminu Ibrahim Daurawa Kano,0,0,0,1,0,0,hau,alherin danko ne hadisai 9 daga sheikh aminu ibrahim daurawa kano
hau_train_track_a_02065,Aure ya yi albarka: Hotunan magidancin da ya auri mata 2 a rana guda yayin da suke murnar cika shekara 1,0,0,0,1,0,0,hau,aure ya yi albarka hotunan magidancin da ya auri mata 2 a rana guda yayin da suke murnar cika shekara 1
hau_train_track_a_02066,yo mukuma ya zaayi damu,0,0,0,0,0,1,hau,yo mukuma ya zaayi damu
hau_train_track_a_02067,Wani shu'umin matsafi da ya kashe 'yan sanda biyu ya gamu da fushin sojojin Najeriya,1,0,0,1,0,0,hau,wani shuumin matsafi da ya kashe yan sanda biyu ya gamu da fushin sojojin najeriya
hau_train_track_a_02068,allahuakbar kullin nafsin zaikatul mauti allah yakawo mana karshen wanna annobar,0,0,1,0,1,0,hau,allahuakbar kullin nafsin zaikatul mauti allah yakawo mana karshen wanna annobar
hau_train_track_a_02069,Toh ai iyayannaki mah basusan darajan musulinchi ba tun da sukabar ki kinayin halin kafurchi ai bakiyi dana saneba tukun nama😡😡😡,1,0,0,0,0,0,hau,toh ai iyayannaki mah basusan darajan musulinchi ba tun da sukabar ki kinayin halin kafurchi ai bakiyi dana saneba tukun nama😡😡😡
hau_train_track_a_02070,Manjo Hamza Al-Mustapha: Ina gaje Buhari zan tare a dajin Sambisa saboda dalilai,0,0,0,0,0,0,hau,manjo hamza almustapha ina gaje buhari zan tare a dajin sambisa saboda dalilai
hau_train_track_a_02071,"Ya Allah duk wanda yA zaluncemu duk karfinsa da mulkinsa Ya Allah kada ka barshi Yaji dadin duniya,ka saka mana mu mutanen kano da irin zaluncin da akai mana Ya zuljalalu wal ikhram 🙏🏽😭",0,0,0,0,1,0,hau,ya allah duk wanda ya zaluncemu duk karfinsa da mulkinsa ya allah kada ka barshi yaji dadin duniyaka saka mana mu mutanen kano da irin zaluncin da akai mana ya zuljalalu wal ikhram 🙏🏽😭
hau_train_track_a_02072,Tirr! Da wannan canji na qarshe da Arteta yai 😔,1,0,0,0,0,0,hau,tirr da wannan canji na qarshe da arteta yai 😔
hau_train_track_a_02073,"Malam aminu Saira mu Munyi predicting abinda ze faru nan gaba aiii,dama kowa yasan Mahmoud Dan Shege neh Toh cewa Zakuyi baban Laila shine babanshi Kaga Mahmoud zeiyi 2-0 babu Sumayya babu Laila 😂 😂 😂 my prediction is soo accurate. isn't it?",0,0,0,0,0,0,hau,malam aminu saira mu munyi predicting abinda ze faru nan gaba aiiidama kowa yasan mahmoud dan shege neh toh cewa zakuyi baban laila shine babanshi kaga mahmoud zeiyi 20 babu sumayya babu laila 😂 😂 😂 my prediction is soo accurate isnt it
hau_train_track_a_02074,Allah ya yi wa mahaifiyar Gwamna Fintiri rasuwa,0,0,0,0,1,0,hau,allah ya yi wa mahaifiyar gwamna fintiri rasuwa
hau_train_track_a_02075,hegiya bazata iya amsa ko daya ba,1,0,0,0,0,0,hau,hegiya bazata iya amsa ko daya ba
hau_train_track_a_02076,Yaran ya watsa kwata cikin ruwan zobo,0,1,0,0,0,0,hau,yaran ya watsa kwata cikin ruwan zobo
hau_train_track_a_02077,"Allah ka kawo Mana karshen wanan jarrabawan🙏 ka karemu daga sharrin wadan Nan mugayen mutanen nan. Allah ka bayyana Wanda suka kama, Kuma ka tona musu asiri duniya da lahira. Ameeeeeeen",0,0,1,0,1,0,hau,allah ka kawo mana karshen wanan jarrabawan🙏 ka karemu daga sharrin wadan nan mugayen mutanen nan allah ka bayyana wanda suka kama kuma ka tona musu asiri duniya da lahira ameeeeeeen
hau_train_track_a_02078,Dalalinmu na tursasa dokokin gudanar da kamfanonin waya – NCC,0,0,0,0,0,0,hau,dalalinmu na tursasa dokokin gudanar da kamfanonin waya – ncc
hau_train_track_a_02079,COVID-19: Jerin kayan tallafin da FG ta tura jihar Kano bayan ta yi alkawari,0,0,0,1,0,0,hau,covid19 jerin kayan tallafin da fg ta tura jihar kano bayan ta yi alkawari
hau_train_track_a_02080,Ciwon da yarinyar taji ya ɓata mata kayanta da jini,0,1,0,0,0,0,hau,ciwon da yarinyar taji ya ɓata mata kayanta da jini
hau_train_track_a_02081,Zaben 2019: Baba kar a yi SAK!,0,0,0,0,0,0,hau,zaben 2019 baba kar a yi sak
hau_train_track_a_02082,kutumar uwarsu shegu kawaii time in da ake ta kashe mutane a arewachin nigeria wani banza ne yayi uppan ‍️ harda kaima ahmad musa,1,0,0,0,0,0,hau,kutumar uwarsu shegu kawaii time in da ake ta kashe mutane a arewachin nigeria wani banza ne yayi uppan ‍️ harda kaima ahmad musa
hau_train_track_a_02083,Ai shiyasa naga shi kansa dan rainin wayon yana zama a qasar tasa ana dubashi. May be fa a Jordan din dayace yayi wannan kalaman tunda yasaba qanqantar damu a idon duniya😣😣,1,0,0,0,0,0,hau,ai shiyasa naga shi kansa dan rainin wayon yana zama a qasar tasa ana dubashi may be fa a jordan din dayace yayi wannan kalaman tunda yasaba qanqantar damu a idon duniya😣😣
hau_train_track_a_02084,Duk budurwar da ta rasa mijin aure ta zo zan samo mata - Mustapha Soron Dinki,0,0,0,0,0,0,hau,duk budurwar da ta rasa mijin aure ta zo zan samo mata mustapha soron dinki
hau_train_track_a_02085,‘Yar biloniya Mairama Indimi ta auri mai gidanta a kasar Faransa,0,0,0,1,0,0,hau,‘yar biloniya mairama indimi ta auri mai gidanta a kasar faransa
hau_train_track_a_02086,"Matsalana daku Kuna da gulma wlh, Ina ruwanku ba jikinsa bane ya Kona Mana 😂",1,0,0,0,0,0,hau,matsalana daku kuna da gulma wlh ina ruwanku ba jikinsa bane ya kona mana 😂
hau_train_track_a_02087,Allahu Akbar: Wata Kirista kenan da ta Musulunta ta kuma Musuluntar da danginta gaba daya da kuma abokanan ta sama da 30,0,0,0,1,0,0,hau,allahu akbar wata kirista kenan da ta musulunta ta kuma musuluntar da danginta gaba daya da kuma abokanan ta sama da 30
hau_train_track_a_02088,"Kashi 70% na yan makarantun firamare a Najeriya basu fahimtar komai, UNICEF",0,0,0,0,1,0,hau,kashi 70 na yan makarantun firamare a najeriya basu fahimtar komai unicef
hau_train_track_a_02089,Insha Allah hasashen su na qarya ne.✌,0,0,0,0,1,0,hau,insha allah hasashen su na qarya ne✌
hau_train_track_a_02090,Wasu Fusatattun Ɗalibai Sun Yi Fata-Fata da Cibiyar Zana Jarabawar JAMB CBT,1,0,0,0,0,0,hau,wasu fusatattun ɗalibai sun yi fatafata da cibiyar zana jarabawar jamb cbt
hau_train_track_a_02091,"Coci ya ruguje kan masu bauta ana cikin ibada a Taraba, ya hallaka mutane biyu",0,0,0,0,1,0,hau,coci ya ruguje kan masu bauta ana cikin ibada a taraba ya hallaka mutane biyu
hau_train_track_a_02092,Allah ya yi wa hadimin Aisha Buhari rasuwa,0,0,0,0,1,0,hau,allah ya yi wa hadimin aisha buhari rasuwa
hau_train_track_a_02093,Kodae axumin ne?😂😂,0,0,0,0,0,0,hau,kodae axumin ne😂😂
hau_train_track_a_02094,Tsutsosi suna cin rubabben nama.,0,1,0,0,0,0,hau,tsutsosi suna cin rubabben nama
hau_train_track_a_02095,"Aiki na Kyau: Dalilin Shugaban kasa Tinubu Na Ware Abba, Ya Jinjina Masa Cikin Gwamnoni",0,0,0,1,0,0,hau,aiki na kyau dalilin shugaban kasa tinubu na ware abba ya jinjina masa cikin gwamnoni
hau_train_track_a_02096,Shugaba Buhari ya tura da saƙon taya murna da shugaban APC na ƙasa,0,0,0,1,0,0,hau,shugaba buhari ya tura da saƙon taya murna da shugaban apc na ƙasa
hau_train_track_a_02097,wlh wnn batun ganin wata a nigeria yana bani mamaki wlh ‍️ace almst every year mu wlh ana zaluntarmu idan kuwa angani a niger why not ayi sallah ‍️koh niger ba time zone dinmu daya ba amma sabida lalaci d son nuna a bayan saudiyya muke don a turo kudin ace araba su cinye,1,0,0,0,1,1,hau,wlh wnn batun ganin wata a nigeria yana bani mamaki wlh ‍️ace almst every year mu wlh ana zaluntarmu idan kuwa angani a niger why not ayi sallah ‍️koh niger ba time zone dinmu daya ba amma sabida lalaci d son nuna a bayan saudiyya muke don a turo kudin ace araba su cinye
hau_train_track_a_02098,Massadah sai dai ku mutu Ramatun mu tayi gaba tabarku da gaba.🤣,1,0,0,1,0,0,hau,massadah sai dai ku mutu ramatun mu tayi gaba tabarku da gaba🤣
hau_train_track_a_02099,Innalillahi wa’inna ilaihi raji’un. Allah ya kawo muna saukin wannan masifa 🙏😭,0,0,1,0,1,0,hau,innalillahi wa’inna ilaihi raji’un allah ya kawo muna saukin wannan masifa 🙏😭
hau_train_track_a_02100,Kun bamu kunya gaskiya 💔😂,0,0,0,0,1,0,hau,kun bamu kunya gaskiya 💔😂
hau_train_track_a_02101,Ta kwantowa Gwamnatin Ruwa!😅,0,0,0,0,0,0,hau,ta kwantowa gwamnatin ruwa😅
hau_train_track_a_02102,imagine none muslim is doing muslims job where our masu kudi ina su aminu dogo suke sede kwarewa wajen toshe wa talakawa hanyar cin abinci,1,1,0,0,1,0,hau,imagine none muslim is doing muslims job where our masu kudi ina su aminu dogo suke sede kwarewa wajen toshe wa talakawa hanyar cin abinci
hau_train_track_a_02103,"Wai dama haryanxu ba,a gama tallan ba ?🤗",0,0,0,0,0,1,hau,wai dama haryanxu baa gama tallan ba 🤗
hau_train_track_a_02104,Labaran Kannywood: Lilin Baba Yana Daf Da Auren Ummi Rahab,0,0,0,1,0,0,hau,labaran kannywood lilin baba yana daf da auren ummi rahab
hau_train_track_a_02105,"Kun zabeni, kun karrama ni - Biden ya daukar wa Amurkawa muhimmin alkawari",0,0,0,1,0,0,hau,kun zabeni kun karrama ni biden ya daukar wa amurkawa muhimmin alkawari
hau_train_track_a_02106,amma renawa alumma wallahi abun haushi da takaici acikin kasanan ya ishi talaka mutane wai ku sai doledole kun kai kanku ga wuta haba jamaa,1,0,0,0,0,0,hau,amma renawa alumma wallahi abun haushi da takaici acikin kasanan ya ishi talaka mutane wai ku sai doledole kun kai kanku ga wuta haba jamaa
hau_train_track_a_02107,Wuta 🔥 muka shaa Dai,0,0,0,0,0,0,hau,wuta 🔥 muka shaa dai
hau_train_track_a_02108,Ya kamata gwamnati ta tallafa wa bangaren kiwon kaji – Mista Etah,0,0,0,0,0,0,hau,ya kamata gwamnati ta tallafa wa bangaren kiwon kaji – mista etah
hau_train_track_a_02109,Ya tofa masa kaki a hannu a cikin kasuwa,0,1,0,0,0,0,hau,ya tofa masa kaki a hannu a cikin kasuwa
hau_train_track_a_02110,"Abin da gwamnatin mu take yi don tabbatar da zaman lafiya ya dawo Zamfara cikin ƙanƙanin lokaci, Buhari",0,0,0,1,0,0,hau,abin da gwamnatin mu take yi don tabbatar da zaman lafiya ya dawo zamfara cikin ƙanƙanin lokaci buhari
hau_train_track_a_02111,Lokacin dana zo kai Danuwa asibitin sa yayi amai akan kayana,0,1,0,0,0,0,hau,lokacin dana zo kai danuwa asibitin sa yayi amai akan kayana
hau_train_track_a_02112,"Da Ɗuminsa: Wasu Yan Bindiga Sun Sake Kai Hari Kaduna, Sun Hallaka Aƙalla Mutum 9",0,0,1,0,1,0,hau,da ɗuminsa wasu yan bindiga sun sake kai hari kaduna sun hallaka aƙalla mutum 9
hau_train_track_a_02113,Fusatattun matasa sun banka wa hedikwatar PDP wuta,1,0,0,0,1,0,hau,fusatattun matasa sun banka wa hedikwatar pdp wuta
hau_train_track_a_02114,Dattijo na tauna alawa hakoran sa da tsutsa,0,1,0,0,0,0,hau,dattijo na tauna alawa hakoran sa da tsutsa
hau_train_track_a_02115,Kefah da alama idan aka biye muki na data ma seyayiwa mutun wahala 😂😂nide nagaji da kallon matin ZAZZAU bazan qara kallaba seya shiga gombe 😅😅,0,0,0,0,0,0,hau,kefah da alama idan aka biye muki na data ma seyayiwa mutun wahala 😂😂nide nagaji da kallon matin zazzau bazan qara kallaba seya shiga gombe 😅😅
hau_train_track_a_02116,Ki shekara 2500 aunty 💕,0,0,0,0,0,0,hau,ki shekara 2500 aunty 💕
hau_train_track_a_02117,Yanzu-yanzu: Yan Boko Haram sun yiwa Soja da dan sanda kisan wulakanci a sabon faifan bidiyo,1,1,0,0,1,0,hau,yanzuyanzu yan boko haram sun yiwa soja da dan sanda kisan wulakanci a sabon faifan bidiyo
hau_train_track_a_02118,dan uwarki wane zai sa sai ki canza mai ko tin da kece mr president in wawaiya kawai baki ki shin ka sarki dabba dake mtww,1,1,0,0,0,0,hau,dan uwarki wane zai sa sai ki canza mai ko tin da kece mr president in wawaiya kawai baki ki shin ka sarki dabba dake mtww
hau_train_track_a_02119,"Cikin Hotuna: Daliba ta kammala jami'a da sakamako mai kyau, ta ci lambobin yabo da dama",0,0,0,1,0,0,hau,cikin hotuna daliba ta kammala jamia da sakamako mai kyau ta ci lambobin yabo da dama
hau_train_track_a_02120,Innalillahi wa’inna illaihi raji’un: Allah ya yiwa mahaifiyar Dadiyata rasuwa,0,0,0,0,1,0,hau,innalillahi wa’inna illaihi raji’un allah ya yiwa mahaifiyar dadiyata rasuwa
hau_train_track_a_02121,allah ya karemu daga wannan cotar ta corona virus,0,0,1,0,0,0,hau,allah ya karemu daga wannan cotar ta corona virus
hau_train_track_a_02122,A saki masu result wannan ai buwa uba ce 🤷‍♂️,1,0,0,0,0,0,hau,a saki masu result wannan ai buwa uba ce 🤷‍♂️
hau_train_track_a_02123,na tapa kashin kyankaso lockacin da nake duba litafi a cikin drawer,0,1,0,0,0,0,hau,na tapa kashin kyankaso lockacin da nake duba litafi a cikin drawer
hau_train_track_a_02124,"Kutmelesi yanzu wadan nan wai mata neh 😾😂...Kuma Wai suna da wadanda suke san su,koh dayake na money be fine bobo🤣",0,0,0,0,0,1,hau,kutmelesi yanzu wadan nan wai mata neh 😾😂kuma wai suna da wadanda suke san sukoh dayake na money be fine bobo🤣
hau_train_track_a_02125,Da duminsa: Fusatattun matasa sun kwace jirgin saman 'yan sanda,1,0,0,0,0,0,hau,da duminsa fusatattun matasa sun kwace jirgin saman yan sanda
hau_train_track_a_02126,"😭😭ubangiji Allah duk mai hannu a cikin wannan aika aika kasanshi kuma ba qarfinka yafi ba Allah ka hanamasa jin dadi duniya da lahira,Allah qa tozarta rayuwarshi tun kafin ya bar duniya",1,0,0,0,1,0,hau,😭😭ubangiji allah duk mai hannu a cikin wannan aika aika kasanshi kuma ba qarfinka yafi ba allah ka hanamasa jin dadi duniya da lahiraallah qa tozarta rayuwarshi tun kafin ya bar duniya
hau_train_track_a_02127,Gardin Malamin da ya jawo aka datse hannayen almajirin sa ya gamu da fushin kuliya,1,0,0,0,0,0,hau,gardin malamin da ya jawo aka datse hannayen almajirin sa ya gamu da fushin kuliya
hau_train_track_a_02128,Saurayi ya kashe ya budurwarsa bayan ta raina kwazonsa a gado,1,1,0,0,0,0,hau,saurayi ya kashe ya budurwarsa bayan ta raina kwazonsa a gado
hau_train_track_a_02129,Birtaniya ta kara kudin bizar dalibai da masu yawon bude ido,0,0,0,0,0,0,hau,birtaniya ta kara kudin bizar dalibai da masu yawon bude ido
hau_train_track_a_02130,"Dama ai su obasanjo ai sune masu zanga zangar😒,#munsankomai",1,0,0,0,0,0,hau,dama ai su obasanjo ai sune masu zanga zangar😒munsankomai
hau_train_track_a_02131,Mufti Menk ya taya Argentina murnar lashe Kofin Duniya,0,0,0,1,0,0,hau,mufti menk ya taya argentina murnar lashe kofin duniya
hau_train_track_a_02132,"ALLAH ya gafarta wa Baban mu Ali Kwara Amin, kasa aljannah makomah. Baushe an kwanta dama ALLAH kasa can tafi nan Amin 🤲🤲🤲",0,0,0,0,1,0,hau,allah ya gafarta wa baban mu ali kwara amin kasa aljannah makomah baushe an kwanta dama allah kasa can tafi nan amin 🤲🤲🤲
hau_train_track_a_02133,Yar aljanna: Matar aure ta kwarara wa mijinta addu'o'i bayan ya yi wuf da dalleliyar amarya,0,0,0,1,0,0,hau,yar aljanna matar aure ta kwarara wa mijinta adduoi bayan ya yi wuf da dalleliyar amarya
hau_train_track_a_02134,"Allah kasa zuwan su shine sanadiyyar kawo karshen COVID-19 a Najeriya, idan ma sharri suka zo dashi yã Allah ka mayar dashi Alkhairi 🤲🤲🤲🤲🤲🤲🤲🤲🤲😢😢😢",0,0,1,0,1,0,hau,allah kasa zuwan su shine sanadiyyar kawo karshen covid19 a najeriya idan ma sharri suka zo dashi yã allah ka mayar dashi alkhairi 🤲🤲🤲🤲🤲🤲🤲🤲🤲😢😢😢
hau_train_track_a_02135,Shugaba Buhari ya taya Anthony Joshua murnar lashe wasan dambe da yayi a kan Pulev,0,0,0,1,0,0,hau,shugaba buhari ya taya anthony joshua murnar lashe wasan dambe da yayi a kan pulev
hau_train_track_a_02136,Ruwan da ka sha da gansakuka ciki,0,1,0,0,0,0,hau,ruwan da ka sha da gansakuka ciki
hau_train_track_a_02137,abin da mamaki a ce yan ta adda sun ga gari government a nigeria kullum abin kara gaba yake tunnuna sa ran za sanu sauki da sassauci har mun fara cire rai allah ka yi mana maganin wanan masifa ya tona asirin duk wani mai hannu çıkın kashe bayin sa,1,0,0,0,1,1,hau,abin da mamaki a ce yan ta adda sun ga gari government a nigeria kullum abin kara gaba yake tunnuna sa ran za sanu sauki da sassauci har mun fara cire rai allah ka yi mana maganin wanan masifa ya tona asirin duk wani mai hannu çıkın kashe bayin sa
hau_train_track_a_02138,Labarin wata mata da tsutsotsi ke fita daga jikin ta kullum a Najeriya,0,1,0,0,0,0,hau,labarin wata mata da tsutsotsi ke fita daga jikin ta kullum a najeriya
hau_train_track_a_02139,Bikin murnar cika shekara 50 da fara zuwa duniyar wata (6),0,0,0,1,0,0,hau,bikin murnar cika shekara 50 da fara zuwa duniyar wata 6
hau_train_track_a_02140,Harin Mauludi: Tinubu ya ba da umarni a yi cikakken bincike,0,0,0,0,1,0,hau,harin mauludi tinubu ya ba da umarni a yi cikakken bincike
hau_train_track_a_02141,Bayaraben da ya ce ya yi gudun hijra don boko haram😂😂😂😂😂..,0,0,0,0,0,0,hau,bayaraben da ya ce ya yi gudun hijra don boko haram😂😂😂😂😂
hau_train_track_a_02142,Ana yaudarar mutanen da wannan zancen dama😶,1,0,0,0,1,0,hau,ana yaudarar mutanen da wannan zancen dama😶
hau_train_track_a_02143,Lolz Baku hango wani rikici ba 😂😂 Ga lukman ga sumayya ga hajiya Daso😅ga Kuma Yar kasan waje toh Wai kallo y koma sama🙄,0,0,0,0,0,0,hau,lolz baku hango wani rikici ba 😂😂 ga lukman ga sumayya ga hajiya daso😅ga kuma yar kasan waje toh wai kallo y koma sama🙄
hau_train_track_a_02144,Toh fah: An kashe mutum 9 yayinda jihar Kaduna ta sake daukan zafi,0,0,0,0,1,0,hau,toh fah an kashe mutum 9 yayinda jihar kaduna ta sake daukan zafi
hau_train_track_a_02145,"So Gamon Jini: Daga Yanke Mata Farce, Kyakkyawar Budurwa Ta Fada Soyayya da Mai Yankan Kumba",0,0,0,1,0,1,hau,so gamon jini daga yanke mata farce kyakkyawar budurwa ta fada soyayya da mai yankan kumba
